,Company(1),Business Description,Investment,Interest(5)(11),,Amortized  Cost,Fair Value
0,"CIC Flex, LP(9)",Investment partnership,Limited partnership units (0.94 units),0,9/7/2007,867,2851
1,"Covestia Capital Partners, LP(9)",Investment partnership,Limited partnership interest (47.00% interest),0,6/17/2008,826,1177
2,"Dynamic India Fund IV, LLC(9)",Investment company,Member interest (5.44% interest),0,4/1/2010,4822,3285
3,"HCI Equity, LLC(7)(8)(9)",Investment company,Member interest (100.00% interest),0,4/1/2010,112,334
4,"Imperial Capital Private Opportunities, LP(9)",Investment partnership,Limited partnership interest (80.00% interest),0,5/10/2007,3315,10231
5,"Partnership Capital Growth Fund I, L.P.(9)",Investment partnership,Limited partnership interest (25.00% interest),0,6/16/2006,1411,3939
6,"Partnership Capital Growth Investors III, L.P.(9)",Investment partnership,Limited partnership interest (2.50% interest),0,10/5/2011,2804,2588
7,"Piper Jaffray Merchant Banking Fund I, L.P.(9)",Investment partnership,Limited partnership interest (2.00% interest),0,8/16/2012,632,563
8,Senior Secured Loan Fund LLC(7)(10),Co-investment vehicle,"Subordinated certificates ($1,745,192 par due 12/2024)",8.24% (Libor + 8.00%/Q)(26),10/30/2009,1745192,1771369
9,Senior Secured Loan Fund LLC(7)(10),Co-investment vehicle,Membership interest (87.50% interest),0,10/30/2009,0,0
10,VSC Investors LLC(9),Investment company,Membership interest (1.95% interest),0,1/24/2008,745,1211
11,Alegeus Technologies Holdings Corp.,Benefits administration and transaction processing provider,"Preferred stock (2,997 shares)",0,12/13/2013,3087,3087
12,Alegeus Technologies Holdings Corp.,Benefits administration and transaction processing provider,Common stock (3 shares),0,12/13/2013,3,3
13,"ATI Phyiscal Therapy Holdings, LLC",Outpatient rehabilitation services provider,"Class C common stock (51,005 shares)",0,12/13/2013,53,53
14,"AxelaCare Holdings, Inc. and AxelaCare Investment Holdings, L.P.",Provider of home infusion services,"First lien senior secured loan ($4,458 par due 4/2019)",5.75% (Libor + 4.50%/Q),4/12/2013,4458,4458
15,"AxelaCare Holdings, Inc. and AxelaCare Investment Holdings, L.P.",Provider of home infusion services,"Preferred units (8,218,160 units)",0,4/12/2013,822,855
16,"AxelaCare Holdings, Inc. and AxelaCare Investment Holdings, L.P.",Provider of home infusion services,"Common units (83,010 units)",0,4/12/2013,8,9
17,"California Forensic Medical Group, Incorporated",Correctional facility healthcare operator,"First lien senior secured loan ($53,640 par due 11/2018)",9.25% (Libor + 8.00%/Q),11/16/2012,53640,53640
18,"CCS Group Holdings, LLC",Correctional facility healthcare operator,"Class A units (601,937 units)",0,8/19/2010,602,1546
19,"CT Technologies Intermediate Holdings, Inc. and CT Technologies Holdings LLC(6)",Healthcare analysis services provider,"Class A common stock (9,679 shares)",0,6/15/2007,2543,4014
20,"CT Technologies Intermediate Holdings, Inc. and CT Technologies Holdings LLC(6)",Healthcare analysis services provider,"Class C common stock (1,546 shares)",0,6/15/2007,0,641
21,"Dialysis Newco, Inc.",Dialysis provider,"First lien senior secured loan ($15,509 par due 8/2020)",5.25% (Libor + 4.25%/Q),8/16/2013,15509,15509
22,"Dialysis Newco, Inc.",Dialysis provider,"Second lien senior secured loan ($56,500 par due 2/2021)",9.75% (Libor + 8.50%/Q),8/16/2013,56500,56500
23,"Genocea Biosciences, Inc.",Vaccine discovery technology company,"First lien senior secured loan ($10,000 par due 4/2017)",8.00%,9/30/2013,9805,10000
24,"Genocea Biosciences, Inc.",Vaccine discovery technology company,"Warrant to purchase up to 689,655 shares of Series C convertible preferred stock",0,9/30/2013,0,0
25,"GI Advo Opco, LLC",Residential behavioral treatment services provider,"First lien senior secured loan ($15,005 par due 6/2017)",6.00% (Libor + 4.75%/Q),12/13/2013,15448,15455
26,"GI Advo Opco, LLC",Residential behavioral treatment services provider,First lien senior secured loan ($13 par due 6/2017),7.00% (Base Rate + 3.75%/Q),12/13/2013,13,13
27,"INC Research, Inc.",Pharmaceutical and biotechnology consulting services,"Common stock (1,410,000 shares)",0,9/27/2010,1512,1758
28,Intermedix Corporation,Revenue cycle management provider to the emergency healthcare industry,"Second lien senior secured loan ($112,000 par due 6/2019)",10.25% (Libor + 9.00%/Q),12/27/2012,112000,112000
29,"JHP Group Holdings, Inc.",Manufacturer of speciality pharmaceutical products,"Series A preferred stock (1,000,000 shares)",6.00% PIK,2/19/2013,272,2673
30,"LM Acquisition Holdings, LLC(8)",Developer and manufacturer of medical equipment,Class A units (426 units),0,9/27/2013,1000,1195
31,"Magnacare Holdings, Inc., Magnacare Administrative Services, LLC, and Magnacare, LLC",Healthcare professional provider,"First lien senior secured loan ($134,115 par due 3/2018)",9.00% (Libor + 8.00%/Q),9/15/2010,134721,135457
32,"Magnacare Holdings, Inc., Magnacare Administrative Services, LLC, and Magnacare, LLC",Healthcare professional provider,"First lien senior secured loan ($56,134 par due 3/2018)",9.00% (Libor + 8.00%/Q),9/15/2010,56134,56695
33,"Magnacare Holdings, Inc., Magnacare Administrative Services, LLC, and Magnacare, LLC",Healthcare professional provider,"First lien senior secured loan ($4,668 par due 3/2018)",9.00% (Libor + 8.00%/Q),3/16/2012,4668,4715
34,"Monte Nido Holdings, LLC",Outpatient eating disorder treatment provider,"First lien senior secured loan ($44,750 par due 12/2019)",7.75% (Libor + 6.75%/Q),12/20/2013,44750,44750
35,MW Dental Holding Corp.,Dental services provider,"First lien senior secured revolving loan ($4,500 par due 4/2017)",8.50% (Libor + 7.00%/M),4/12/2011,4500,4500
36,MW Dental Holding Corp.,Dental services provider,"First lien senior secured loan ($12,582 par due 4/2017)",8.50% (Libor + 7.00%/M),4/12/2011,12582,12582
37,MW Dental Holding Corp.,Dental services provider,"First lien senior secured loan ($12,460 par due 4/2017)",8.50% (Libor + 7.00%/M),4/12/2011,12460,12460
38,MW Dental Holding Corp.,Dental services provider,"First lien senior secured loan ($48,757 par due 4/2017)",8.50% (Libor + 7.00%/M),4/12/2011,48757,48757
39,MW Dental Holding Corp.,Dental services provider,"First lien senior secured loan ($9,800 par due 4/2017)",8.50% (Libor + 7.00%/M),4/12/2011,9800,9800
40,Napa Management Services Corporation,Anesthesia management services provider,"First lien senior secured loan ($23,496 par due 4/2018)",6.50% (Libor + 5.25%/Q),4/15/2011,23496,23496
41,Napa Management Services Corporation,Anesthesia management services provider,"First lien senior secured loan ($33,266 par due 4/2018)",6.50% (Libor + 5.25%/Q),4/15/2011,33203,33266
42,Napa Management Services Corporation,Anesthesia management services provider,"Common units (5,000 units)",0,4/15/2011,5000,8896
43,National Healing Corporation and National Healing Holding Corp.,Wound care service and equipment provider,"Second lien senior secured loan ($10,000 par due 2/2020)",9.25% (Libor + 8.00%/S),12/13/2013,10297,10301
44,National Healing Corporation and National Healing Holding Corp.,Wound care service and equipment provider,"Preferred stock (869,565 shares)",0,12/13/2013,1296,1296
45,"Netsmart Technologies, Inc. and NS Holdings, Inc.",Healthcare technology provider,"First lien senior secured loan ($2,833 par due 12/2017)",7.25% (Libor + 6.00%/Q),12/18/2012,2833,2833
46,"Netsmart Technologies, Inc. and NS Holdings, Inc.",Healthcare technology provider,"First lien senior secured loan ($36,259 par due 12/2017)",7.25% (Libor + 6.00%/Q),12/18/2012,36259,36259
47,"Netsmart Technologies, Inc. and NS Holdings, Inc.",Healthcare technology provider,"Common stock (2,500,000 shares)",0,6/21/2010,2500,2710
48,"New Trident Holdcorp, Inc.",Outsourced mobile diagnostic healthcare service provider,"Second lien senior secured loan ($80,000 par due 7/2020)",10.25% (Libor + 9.00%/Q),8/6/2013,78465,80000
49,"OmniSYS Acquisition Corporation, OmniSYS, LLC, and OSYS Holdings, LLC",Provider of technology-enabled solutions to pharmacies,"First lien senior secured loan ($21,000 par due 11/2018)",8.50% (Libor + 7.50%/Q),11/21/2013,21000,21000
50,"OmniSYS Acquisition Corporation, OmniSYS, LLC, and OSYS Holdings, LLC",Provider of technology-enabled solutions to pharmacies,Limited liability company membership interest (1.57% interest),0,11/21/2013,1000,1000
51,"PerfectServe, Inc.",Communications software platform provider for hospitals and physician practices,"First lien senior secured loan ($3,500 par due 4/2017)",10.00%,12/26/2013,3465,3500
52,"PerfectServe, Inc.",Communications software platform provider for hospitals and physician practices,"Warrants to purchase up to 34,113 units of Series C preferred stock",0,12/26/2013,0,50
53,"PG Mergersub, Inc. and PGA Holdings, Inc.","Provider of patient surveys, management reports and national databases for the integrated healthcare delivery system","Second lien senior secured loan ($2,368 par due 10/2018)",8.25% (Libor + 7.00%/Q),4/19/2012,2439,2376
54,"PG Mergersub, Inc. and PGA Holdings, Inc.","Provider of patient surveys, management reports and national databases for the integrated healthcare delivery system","Second lien senior secured loan ($21,316 par due 10/2018)",8.25% (Libor + 7.00%/Q),4/19/2012,21316,21380
55,"PG Mergersub, Inc. and PGA Holdings, Inc.","Provider of patient surveys, management reports and national databases for the integrated healthcare delivery system",Preferred stock (333 shares),0,3/12/2008,125,16
56,"PG Mergersub, Inc. and PGA Holdings, Inc.","Provider of patient surveys, management reports and national databases for the integrated healthcare delivery system","Common stock (16,667 shares)",0,3/12/2008,167,825
57,"Physiotherapy Associates Holdings, Inc.",Outpatient rehabilitation physical therapy provider,"Class A common stock (100,000 shares)",0,12/13/2013,3090,3090
58,"POS I Corp. (fka Vantage Oncology, Inc.)",Radiation oncology care provider,"Common stock (62,157 shares)",0,2/3/2011,4670,1375
59,"RCHP, Inc.",Operator of general acute care hospitals,"First lien senior secured loan ($14,887 par due 11/2018)",7.00% (Libor + 5.75%/Q),11/4/2011,14888,14664
60,"RCHP, Inc.",Operator of general acute care hospitals,"First lien senior secured loan ($60,518 par due 11/2018)",7.00% (Libor + 5.75%/Q),11/4/2011,60496,59611
61,"RCHP, Inc.",Operator of general acute care hospitals,"Second lien senior secured loan ($85,000 par due 5/2019)",11.50% (Libor + 10.00%/Q),11/4/2011,85000,85000
62,"Reed Group, Ltd.",Medical disability management services provider,Equity interests,0,4/1/2010,0,0
63,"Respicardia, Inc.",Developer of implantable therapies to improve cardiovascular health,"First lien senior secured loan ($3,800 par due 7/2015)",11.00%,6/28/2012,3787,3800
64,"Respicardia, Inc.",Developer of implantable therapies to improve cardiovascular health,"Warrants to purchase up to 99,094 shares of Series C preferred stock",0,6/26/2012,38,29
65,"Sage Products Holdings III, LLC",Patient infection control and preventive care solutions provider,"Second lien senior secured loan ($75,000 par due 6/2020)",9.25% (Libor + 8.00%/Q),12/13/2012,75000,75000
66,"Sorbent Therapeutics, Inc.",Orally-administered drug developer,"First lien senior secured loan ($6,500 par due 9/2016)",10.25%,4/23/2013,6500,6500
67,"Sorbent Therapeutics, Inc.",Orally-administered drug developer,"Warrant to purchase up to 727,272 shares of Series C preferred stock",0,4/23/2013,0,25
68,"Soteria Imaging Services, LLC(6)",Outpatient medical imaging provider,"Preferred member units (1,823,179 units)",0,4/1/2010,0,0
69,"SurgiQuest, Inc.",Medical device company,"First lien senior secured loan ($6,281 par due 10/2017)",10.00%,9/28/2012,6133,6281
70,"SurgiQuest, Inc.",Medical device company,"First lien senior secured loan ($2,000 par due 10/2017)",10.69%,9/28/2012,1953,2000
71,"SurgiQuest, Inc.",Medical device company,"Warrants to purchase up to 54,672 shares of Series D-4 convertible preferred stock",0,9/28/2012,0,0
72,"U.S. Anesthesia Partners, Inc.",Anesthesiology service provider,"First lien senior secured loan ($30,000 par due 12/2019)",6.00% (Libor + 5.00%/Q),12/31/2013,30000,30000
73,"Young Innovations, Inc.",Dental supplies and equipment manufacturer,"First lien senior secured loan ($9,697 par due 1/2019)",5.75% (Libor + 4.50%/Q),1/31/2013,9697,9697
74,"Young Innovations, Inc.",Dental supplies and equipment manufacturer,First lien senior secured loan ($32 par due 1/2019),6.75% (Base Rate + 3.50%/Q),1/31/2013,32,32
75,"Young Innovations, Inc.",Dental supplies and equipment manufacturer,"First lien senior secured loan ($13,304 par due 1/2019)",5.75% (Libor + 4.50%/Q),1/31/2013,13304,13304
76,"Young Innovations, Inc.",Dental supplies and equipment manufacturer,First lien senior secured loan ($44 par due 1/2019),6.75% (Base Rate + 3.50%/Q),1/31/2013,44,44
77,2329497 Ontario Inc.(8),Provider of outsourced data center infrastructure and related services,"Second lien senior secured loan ($42,333 par due 6/2019)",10.50% (Libor + 9.25%/M),12/13/2013,43551,43603
78,"Access CIG, LLC",Records and information management services provider,First lien senior secured loan ($992 par due 10/2017),7.00% (Libor + 5.75%/M),10/5/2012,992,992
79,"BluePay Processing, Inc.",Technology-enabled payment processing solutions provider,"First lien senior secured loan ($6,000 par due 8/2019)",5.00% (Libor + 4.00%/Q),8/30/2013,6000,6000
80,"Cast & Crew Payroll, LLC and Centerstage Co-Investors, L.L.C.(6)",Payroll and accounting services provider to the entertainment industry,"First lien senior secured loan ($18,107 par due 12/2017)",7.25% (Libor + 6.25%/Q),12/24/2012,18107,18107
81,"Cast & Crew Payroll, LLC and Centerstage Co-Investors, L.L.C.(6)",Payroll and accounting services provider to the entertainment industry,"First lien senior secured loan ($45,267 par due 12/2017)",7.25% (Libor + 6.25%/Q),12/24/2012,45267,45267
82,"Cast & Crew Payroll, LLC and Centerstage Co-Investors, L.L.C.(6)",Payroll and accounting services provider to the entertainment industry,"Class A membership units (2,500,000 units)",0,12/24/2012,2500,4021
83,"Cast & Crew Payroll, LLC and Centerstage Co-Investors, L.L.C.(6)",Payroll and accounting services provider to the entertainment industry,"Class B membership units (2,500,000 units)",0,12/24/2012,2500,4021
84,"CIBT Investment Holdings, LLC",Expedited travel document processing services,"Class A shares (2,500 shares)",0,12/15/2011,2500,3658
85,CitiPostal Inc.(7),Document storage and management services,"First lien senior secured revolving loan ($3,500 par due 12/2014)",6.50% (Libor + 4.50%/M),4/1/2010,3500,3500
86,CitiPostal Inc.(7),Document storage and management services,"First lien senior secured loan ($53,731 par due 12/2014)",0,4/1/2010,53731,41501
87,CitiPostal Inc.(7),Document storage and management services,"Senior subordinated loan ($20,193 par due 12/2015)",0,4/1/2010,13038,0
88,CitiPostal Inc.(7),Document storage and management services,"Common stock (37,024 shares)",0,4/1/2010,0,0
89,"Command Alkon, Inc.",Software solutions provider to the ready-mix concrete industry,"Second lien senior secured loan ($10,000 par due 3/2018)",8.75% (Libor + 7.50%/M),9/28/2012,10000,10000
90,"Command Alkon, Inc.",Software solutions provider to the ready-mix concrete industry,"Second lien senior secured loan ($34,000 par due 5/2019)",8.75% (Libor + 7.50%/Q),9/28/2012,34000,34000
91,"Coverall North America, Inc.",Commercial janitorial services provider,Letter of credit facility,0,1/17/2013,0,0
92,"eCommerce Industries, Inc.",Business critical enterprise resource planning software provider,"First lien senior secured loan ($19,936 par due 10/2016)",8.00% (Libor + 6.75%/Q),12/13/2013,19936,20217
93,"GHS Interactive Security, LLC and LG Security Holdings, LLC",Originates residential security alarm contracts,"First lien senior secured loan ($2,091 par due 5/2018)",7.50% (Libor + 6.00%/Q),12/13/2013,2153,2153
94,"GHS Interactive Security, LLC and LG Security Holdings, LLC",Originates residential security alarm contracts,"Class A membership units (1,560,000 units)",0,12/13/2013,1607,1607
95,"HCPro, Inc. and HCP Acquisition Holdings, LLC(7)",Healthcare compliance advisory services,"Senior subordinated loan ($9,004 par due 8/2014)",0,3/5/2013,2692,0
96,"HCPro, Inc. and HCP Acquisition Holdings, LLC(7)",Healthcare compliance advisory services,"Class A units (14,293,110 units)",0,6/26/2008,12793,0
97,IfByPhone Inc.,Voice-based marketing automation software provider,"First lien senior secured loan ($1,533 par due 11/2015)",11.00%,10/15/2012,1490,1533
98,IfByPhone Inc.,Voice-based marketing automation software provider,First lien senior secured loan ($833 par due 1/2016),11.00%,10/15/2012,833,833
99,IfByPhone Inc.,Voice-based marketing automation software provider,"Warrant to purchase up to 124,300 shares of Series C preferred stock",0,10/15/2012,88,64
100,"Investor Group Services, LLC(6)",Business consulting for private equity and corporate clients,Limited liability company membership interest (8.5% interest),0,6/22/2006,0,633
101,"IronPlanet, Inc.",Online auction platform provider for used heavy equipment,"First lien senior secured revolving loan ($5,000 par due 9/2015)",8.00%,9/24/2013,5000,5000
102,"IronPlanet, Inc.",Online auction platform provider for used heavy equipment,"First lien senior secured loan ($7,500 par due 7/2017)",9.25%,9/24/2013,7155,7275
103,"IronPlanet, Inc.",Online auction platform provider for used heavy equipment,"Warrant to purchase to up to 133,333 shares of Series C preferred stock",0,9/24/2013,214,246
104,"Itel Laboratories, Inc.",Data services provider for building materials to property insurance industry,"Preferred units (1,798,391 units)",0,6/29/2012,1000,995
105,"Keynote Systems, Inc. and Hawaii Ultimate Parent Corp., Inc.",Web and mobile cloud performance testing and monitoring services provider,"First lien senior secured loan ($164,587 par due 2/2020)",9.50% (Libor + 8.50%/Q),8/22/2013,164587,164587
106,"Keynote Systems, Inc. and Hawaii Ultimate Parent Corp., Inc.",Web and mobile cloud performance testing and monitoring services provider,"Class A common stock (2,970 shares)",0,8/22/2013,2970,3429
107,"Keynote Systems, Inc. and Hawaii Ultimate Parent Corp., Inc.",Web and mobile cloud performance testing and monitoring services provider,"Class B common stock (1,956,522 shares)",0,8/22/2013,30,35
108,"Market Track Holdings, LLC",Business media consulting services company,"Preferred stock (1,500 shares)",0,12/13/2013,1982,1982
109,"Market Track Holdings, LLC",Business media consulting services company,"Common stock (15,000 shares)",0,12/13/2013,1982,1982
110,"MSC.Software Corporation and Maximus Holdings, LLC",Provider of software simulation tools and related services,"First lien senior secured loan ($42,750 par due 11/2017)",8.50% (Libor + 7.25%/Q),12/13/2013,44015,44033
111,"MSC.Software Corporation and Maximus Holdings, LLC",Provider of software simulation tools and related services,"Warrants to purchase up to 1,050,013 shares of common stock",0,12/13/2013,424,424
112,"Multi-Ad Services, Inc.(6)",Marketing services and software provider,"Preferred units (1,725,280 units)",0,4/1/2010,788,1754
113,"Multi-Ad Services, Inc.(6)",Marketing services and software provider,"Common units (1,725,280 units)",0,4/1/2010,0,0
114,"MVL Group, Inc.(7)",Marketing research provider,Junior subordinated loan ($185 par due 7/2012),0,4/1/2010,0,0
115,"MVL Group, Inc.(7)",Marketing research provider,"Senior subordinated loan ($33,337 par due 7/2012)",0,4/1/2010,30265,2485
116,"MVL Group, Inc.(7)",Marketing research provider,"Common stock (560,716 shares)",0,4/1/2010,0,0
117,"NComputing, Inc.",Desktop virtualization hardware and software technology service provider,"First lien senior secured loan ($6,500 par due 7/2016)",10.50%,3/20/2013,6500,6695
118,"NComputing, Inc.",Desktop virtualization hardware and software technology service provider,"Warrant to purchase up to 462,726 shares of Series C preferred stock",0,3/20/2013,0,56
119,"Pillar Processing LLC, PHL Investors, Inc., and PHL Holding Co.(6)",Mortgage services,"First lien senior secured loan ($4,658 par due 11/2018)",0,7/31/2008,3982,3321
120,"Pillar Processing LLC, PHL Investors, Inc., and PHL Holding Co.(6)",Mortgage services,"First lien senior secured loan ($7,375 par due 5/2019)",0,11/20/2007,5862,0
121,"Pillar Processing LLC, PHL Investors, Inc., and PHL Holding Co.(6)",Mortgage services,Class A common stock (576 shares),0,7/31/2012,3768,0
122,"Platform Acquisition, Inc.",Data center and managed cloud services provider,"Common stock (48,604 shares)",0,12/13/2013,7536,7536
123,"Powersport Auctioneer Holdings, LLC",Powersport vehicle auction operator,"Common units (1,972 units)",0,3/2/2012,1000,879
124,"PSSI Holdings, LLC",Provider of mission-critical outsourced cleaning and sanitation services to the food processing industry,"First lien senior secured loan ($1,000 par due 6/2018)",6.00% (Libor + 5.00%/Q),8/7/2013,1000,1000
125,R2 Acquisition Corp.,Marketing services,"Common stock (250,000 shares)",0,5/29/2007,250,154
126,"Rainstor, Inc.",Database solutions provider,"First lien senior secured loan ($2,800 par due 4/2016)",11.25%,3/28/2013,2735,2800
127,"Rainstor, Inc.",Database solutions provider,"Warrant to purchase up to 142,210 shares of Series C preferred stock",0,3/28/2013,88,70
128,Summit Business Media Parent Holding Company LLC,Business media consulting services,Limited liability company membership interest (45.98% interest),0,5/20/2011,0,1458
129,"TOA Technologies, Inc.","Cloud based, mobile workforce management applications provider","First lien senior secured loan ($12,567 par due 11/2016)",10.25%,10/31/2012,12124,12567
130,"TOA Technologies, Inc.","Cloud based, mobile workforce management applications provider","Warrant to purchase up to 2,509,770 shares of Series D preferred stock",0,10/31/2012,605,1201
131,"Tripwire, Inc.",IT security software provider,"First lien senior secured loan ($74,684 par due 5/2018)",7.50% (Libor + 6.25%/Q),5/23/2011,74684,74684
132,"Tripwire, Inc.",IT security software provider,"First lien senior secured loan ($10,266 par due 5/2018)",7.50% (Libor + 6.25%/Q),5/23/2011,10266,10266
133,"Tripwire, Inc.",IT security software provider,"First lien senior secured loan ($49,875 par due 5/2018)",7.50% (Libor + 6.25%/Q),5/23/2011,49875,49875
134,"Tripwire, Inc.",IT security software provider,"First lien senior secured loan ($9,975 par due 5/2018)",7.50% (Libor + 6.25%/Q),5/23/2011,9975,9975
135,"Tripwire, Inc.",IT security software provider,"Class B common stock (2,655,638 shares)",0,5/23/2011,30,84
136,"Tripwire, Inc.",IT security software provider,"Class A common stock (2,970 shares)",0,5/23/2011,2970,8315
137,"Venturehouse-Cibernet Investors, LLC",Financial settlement services for intercarrier wireless roaming,Equity interest,0,4/1/2010,0,0
138,"VSS-Tranzact Holdings, LLC(6)",Management consulting services,Common membership interest (5.98% interest),0,10/26/2007,10204,5236
139,VTE Holdings Corp.,Hosted enterprise resource planning application management services provider,"Common units (1,500,000 units)",0,12/13/2013,3862,3862
140,"Worldpay (UK) Limited, Worldpay ECommerce Limited, Ship US Bidco, Inc., Ship Investor & Cy S.C.A.(8)",Payment processing company,"First lien senior secured loan ($5,341 par due 10/2017)",6.00% (Libor + 4.75%/Q),12/13/2013,5432,5394
141,"Worldpay (UK) Limited, Worldpay ECommerce Limited, Ship US Bidco, Inc., Ship Investor & Cy S.C.A.(8)",Payment processing company,"Common stock (936,693 shares)",0,12/13/2013,2698,2732
142,"X Plus Two Solutions, Inc. and X Plus One Solutions, Inc.",Provider of open and integrated software for digital marketing optimization,"First lien senior secured revolving loan ($8,600 par due 9/2014)",8.50%,4/1/2013,8600,8600
143,"X Plus Two Solutions, Inc. and X Plus One Solutions, Inc.",Provider of open and integrated software for digital marketing optimization,"First lien senior secured loan ($7,000 par due 3/2017)",10.00%,4/1/2013,6645,6860
144,"X Plus Two Solutions, Inc. and X Plus One Solutions, Inc.",Provider of open and integrated software for digital marketing optimization,"Warrant to purchase up to 999,167 shares of Series C preferred stock",0,4/1/2013,284,299
145,"American Academy Holdings, LLC","Provider of education, training, certification, networking, and consulting services to medical coders and other healthcare professionals","First lien senior secured revolving loan ($2,250 par due 3/2019)",6.00% (Libor + 5.00%/Q),3/18/2011,2250,2250
146,"American Academy Holdings, LLC","Provider of education, training, certification, networking, and consulting services to medical coders and other healthcare professionals","First lien senior secured loan ($56,236 par due 3/2019)",6.00% (Libor + 5.00%/Q),3/18/2011,56236,56236
147,"American Academy Holdings, LLC","Provider of education, training, certification, networking, and consulting services to medical coders and other healthcare professionals","First lien senior secured loan ($4,651 par due 3/2019)",6.00% (Libor + 5.00%/Q),3/18/2011,4651,4651
148,Campus Management Corp. and Campus Management Acquisition Corp.(6),Education software developer,"Preferred stock (485,159 shares)",0,2/8/2008,10520,3337
149,"Community Education Centers, Inc.",Offender re-entry and in-prison treatment services provider,"First lien senior secured loan ($14,286 par due 12/2014)",6.25% (Libor + 5.25%/Q),12/10/2010,14286,14286
150,"Community Education Centers, Inc.",Offender re-entry and in-prison treatment services provider,"Second lien senior secured loan ($35,283 par due 12/2015)","15.24% (Libor + 10.00% Cash, 5.00% PIK/Q)",12/10/2010,35283,34225
151,"Community Education Centers, Inc.",Offender re-entry and in-prison treatment services provider,"Second lien senior secured loan ($10,649 par due 12/2015)","15.26% (Libor + 10.00% Cash, 5.00% PIK/Q)",12/10/2010,10649,10330
152,"Community Education Centers, Inc.",Offender re-entry and in-prison treatment services provider,"Warrants to purchase up to 654,618 shares",0,12/10/2010,0,979
153,"ELC Acquisition Corp., ELC Holdings Corporation, and Excelligence Learning Corporation(6)","Developer, manufacturer and retailer of educational products","Preferred stock (99,492 shares)",12.00% PIK,8/1/2011,10286,10286
154,"ELC Acquisition Corp., ELC Holdings Corporation, and Excelligence Learning Corporation(6)","Developer, manufacturer and retailer of educational products","Common stock (50,800 shares)",0,8/1/2011,0,1345
155,"Infilaw Holding, LLC",Operator of for-profit law schools,First lien senior secured revolving loan,0,8/25/2011,0,0
156,"Infilaw Holding, LLC",Operator of for-profit law schools,First lien senior secured loan ($1 par due 8/2016),9.50% (Libor + 8.50%/Q),8/25/2011,1,1
157,"Infilaw Holding, LLC",Operator of for-profit law schools,"First lien senior secured loan ($14,362 par due 8/2016)",9.50% (Libor + 8.50%/Q),8/25/2011,14362,14362
158,"Infilaw Holding, LLC",Operator of for-profit law schools,"Series A preferred units (124,890 units)",9.50% (Libor + 8.50%/Q),8/25/2011,124890,124890
159,"Infilaw Holding, LLC",Operator of for-profit law schools,Series B preferred units (3.91 units),0,10/19/2012,9245,11060
160,"Instituto de Banca y Comercio, Inc. & Leeds IV Advisors, Inc.",Private school operator,"First lien senior secured loan ($39,459 par due 6/2015)",0,4/24/2013,39385,35514
161,"Instituto de Banca y Comercio, Inc. & Leeds IV Advisors, Inc.",Private school operator,"First lien senior secured loan ($14,774 par due 6/2015)",0,4/24/2013,14746,13297
162,"Instituto de Banca y Comercio, Inc. & Leeds IV Advisors, Inc.",Private school operator,"Series B preferred stock (1,750,000 shares)",0,8/5/2010,5000,0
163,"Instituto de Banca y Comercio, Inc. & Leeds IV Advisors, Inc.",Private school operator,"Series C preferred stock (2,512,586 shares)",0,6/7/2010,689,0
164,"Instituto de Banca y Comercio, Inc. & Leeds IV Advisors, Inc.",Private school operator,Common stock (20 shares),0,6/7/2010,0,0
165,"Lakeland Tours, LLC",Educational travel provider,First lien senior secured revolving loan,0,10/4/2011,0,0
166,"Lakeland Tours, LLC",Educational travel provider,"First lien senior secured loan ($83,140 par due 12/2016)",8.50% (Libor + 7.50%/Q),10/4/2011,83067,83131
167,"Lakeland Tours, LLC",Educational travel provider,"First lien senior secured loan ($1,585 par due 12/2016)",5.25% (Libor + 4.25%/Q),10/4/2011,1585,1585
168,"Lakeland Tours, LLC",Educational travel provider,"First lien senior secured loan ($40,362 par due 12/2016)",8.50% (Libor + 7.50%/Q),10/4/2011,40277,40362
169,"Lakeland Tours, LLC",Educational travel provider,"First lien senior secured loan ($8,297 par due 12/2016)",5.25% (Libor + 4.25%/Q),10/4/2011,8280,8297
170,"Lakeland Tours, LLC",Educational travel provider,"Common stock (5,000 shares)",0,10/4/2011,5000,5117
171,PIH Corporation,Franchisor of education-based early childhood centers,First lien senior secured revolving loan ($621 par due 6/2016),7.25% (Libor + 6.25%/M),12/13/2013,621,621
172,PIH Corporation,Franchisor of education-based early childhood centers,"First lien senior secured loan ($39,062 par due 6/2016)",7.25% (Libor + 6.25%/M),12/13/2013,39570,39594
173,"R3 Education, Inc. and EIC Acquisitions Corp.",Medical school operator,"Preferred stock (8,800 shares)",0,7/30/2008,2200,1936
174,"R3 Education, Inc. and EIC Acquisitions Corp.",Medical school operator,Common membership interest (26.27% interest),0,9/21/2007,15800,29584
175,"R3 Education, Inc. and EIC Acquisitions Corp.",Medical school operator,"Warrants to purchase up to 27,890 shares",0,12/8/2009,0,0
176,"RuffaloCODY, LLC",Provider of student fundraising and enrollment management services,First lien senior secured loan ($634 par due 5/2019),6.50% (Base Rate + 3.25%/Q),5/29/2013,634,634
177,"RuffaloCODY, LLC",Provider of student fundraising and enrollment management services,"First lien senior secured loan ($24,996 par due 5/2019)",5.50% (Libor + 4.25%/Q),5/29/2013,24996,24996
178,Capital Investments and Ventures Corp.,SCUBA diver training and certification provider,"First lien senior secured loan ($24,512 par due 8/2018)",7.00% (Libor + 5.75%/Q),8/9/2012,24512,24512
179,Capital Investments and Ventures Corp.,SCUBA diver training and certification provider,"First lien senior secured loan ($8,719 par due 8/2018)",7.00% (Libor + 5.75%/Q),8/9/2012,8719,8719
180,"Competitor Group, Inc. and Calera XVI, LLC",Endurance sports media and event operator,"First lien senior secured revolving loan ($2,850 par due 11/2018)",10.00% (Base Rate + 6.75%/Q),11/30/2012,2850,2508
181,"Competitor Group, Inc. and Calera XVI, LLC",Endurance sports media and event operator,First lien senior secured revolving loan ($900 par due 11/2018),9.00% (Libor + 7.75%/Q),11/30/2012,900,792
182,"Competitor Group, Inc. and Calera XVI, LLC",Endurance sports media and event operator,"First lien senior secured loan ($24,380 par due 11/2018)","10.00% (Libor + 7.75% Cash, 1.00% PIK /Q)",11/30/2012,24380,21454
183,"Competitor Group, Inc. and Calera XVI, LLC",Endurance sports media and event operator,"First lien senior secured loan ($29,853 par due 11/2018)","10.00% (Libor + 7.75% Cash, 1.00% PIK /Q)",11/30/2012,29853,26271
184,"Competitor Group, Inc. and Calera XVI, LLC",Endurance sports media and event operator,"Membership units (2,500,000 units)",0,11/30/2012,2513,17
185,"Fox Hill Holdings, Inc.",Third party claims administrator on behalf of insurance carriers,"First lien senior secured loan ($7,442 par due 6/2018)",6.75% (Libor + 5.75%/Q),10/31/2013,7442,7442
186,"Fox Hill Holdings, Inc.",Third party claims administrator on behalf of insurance carriers,First lien senior secured loan ($39 par due 6/2018),8.00% (Base Rate + 4.75%/Q),10/31/2013,39,39
187,"ISS #2, LLC","Provider of repairs, refurbishments and services to the broader industrial end user markets","First lien senior secured loan ($14,950 par due 6/2018)",6.50% (Libor + 5.50%/Q),6/5/2013,14950,14950
188,"ISS #2, LLC","Provider of repairs, refurbishments and services to the broader industrial end user markets","First lien senior secured loan ($44,775 par due 6/2018)",6.50% (Libor + 5.50%/Q),6/5/2013,44775,44775
189,"Massage Envy, LLC",Franchisor in the massage industry,"First lien senior secured loan ($29,177 par due 9/2018)",8.50% (Libor + 7.25%/Q),9/27/2012,29177,29177
190,"Massage Envy, LLC",Franchisor in the massage industry,"First lien senior secured loan ($49,291 par due 9/2018)",8.50% (Libor + 7.25%/Q),9/27/2012,49291,49291
191,"Massage Envy, LLC",Franchisor in the massage industry,"Common stock (3,000,000 shares)",0,9/27/2012,3000,3532
192,"McKenzie Sports Products, LLC","Designer, manufacturer and distributor of taxidermy forms and supplies","First lien senior secured loan ($8,140 par due 3/2017)",5.75% (Libor + 4.75%/M),3/30/2012,8140,8140
193,"McKenzie Sports Products, LLC","Designer, manufacturer and distributor of taxidermy forms and supplies","First lien senior secured loan ($9,302 par due 3/2017)",5.75% (Libor + 4.75%/M),3/30/2012,9302,9302
194,Spin HoldCo Inc.,Laundry service and equipment provider,"Second lien senior secured loan ($140,000 par due 5/2020)",9.00% (Libor + 7.75%/Q),5/14/2013,140000,140000
195,The Dwyer Group(6),Operator of multiple franchise concepts primarily related to home maintenance or repairs,"Senior subordinated loan ($25,686 par due 6/2018)","12.00% Cash, 1.50% PIK",12/22/2010,25686,25686
196,The Dwyer Group(6),Operator of multiple franchise concepts primarily related to home maintenance or repairs,"Series A preferred units (13,292,377 units)",8.00% PIK,12/22/2010,6859,18650
197,"Wash Multifamily Laundry Systems, LLC",Laundry service and equipment provider,"Second lien senior secured loan ($78,000 par due 2/2020)",9.75% (Libor + 8.50%/Q),6/26/2012,78000,78000
198,"Alphabet Energy, Inc.",Technology developer to convert waste-heat into electricity,"First lien senior secured loan ($3,000 par due 7/2017)",9.62%,12/16/2013,2721,2850
199,"Alphabet Energy, Inc.",Technology developer to convert waste-heat into electricity,"Warrants to purchase up to 59,524 units of Series B preferred stock",0,12/16/2013,146,146
200,"Brush Power, LLC",Gas turbine power generation facilities operator,"First lien senior secured loan ($89,892 par due 8/2020)",6.25% (Libor + 5.25%/Q),8/1/2013,89892,89892
201,"Centinela Funding, LLC",Solar power generation facility developer and operator,"First lien senior secured loan ($56,000 par due 11/2020)",10.00% (Libor + 8.75%/Q),11/14/2012,56000,56000
202,"Joule Unlimited Technologies, Inc. and Stichting Joule Global Foundation",Renewable fuel and chemical production developer,"First lien senior secured loan ($7,500 par due 2/2017)",10.00%,7/25/2013,7433,7500
203,"Joule Unlimited Technologies, Inc. and Stichting Joule Global Foundation",Renewable fuel and chemical production developer,"Warrant to purchase up to 32,051 shares of Series C-2 preferred stock",0,7/25/2013,0,34
204,"La Paloma Generating Company, LLC","Natural gas fired, combined cycle plant operator","Second lien senior secured loan ($68,000 par due 8/2018)",10.25% (Libor + 8.75%/M),8/9/2011,67060,67320
205,"Panda Sherman Power, LLC",Gas turbine power generation facilities operator,"First lien senior secured loan ($32,500 par due 9/2018)",9.00% (Libor + 7.50%/Q),9/14/2012,32500,32500
206,"Panda Temple Power II, LLC",Gas turbine power generation facilities operator,"First lien senior secured loan ($20,000 par due 4/2019)",7.25% (Libor + 6.00%/Q),4/3/2013,19820,20000
207,"Panda Temple Power, LLC",Gas turbine power generation facilities operator,"First lien senior secured loan ($60,000 par due 7/2018)",11.50% (Libor + 10.00%/Q),7/17/2012,58402,60000
208,"Sunrun Solar Owner Holdco X, LLC",Residential solar energy provider,"First lien senior secured loan ($59,749 par due 6/2019)",9.50% (Libor + 8.25%/Q),6/7/2013,59749,59749
209,"Sunrun Solar Owner Holdco XIII, LLC",Residential solar energy provider,"First lien senior secured loan ($19,300 par due 12/2019)","9.50% (Libor + 7.25% Cash, 1.00% PIK /Q)",11/27/2013,19079,19300
210,"ADF Capital, Inc., ADF Restaurant Group, LLC, and ARG Restaurant Holdings, Inc.",Restaurant owner and operator,"First lien senior secured loan ($33,581 par due 12/2018)",10.50% (Base Rate + 7.25%/Q),11/27/2006,33581,33581
211,"ADF Capital, Inc., ADF Restaurant Group, LLC, and ARG Restaurant Holdings, Inc.",Restaurant owner and operator,"First lien senior secured loan ($10,919 par due 12/2018)",10.50% (Base Rate + 7.25%/Q),11/27/2006,10922,10919
212,"ADF Capital, Inc., ADF Restaurant Group, LLC, and ARG Restaurant Holdings, Inc.",Restaurant owner and operator,"Promissory note ($16,558 par due 12/2018)",13.00% PIK,11/27/2006,13273,15997
213,"ADF Capital, Inc., ADF Restaurant Group, LLC, and ARG Restaurant Holdings, Inc.",Restaurant owner and operator,"Warrants to purchase up to 23,750 units of Series D common stock",0,12/18/2013,24,0
214,"Benihana, Inc.",Restaurant owner and operator,"First lien senior secured loan ($4,925 par due 2/2018)",6.75% (Libor + 5.50%/Q),8/21/2012,4925,4925
215,Garden Fresh Restaurant Corp.,Restaurant owner and operator,First lien senior secured revolving loan,0,10/3/2013,0,0
216,Garden Fresh Restaurant Corp.,Restaurant owner and operator,"First lien senior secured loan ($43,750 par due 7/2018)",10.00% (Libor + 8.50%/M),10/3/2013,43750,43750
217,"Hojeij Branded Foods, Inc.",Airport restaurant operator,First lien senior secured revolving loan ($450 par due 2/2017),9.00% (Libor + 8.00%/Q),2/15/2012,450,450
218,"Hojeij Branded Foods, Inc.",Airport restaurant operator,"First lien senior secured loan ($12,500 par due 2/2017)",9.00% (Libor + 8.00%/Q),2/15/2012,12500,12500
219,"Hojeij Branded Foods, Inc.",Airport restaurant operator,"First lien senior secured loan ($15,000 par due 2/2017)",9.00% (Libor + 8.00%/Q),2/15/2012,14543,15000
220,"Hojeij Branded Foods, Inc.",Airport restaurant operator,Warrants to purchase up to 7.5% of membership interest,0,2/15/2012,0,299
221,"Hojeij Branded Foods, Inc.",Airport restaurant operator,Warrants to purchase up to 324 shares of Class A common stock,0,2/15/2012,669,4307
222,"Orion Foods, LLC (fka Hot Stuff Foods, LLC)(7)",Convenience food service retailer,"First lien senior secured revolving loan ($9,500 par due 9/2014)",10.75% (Base Rate + 7.50%/M),4/1/2010,9500,9500
223,"Orion Foods, LLC (fka Hot Stuff Foods, LLC)(7)",Convenience food service retailer,"First lien senior secured loan ($33,037 par due 9/2014)",10.00% (Libor + 8.50%/Q),4/1/2010,33037,33037
224,"Orion Foods, LLC (fka Hot Stuff Foods, LLC)(7)",Convenience food service retailer,"Second lien senior secured loan ($37,552 par due 9/2014)",0,4/1/2010,18423,20205
225,"Orion Foods, LLC (fka Hot Stuff Foods, LLC)(7)",Convenience food service retailer,"Preferred units (10,000 units)",0,10/28/2010,0,0
226,"Orion Foods, LLC (fka Hot Stuff Foods, LLC)(7)",Convenience food service retailer,"Class A common units (25,001 units)",0,4/1/2010,0,0
227,"Orion Foods, LLC (fka Hot Stuff Foods, LLC)(7)",Convenience food service retailer,"Class B common units (1,122,452 units)",0,4/1/2010,0,0
228,"OTG Management, LLC",Airport restaurant operator,"First lien senior secured loan ($25,000 par due 12/2017)",8.75% (Libor + 7.25%/Q),12/11/2012,25000,25000
229,"OTG Management, LLC",Airport restaurant operator,"First lien senior secured loan ($7,075 par due 12/2017)",8.75% (Libor + 7.25%/Q),12/11/2012,7075,7075
230,"OTG Management, LLC",Airport restaurant operator,"Common units (3,000,000 units)",0,1/5/2011,3000,3638
231,"OTG Management, LLC",Airport restaurant operator,Warrants to purchase up to 7.73% of common units,0,6/19/2008,100,7257
232,"Performance Food Group, Inc. and Wellspring Distribution Corp",Food service distributor,"Second lien senior secured loan ($74,625 par due 11/2019)",6.25% (Libor + 5.25%/Q),5/14/2013,74282,74850
233,"Performance Food Group, Inc. and Wellspring Distribution Corp",Food service distributor,"Class A non-voting common stock (1,366,120 shares)",0,5/3/2008,6303,6529
234,"PMI Holdings, Inc.",Restaurant owner and operator,"Preferred stock (46,025 shares)",0,12/13/2013,687,687
235,"PMI Holdings, Inc.",Restaurant owner and operator,"Common stock (22,401 shares)",0,12/13/2013,379,379
236,"Restaurant Holding Company, LLC",Fast food restaurant operator,"First lien senior secured loan ($60,125 par due 2/2017)",9.00% (Libor + 7.50%/M),2/17/2012,59303,58922
237,"Restaurant Holding Company, LLC",Fast food restaurant operator,"First lien senior secured loan ($9,250 par due 2/2017)",9.00% (Libor + 7.50%/M),2/17/2012,9122,9065
238,S.B. Restaurant Company,Restaurant owner and operator,"Preferred stock (46,690 shares)",0,4/1/2010,0,0
239,S.B. Restaurant Company,Restaurant owner and operator,"Warrants to purchase up to 257,429 shares of common stock",0,4/1/2010,0,0
240,"AllBridge Financial, LLC(7)",Asset management services,Equity interests,0,4/1/2010,5077,9718
241,Callidus Capital Corporation(7),Asset management services,Common stock (100 shares),0,4/1/2010,3000,1713
242,Ciena Capital LLC(7),Real estate and small business loan servicer,"First lien senior secured revolving loan ($14,000 par due 12/2014)",6.00%,11/29/2010,14000,14000
243,Ciena Capital LLC(7),Real estate and small business loan servicer,"First lien senior secured loan ($26,000 par due 12/2016)",12.00%,11/29/2010,26000,26000
244,Ciena Capital LLC(7),Real estate and small business loan servicer,Equity interests,0,11/29/2010,53374,10926
245,"Commercial Credit Group, Inc.",Commercial equipment finance and leasing company,"Senior subordinated loan ($28,000 par due 5/2018)",12.75%,5/10/2012,28000,28000
246,"Cook Inlet Alternative Risk, LLC",Risk management services,"Senior subordinated loan ($1,750 par due 9/2015)",9.00%,9/30/2011,1750,1750
247,Gordian Acquisition Corp.,Financial services firm,Common stock (526 shares),0,11/30/2012,0,0
248,Imperial Capital Group LLC,Investment services,"2006 Class B common units (2,526 units)",0,5/10/2007,3,5
249,Imperial Capital Group LLC,Investment services,2007 Class B common units (315 units),0,5/10/2007,0,1
250,Imperial Capital Group LLC,Investment services,"Class A common units (7,710 units)",0,5/10/2007,14997,19672
251,"Ivy Hill Asset Management, L.P.(7)(9)",Asset management services,Member interest (100.00% interest),0,6/15/2009,170961,280353
252,"Gilchrist & Soames, Inc.",Personal care manufacturer,"First lien senior secured revolving loan ($8,700 par due 12/2014)",6.25% (Libor + 5.00%/M),4/1/2010,8700,8700
253,"Gilchrist & Soames, Inc.",Personal care manufacturer,"First lien senior secured loan ($22,508 par due 12/2014)","13.44% Cash, 2.00% PIK",4/1/2010,22504,21833
254,"Implus Footcare, LLC",Provider of footwear and other accessories,Preferred stock (455 shares),6.00% PIK,10/31/2011,5172,5172
255,"Implus Footcare, LLC",Provider of footwear and other accessories,Common stock (455 shares),0,10/31/2011,455,170
256,Insight Pharmaceuticals Corporation (6),OTC drug products manufactuer,"Second lien senior secured loan ($19,310 par due 8/2017)",13.25% (Libor + 11.75%/Q),8/26/2011,19165,19310
257,Insight Pharmaceuticals Corporation (6),OTC drug products manufactuer,"Class A common stock (155,000 shares)",0,8/26/2011,6035,7234
258,Insight Pharmaceuticals Corporation (6),OTC drug products manufactuer,"Class B common stock (155,000 shares)",0,8/26/2011,6035,7234
259,"Matrixx Initiatives, Inc. and Wonder Holdings Acquisition Corp.",Developer and marketer of over-the-counter healthcare products,"Warrants to purchase up to 1,654,678 shares of common stock",0,7/27/2011,0,1219
260,"Matrixx Initiatives, Inc. and Wonder Holdings Acquisition Corp.",Developer and marketer of over-the-counter healthcare products,"Warrants to purchase up to 1,489 shares of preferred stock",0,7/27/2011,0,1144
261,"Oak Parent, Inc.",Manufacturer of athletic apparel,"First lien senior secured loan ($31,295 par due 4/2018)",7.50% (Libor + 7.00%/Q),4/2/2012,31184,31294
262,"Oak Parent, Inc.",Manufacturer of athletic apparel,First lien senior secured loan ($86 par due 4/2018),9.25% (Base Rate + 6.00%/S),4/2/2012,85,86
263,"Oak Parent, Inc.",Manufacturer of athletic apparel,"First lien senior secured loan ($8,844 par due 4/2018)",7.50% (Libor + 7.00%/Q),4/2/2012,8813,8844
264,"Oak Parent, Inc.",Manufacturer of athletic apparel,First lien senior secured loan ($24 par due 4/2018),9.25% (Base Rate + 6.00%/S),4/2/2012,24,24
265,"PG-ACP Co-Invest, LLC","Supplier of medical uniforms, specialized medical footwear and accessories","Class A membership units (1,000,0000 units)",0,8/29/2012,1000,1526
266,"The Step2 Company, LLC",Toy manufacturer,"Second lien senior secured loan ($25,600 par due 4/2015)",10.00%,4/1/2010,25089,25088
267,"The Step2 Company, LLC",Toy manufacturer,"Second lien senior secured loan ($32,865 par due 4/2015)",10.00%,4/1/2010,30802,26292
268,"The Step2 Company, LLC",Toy manufacturer,"Common units (1,116,879 units)",0,4/1/2010,24,0
269,"The Step2 Company, LLC",Toy manufacturer,"Warrants to purchase up to 3,157,895 units",0,4/1/2010,0,0
270,"The Thymes, LLC (7)",Cosmetic products manufacturer,"Preferred units (6,283 units)",8.00% PIK,6/21/2007,4696,4221
271,"The Thymes, LLC (7)",Cosmetic products manufacturer,"Common units (5,400 units)",0,6/21/2007,0,6687
272,Woodstream Corporation,Pet products manufacturer,"First lien senior secured loan ($8,465 par due 8/2016)",6.00% (Libor + 5.00%/Q),4/18/2012,8465,8465
273,Woodstream Corporation,Pet products manufacturer,"Senior subordinated loan ($80,000 par due 2/2017)",11.50%,4/18/2012,77412,80000
274,Woodstream Corporation,Pet products manufacturer,"Common stock (4,254 shares)",0,1/22/2010,1222,2685
275,"ICSH, Inc.","Industrial container manufacturer, reconditioner and servicer",First lien senior secured revolving loan,0,8/31/2011,0,0
276,"ICSH, Inc.","Industrial container manufacturer, reconditioner and servicer","First lien senior secured loan ($27,740 par due 8/2016)",7.00% (Libor + 6.00%/Q),8/31/2011,27777,27740
277,"ICSH, Inc.","Industrial container manufacturer, reconditioner and servicer","First lien senior secured loan ($61,518 par due 8/2016)",7.00% (Libor + 6.00%/Q),8/31/2011,61518,61518
278,"ICSH, Inc.","Industrial container manufacturer, reconditioner and servicer","First lien senior secured loan ($14,718 par due 8/2016)",7.00% (Libor + 6.00%/Q),8/31/2011,14718,14718
279,"Microstar Logistics LLC, Microstar Global Asset Management LLC, and MStar Holding Corporation",Keg management solutions provider,"Second lien senior secured loan ($142,500 par due 12/2018)",8.50% (Libor + 7.50%/Q),12/14/2012,142500,142500
280,"Microstar Logistics LLC, Microstar Global Asset Management LLC, and MStar Holding Corporation",Keg management solutions provider,"Common stock (50,000 shares)",0,12/14/2012,5000,7223
281,"Pregis Corporation, Pregis Intellipack Corp., and Pregis Innovative Packaging Inc.","Provider of highly-customized, tailored protective packaging solutions",First lien senior secured loan ($975 par due 3/2017),7.75% (Libor + 6.25%/M),4/25/2012,975,975
282,"Pregis Corporation, Pregis Intellipack Corp., and Pregis Innovative Packaging Inc.","Provider of highly-customized, tailored protective packaging solutions",First lien senior secured loan ($5 par due 3/2017),8.50% (Base Rate + 5.25%/Q),4/25/2012,5,5
283,Cambrios Technologies Corporation,Nanotechnology-based solutions for electronic devices and computers,"First lien senior secured loan ($3,030 par due 8/2015)",12.00%,8/7/2012,3030,3030
284,Cambrios Technologies Corporation,Nanotechnology-based solutions for electronic devices and computers,"Warrants to purchase up to 400,000 shares of Series D-4 convertible preferred stock",0,8/7/2012,0,6
285,"Component Hardware Group, Inc.",Commercial equipment,"First lien senior secured loan ($23,701 par due 7/2019)",5.50% (Libor + 4.50%/M),7/1/2013,23701,23701
286,Lighting Science Group Corporation,Advanced lighting products,Letter of credit facility,0,9/20/2011,0,0
287,Mac Lean-Fogg Company,Provider of intelligent transportation systems products in the traffic and rail industries,"Senior subordinated loan ($100,251 par due 10/2023)","9.50% Cash, 1.50% PIK",10/31/2013,100251,100251
288,"MWI Holdings, Inc.","Provider of engineered springs, fasteners, and other precision components","First lien senior secured loan ($38,274 par due 3/2019)",9.38% (Libor + 8.13%/Q),6/15/2011,38274,38274
289,"MWI Holdings, Inc.","Provider of engineered springs, fasteners, and other precision components","First lien senior secured loan ($10,000 par due 3/2019)",9.38% (Libor + 8.13%/Q),6/15/2011,10000,10000
290,"NetShape Technologies, Inc.",Metal precision engineered components,First lien senior secured revolving loan ($538 par due 12/2014),7.50% (Libor + 6.50%/Q),4/1/2010,538,538
291,"Pelican Products, Inc.",Flashlights,"First lien senior secured loan ($2,317 par due 7/2018)",6.25% (Libor + 5.00%/Q),7/13/2012,2317,2317
292,"Pelican Products, Inc.",Flashlights,"Second lien senior secured loan ($32,000 par due 6/2019)",11.50% (Libor + 10.00%/Q),7/13/2012,32000,32000
293,"Protective Industries, Inc. dba Caplugs",Plastic protection products,First lien senior secured loan ($997 par due 10/2019),6.75% (Libor + 5.75%/Q),11/30/2012,997,997
294,"Protective Industries, Inc. dba Caplugs",Plastic protection products,"Preferred stock (2,379,361 shares)",0,5/23/2011,1298,4837
295,Saw Mill PCG Partners LLC,Metal precision engineered components,"Common units (1,000 units)",0,1/30/2007,1000,0
296,"SSH Environmental Industries, Inc. and SSH Non-Destructive Testing, Inc.",Magnetic sensors and supporting sensor products,"First lien senior secured loan ($11,140 par due 12/2016)",9.00% (Libor + 7.50%/Q),3/23/2012,10990,11140
297,TPTM Merger Corp.,Time temperature indicator products,First lien senior secured revolving loan ($950 par due 9/2018),6.25% (Libor + 5.25%/Q),9/12/2013,950,950
298,TPTM Merger Corp.,Time temperature indicator products,First lien senior secured revolving loan ($540 par due 9/2018),7.50% (Base Rate + 4.25%/Q),9/12/2013,540,540
299,TPTM Merger Corp.,Time temperature indicator products,"First lien senior secured loan ($25,935 par due 9/2018)",6.25% (Libor + 5.25%/Q),9/12/2013,25935,25935
300,"Driven Holdings, LLC",Automotive aftermarket car care franchisor,"Preferred stock (247,500 units)",0,12/16/2011,2475,2852
301,"Driven Holdings, LLC",Automotive aftermarket car care franchisor,"Common stock (25,000 units)",0,12/16/2011,25,808
302,"Eckler Industries, Inc.",Restoration parts and accessories provider for classic automobiles,"First lien senior secured revolving loan ($2,000 par due 7/2017)",8.25% (Base Rate + 5.00%/Q),7/12/2012,2000,2000
303,"Eckler Industries, Inc.",Restoration parts and accessories provider for classic automobiles,"First lien senior secured loan ($8,172 par due 7/2017)",7.25% (Libor + 6.00%/M),7/12/2012,8172,8172
304,"Eckler Industries, Inc.",Restoration parts and accessories provider for classic automobiles,"First lien senior secured loan ($30,609 par due 7/2017)",7.25% (Libor + 6.00%/M),7/12/2012,30609,30609
305,"Eckler Industries, Inc.",Restoration parts and accessories provider for classic automobiles,"Series A preferred stock (1,800 shares)",0,7/12/2012,1800,2031
306,"Eckler Industries, Inc.",Restoration parts and accessories provider for classic automobiles,"Common stock (20,000 shares)",0,7/12/2012,200,116
307,"EcoMotors, Inc.",Engine developer,"First lien senior secured loan ($5,000 par due 10/2016)",10.83%,12/28/2012,4869,5000
308,"EcoMotors, Inc.",Engine developer,"First lien senior secured loan ($5,000 par due 6/2017)",10.83%,12/28/2012,4853,5000
309,"EcoMotors, Inc.",Engine developer,"First lien senior secured loan ($4,833 par due 7/2016)",10.13%,12/28/2012,4724,4833
310,"EcoMotors, Inc.",Engine developer,"Warrant to purchase up to 321,888 shares of Series C preferred stock",0,12/28/2012,0,43
311,"Service King Paint & Body, LLC",Collision repair site operators,"First lien senior secured loan ($7,617 par due 8/2017)",4.00% (Libor + 3.00%/Q),8/20/2012,7617,7617
312,"Service King Paint & Body, LLC",Collision repair site operators,"First lien senior secured loan ($46,898 par due 8/2017)",6.00% (Libor + 5.00%/Q),8/20/2012,46898,46898
313,"Service King Paint & Body, LLC",Collision repair site operators,"First lien senior secured loan ($6,398 par due 8/2017)",4.00% (Libor + 3.00%/Q),8/20/2012,6398,6398
314,"Service King Paint & Body, LLC",Collision repair site operators,"First lien senior secured loan ($72,135 par due 8/2017)",6.00% (Libor + 5.00%/Q),8/20/2012,72135,72135
315,"Service King Paint & Body, LLC",Collision repair site operators,"First lien senior secured loan ($9,646 par due 8/2017)",4.00% (Libor + 3.00%/Q),8/20/2012,9646,9646
316,"Service King Paint & Body, LLC",Collision repair site operators,"First lien senior secured loan ($72,135 par due 8/2017)",6.00% (Libor + 5.00%/Q),8/20/2012,10000,10000
317,"Service King Paint & Body, LLC",Collision repair site operators,Membership interest,0,8/20/2012,5000,6948
318,Fulton Holdings Corp. (12),Airport restaurant operator,"First lien senior secured loan ($43,000 par due 5/2018)",8.50%,5/10/2013,43000,43000
319,Fulton Holdings Corp. (12),Airport restaurant operator,"First lien senior secured loan ($40,000 par due 5/2018)",8.50%,5/28/2010,40000,40000
320,Fulton Holdings Corp. (12),Airport restaurant operator,"Common stock (19,672 shares)",0,5/28/2010,1461,2086
321,"Paper Source, Inc. and Pine Holdings, Inc.","Retailer of fine and artisanal papers, gifts, gift wrap, greeting cards and envelopes","First lien senior secured loan ($18,952 par due 9/2018)",7.25% (Libor + 6.25%/Q),9/23/2013,18952,18952
322,"Paper Source, Inc. and Pine Holdings, Inc.","Retailer of fine and artisanal papers, gifts, gift wrap, greeting cards and envelopes","Class A common stock (36,364 shares)",0,9/23/2013,6000,6660
323,Things Remembered Inc. and TRM Holdings Corporation,Personalized gifts retailer,"First lien senior secured loan ($14,813 par due 5/2018)",8.00% (Libor + 6.50%/Q),5/24/2012,14813,14813
324,"Cadence Aerospace, LLC (fka PRV Aerospace, LLC)",Aerospace precision components manufacturer,"First lien senior secured loan ($4,459 par due 5/2018)",6.50% (Libor + 5.25%/Q),5/15/2012,4425,4459
325,"Cadence Aerospace, LLC (fka PRV Aerospace, LLC)",Aerospace precision components manufacturer,First lien senior secured loan ($65 par due 5/2018),7.50% (Base Rate + 4.25%/Q),5/15/2012,65,65
326,"Cadence Aerospace, LLC (fka PRV Aerospace, LLC)",Aerospace precision components manufacturer,"Second lien senior secured loan ($79,657 par due 5/2019)",10.50% (Libor + 9.25%/Q),5/10/2012,79657,77267
327,"ILC Industries, LLC",Designer and manufacturer of protective cases and technically advanced lighting systems,"First lien senior secured loan ($19,192 par due 7/2018)",8.00% (Libor + 6.50%/Q),7/13/2012,18885,19192
328,"Wyle Laboratories, Inc. and Wyle Holdings, Inc.","Provider of specialized engineering, scientific and technical services",Senior preferred stock (775 shares),8.00% PIK,1/17/2008,111,111
329,"Wyle Laboratories, Inc. and Wyle Holdings, Inc.","Provider of specialized engineering, scientific and technical services","Common stock (1,885,195 shares)",0,1/17/2008,2291,1722
330,"Argotec, LLC",Thermoplastic polyurethane films,First lien senior secured revolving loan ($625 par due 5/2018),7.00% (Base Rate + 3.75%/M),5/31/2013,625,625
331,"Argotec, LLC",Thermoplastic polyurethane films,"First lien senior secured loan ($5,788 par due 5/2019)",5.75% (Libor + 4.75%/M),5/31/2013,5788,5788
332,"Argotec, LLC",Thermoplastic polyurethane films,First lien senior secured loan ($74 par due 5/2019),7.00% (Base Rate + 3.75%/Q),5/31/2013,74,74
333,"Emerald Performance Materials, LLC",Polymers and performance materials manufacturer,"First lien senior secured loan ($17,730 par due 5/2018)",6.75% (Libor + 5.50%/Q),12/13/2013,18256,18262
334,"K2 Pure Solutions Nocal, L.P.",Chemical producer,"First lien senior secured revolving loan ($2,256 par due 8/2019)",8.13% (Libor + 7.13%/M),8/19/2013,2256,2211
335,"K2 Pure Solutions Nocal, L.P.",Chemical producer,"First lien senior secured loan ($41,500 par due 8/2019)",7.00% (Libor + 6.00%/M),8/19/2013,41500,40670
336,"K2 Pure Solutions Nocal, L.P.",Chemical producer,"First lien senior secured loan ($40,000 par due 8/2019)",7.00% (Libor + 6.00%/M),8/19/2013,40000,39200
337,"Eberle Design, Inc.",Provider of intelligent transportation systems products in the traffic and rail industries,"First lien senior secured loan ($30,500 par due 8/2018)",7.50% (Libor + 6.25%/Q),8/26/2013,30359,30500
338,PODS Funding Corp. II,Storage and warehousing,"First lien senior secured loan ($35,897 par due 12/2018)",7.00% (Libor + 6.00%/Q),12/19/2013,35897,35897
339,"United Road Towing, Inc.",Towing company,Warrants to purchase up to 607 shares,0,4/1/2010,0,0
340,"Batanga, Inc.",Independent digital media company,"First lien senior secured revolving loan ($3,000 par due 4/2014)",8.50%,10/31/2012,3000,3000
341,"Batanga, Inc.",Independent digital media company,"First lien senior secured loan ($4,936 par due 11/2016)",9.60%,10/31/2012,4936,5030
342,"Batanga, Inc.",Independent digital media company,"First lien senior secured loan ($4,500 par due 9/2017)",9.60%,10/31/2012,4500,4500
343,"Earthcolor Group, LLC",Printing management services,Limited liability company interests (9.30%),0,5/18/2012,0,0
344,"Encompass Digital Media, Inc.",Provider of outsourced network origination and transmission services for media companies,"First lien senior secured loan ($19,651 par due 8/2017)",6.75% (Libor + 5.50%/Q),12/13/2013,20233,20241
345,"The Teaching Company, LLC and The Teaching Company Holdings, Inc.",Education publications provider,"First lien senior secured loan ($20,886 par due 3/2017)",9.00% (Libor + 7.50%/Q),9/29/2006,20886,20469
346,"The Teaching Company, LLC and The Teaching Company Holdings, Inc.",Education publications provider,"First lien senior secured loan ($9,701 par due 3/2017)",9.00% (Libor + 7.50%/Q),9/29/2006,9701,9507
347,"The Teaching Company, LLC and The Teaching Company Holdings, Inc.",Education publications provider,"Preferred stock (10,663 shares)",0,9/29/2006,1066,2282
348,"The Teaching Company, LLC and The Teaching Company Holdings, Inc.",Education publications provider,"Common stock (15,393 shares)",0,9/29/2006,3,5
349,"10th Street, LLC(6)",Real estate holding company,"Senior subordinated loan ($26,250 par due 11/2014)","8.93% Cash, 4.07% PIK",4/1/2010,26250,26250
350,"10th Street, LLC(6)",Real estate holding company,Member interest (10.00% interest),0,4/1/2010,594,7257
351,"10th Street, LLC(6)",Real estate holding company,"Option (25,000 units)",0,4/1/2010,25,25
352,"American Commercial Coatings, Inc.",Real estate property,"Commercial mortgage loan ($2,275 par due 12/2025)",8.75% (Libor + 7.50%/Q),4/1/2010,664,1500
353,"Cleveland East Equity, LLC",Hotel operator,Real estate equity interests,0,4/1/2010,1026,5305
354,"Commons R-3, LLC",Real estate developer,Real estate equity interests,0,4/1/2010,0,0
355,"Crescent Hotels & Resorts, LLC and affiliates(7)",Hotel operator,"Senior subordinated loan ($2,236 par due 9/2011)",0,4/1/2010,0,0
356,"Crescent Hotels & Resorts, LLC and affiliates(7)",Hotel operator,"Senior subordinated loan ($2,092 par due 6/2017)",0,4/1/2010,0,0
357,"Crescent Hotels & Resorts, LLC and affiliates(7)",Hotel operator,Common equity interest,0,4/1/2010,0,0
358,"Hot Light Brands, Inc.(7)",Real estate holding company,"First lien senior secured loan ($31,384 par due 2/2011)",0,4/1/2010,90,253
359,"Hot Light Brands, Inc.(7)",Real estate holding company,"Common stock (93,500 shares)",0,4/1/2010,0,0
360,"NPH, Inc.",Hotel property,Real estate equity interests,0,4/1/2010,5291,5532
361,"Geotrace Technologies, Inc.",Reservoir processing and development,"Warrants to purchase up to 69,978 shares of common stock",0,4/1/2010,88,0
362,"Geotrace Technologies, Inc.",Reservoir processing and development,"Warrants to purchase up to 210,453 shares of preferred stock",0,4/1/2010,2805,638
363,"UL Holding Co., LLC and Universal Lubricants, LLC(6)",Petroleum product manufacturer,"Second lien senior secured loan ($10,093 par due 12/2014)",0,4/30/2012,9519,7260
364,"UL Holding Co., LLC and Universal Lubricants, LLC(6)",Petroleum product manufacturer,"Second lien senior secured loan ($42,812 par due 12/2014)",0,4/30/2012,40097,30795
365,"UL Holding Co., LLC and Universal Lubricants, LLC(6)",Petroleum product manufacturer,"Second lien senior secured loan ($4,994 par due 12/2014)",0,4/30/2012,4668,3592
366,"UL Holding Co., LLC and Universal Lubricants, LLC(6)",Petroleum product manufacturer,"Class A common units (151,236 units)",0,6/17/2011,1512,0
367,"UL Holding Co., LLC and Universal Lubricants, LLC(6)",Petroleum product manufacturer,"Class B-5 common units (599,200 units)",0,4/25/2008,5472,0
368,"UL Holding Co., LLC and Universal Lubricants, LLC(6)",Petroleum product manufacturer,"Class B-4 common units (50,000 units)",0,6/17/2011,500,0
369,"UL Holding Co., LLC and Universal Lubricants, LLC(6)",Petroleum product manufacturer,"Class C common units (758,546 units)",0,4/25/2008,0,0
370,"Athletic Club Holdings, Inc.",Premier health club operator,"First lien senior secured loan ($34,000 par due 3/2019)",7.25% (Libor + 6.00%/M),10/11/2007,34000,34000
371,"CFW Co-Invest, L.P. and NCP Curves, L.P.",Health club franchisor,"Limited partnership interest (4,152,165 shares)",0,7/31/2012,4152,2913
372,"CFW Co-Invest, L.P. and NCP Curves, L.P.",Health club franchisor,"Limited partnership interest (2,218,235 shares)",0,7/31/2012,2218,1556
373,"American Broadband Communications, LLC, American Broadband Holding Company, and Cameron Holdings of NC, Inc.",Broadband communication services,Warrants to purchase up to 378 shares,0,11/7/2007,0,6833
374,"American Broadband Communications, LLC, American Broadband Holding Company, and Cameron Holdings of NC, Inc.",Broadband communication services,Warrants to purchase up to 200 shares,0,9/1/2010,0,3615
375,EUNetworks Group Limited(8),Broadband bandwidth infrastructure provider,"First lien senior secured loan ($20,567 par due 5/2019)",7.50% (Libor + 6.50%/Q),12/13/2013,21192,21185
376,"Quantance, Inc.",Designer of semiconductor products to the mobile wireless market,"First lien senior secured loan ($3,500 par due 9/2016)",10.25%,8/23/2013,3402,3465
377,"Quantance, Inc.",Designer of semiconductor products to the mobile wireless market,"Warrant to purchase up to 130,432 shares of Series D preferred stock",0,8/23/2013,74,74
378,"Startec Equity, LLC(7)",Communication services,Member interest,0,4/1/2010,0,0
379,Wilcon Holdings LLC,Communications infrastructure provider,"Class A common stock (2,000,000 shares)",0,12/13/2013,1829,1829
380,"Genomatica, Inc.",Developer of a biotechnology platform for the production of chemical products,"First lien senior secured loan ($1,500 par due 10/2016)",9.26%,3/28/2013,1439,1500
381,"Genomatica, Inc.",Developer of a biotechnology platform for the production of chemical products,"Warrant to purchase 322,422 shares of Series D preferred stock",0,3/28/2013,0,6
382,"RE Community Holdings II, Inc.and Pegasus Community Energy, LLC.",Operator of municipal recycling facilities,"Preferred stock (1,000 shares)",0,3/1/2011,8839,532
383,"Waste Pro USA, Inc",Waste management services,"Preferred Class A common equity (611,615 shares)",0,11/9/2006,12263,27898
384,"Apple & Eve, LLC and US Juice Partners, LLC(6)",Juice manufacturer,"Senior units (50,000 units)",0,10/5/2007,5000,5205
385,"Charter Baking Company, Inc.",Baked goods manufacturer,"Senior subordinated loan ($2,750 par due 6/2015)",17.50% PIK,2/6/2008,2750,2750
386,"Charter Baking Company, Inc.",Baked goods manufacturer,"Preferred stock (6,258 shares)",0,9/1/2006,2567,2260
387,Distant Lands Trading Co.,Coffee manufacturer,"Class A common stock (1,294 shares)",0,4/1/2010,980,0
388,Distant Lands Trading Co.,Coffee manufacturer,"Class A-1 common stock (2,157 shares)",0,4/1/2010,0,0
389,"BECO Holding Company, Inc.",Wholesale distributor of first response fire protection equipment and related parts,"Common stock (25,000 shares)",0,7/30/2010,2500,3103
