,Company(1),Business Description,Investment,Interest(6)(12),,Amortized  Cost,Fair  Value
0,"HCI Equity, LLC(8)(9)(10)",Investment company,Member interest (100.00% interest),0,4/1/2010,0.0,0.1
1,"Imperial Capital Private Opportunities, LP(10)(25)",Investment partnership,Limited partnership interest (80.00% interest),0,5/10/2007,4.0,16.8
2,"Partnership Capital Growth Fund I, L.P.(10)",Investment partnership,Limited partnership interest (25.00% interest),0,6/16/2006,0.0,0.1
3,"Partnership Capital Growth Investors III, L.P.(10)(25)",Investment partnership,Limited partnership interest (2.50% interest),0,10/5/2011,2.7,3.2
4,"PCG-Ares Sidecar Investment II, L.P.(10)(25)",Investment partnership,Limited partnership interest (100.00% interest),0,10/31/2014,7.5,12.5
5,"PCG-Ares Sidecar Investment, L.P.(10)(25)",Investment partnership,Limited partnership interest (100.00% interest),0,5/22/2014,3.4,4.2
6,"Piper Jaffray Merchant Banking Fund I, L.P.(10)(25)",Investment partnership,Limited partnership interest (2.00% interest),0,8/16/2012,1.7,1.5
7,"Senior Direct Lending Program, LLC(8)(10)(27)",Co-investment vehicle,Subordinated certificates ($269.8 par due 12/2036)(21),9.00% (Libor + 8.00%/Q)(21),7/27/2016,269.8,269.8
8,"Senior Direct Lending Program, LLC(8)(10)(27)",Co-investment vehicle,Member interest (87.50% interest),0,7/27/2016,0.0,0.0
9,Senior Secured Loan Fund LLC(8)(11)(26),Co-investment vehicle,"Subordinated certificates ($2,004.0 par due 12/2024)(20)",9.00% (Libor + 8.00%/M)(20),10/30/2009,1938.4,1914.2
10,Senior Secured Loan Fund LLC(8)(11)(26),Co-investment vehicle,Member interest (87.50% interest),0,10/30/2009,0.0,0.0
11,VSC Investors LLC(10),Investment company,Membership interest (1.95% interest),0,1/24/2008,0.3,1.2
12,"Absolute Dental Management LLC and ADM Equity, LLC",Dental services provider,First lien senior secured loan ($18.8 par due 1/2022),9.06% (Libor + 8.06%/Q),1/5/2016,18.8,17.8
13,"Absolute Dental Management LLC and ADM Equity, LLC",Dental services provider,First lien senior secured loan ($5.0 par due 1/2022),9.06% (Libor + 8.06%/Q),1/5/2016,5.0,4.8
14,"Absolute Dental Management LLC and ADM Equity, LLC",Dental services provider,"Class A preferred units (4,000,000 units)",0,1/5/2016,4.0,0.8
15,"Absolute Dental Management LLC and ADM Equity, LLC",Dental services provider,"Class A common units (4,000,000 units)",0,1/5/2016,0.0,0.8
16,"ADCS Billings Intermediate Holdings, LLC(24)",Dermatology practice,First lien senior secured revolving loan ($1.6 par due 5/2022),8.50% (Base Rate + 4.75%/Q),5/18/2016,1.6,1.6
17,"ADG, LLC and RC IV GEDC Investor LLC(24)",Dental services provider,First lien senior secured revolving loan ($2.0 par due 9/2022),5.75% (Libor + 4.75%/Q),9/28/2016,2.0,2.0
18,"ADG, LLC and RC IV GEDC Investor LLC(24)",Dental services provider,Second lien senior secured loan ($87.5 par due 3/2024),10.00% (Libor + 9.00%/Q),9/28/2016,87.5,87.5
19,"ADG, LLC and RC IV GEDC Investor LLC(24)",Dental services provider,"Membership units (3,000,000 units)",0,9/28/2016,3.0,3.0
20,Alegeus Technologies Holdings Corp.,Benefits administration and transaction processing provider,"Preferred stock (2,997 shares)",0,12/13/2013,3.1,2.2
21,Alegeus Technologies Holdings Corp.,Benefits administration and transaction processing provider,Common stock (3 shares),0,12/13/2013,0.0,0.0
22,"Argon Medical Devices, Inc.",Manufacturer and marketer of single-use specialty medical devices,Second lien senior secured loan ($9.0 par due 6/2022),10.50% (Libor + 9.50%/Q),12/23/2015,8.8,9.0
23,AwarePoint Corporation,Healthcare technology platform developer,First lien senior secured loan ($8.8 par due 6/2018),11.50% (Libor + 10.50%/M),9/5/2014,8.6,8.8
24,AwarePoint Corporation,Healthcare technology platform developer,"Warrant to purchase up to 3,213,367 shares of Series 1 preferred stock (expires 9/2024)",0,11/14/2014,0.0,0.6
25,"CCS Intermediate Holdings, LLC and CCS Group Holdings, LLC(24)",Correctional facility healthcare operator,First lien senior secured revolving loan ($3.8 par due 7/2019),5.00% (Libor + 4.00%/Q),7/23/2014,3.8,3.2
26,"CCS Intermediate Holdings, LLC and CCS Group Holdings, LLC(24)",Correctional facility healthcare operator,First lien senior secured revolving loan ($1.6 par due 7/2019),6.75% (Base Rate + 3.00%/Q),7/23/2014,1.6,1.4
27,"CCS Intermediate Holdings, LLC and CCS Group Holdings, LLC(24)",Correctional facility healthcare operator,First lien senior secured loan ($6.6 par due 7/2021),5.00% (Libor + 4.00%/Q),7/23/2014,6.6,5.6
28,"CCS Intermediate Holdings, LLC and CCS Group Holdings, LLC(24)",Correctional facility healthcare operator,Second lien senior secured loan ($135.0 par due 7/2022),9.38% (Libor + 8.38%/Q),7/23/2014,134.0,101.3
29,"CCS Intermediate Holdings, LLC and CCS Group Holdings, LLC(24)",Correctional facility healthcare operator,"Class A units (601,937 units)",0,8/19/2010,0.0,0.1
30,"Correctional Medical Group Companies, Inc.",Correctional facility healthcare operator,First lien senior secured loan ($3.1 par due 9/2021),9.38% (Libor + 8.38%/Q),9/29/2015,3.1,3.0
31,"Correctional Medical Group Companies, Inc.",Correctional facility healthcare operator,First lien senior secured loan ($48.8 par due 9/2021),9.38% (Libor + 8.38%/Q),9/29/2015,48.8,47.8
32,"D4C Dental Brands HoldCo, Inc. and Bambino Group Holdings, LLC(24)",Dental services provider,"Class A preferred units (1,000,000 units)",0,12/21/2016,1.0,1.0
33,"DCA Investment Holding, LLC(24)",Multi-branded dental practice management,First lien senior secured revolving loan ($2.1 par due 7/2021),8.00% (Base Rate + 4.25%/Q),7/2/2015,2.1,2.0
34,"DCA Investment Holding, LLC(24)",Multi-branded dental practice management,First lien senior secured loan ($18.9 par due 7/2021),6.25% (Libor + 5.25%/Q),7/2/2015,18.8,18.5
35,"DNAnexus, Inc.",Bioinformatics company,First lien senior secured loan ($9.7 par due 10/2018),9.25% (Libor + 8.25%/M),3/21/2014,9.5,9.7
36,"DNAnexus, Inc.",Bioinformatics company,"Warrant to purchase up to 909,092 units of Series C preferred stock (expires 3/2024)",0,3/21/2014,0.0,0.1
37,"Global Healthcare Exchange, LLC and GHX Ultimate Parent Corp.",On-demand supply chain automation solutions provider,Second lien senior secured loan ($47.5 par due 8/2023),9.75% (Libor + 8.75%/Q),8/18/2016,46.8,47.5
38,"Global Healthcare Exchange, LLC and GHX Ultimate Parent Corp.",On-demand supply chain automation solutions provider,"Class A common stock (1,788 shares)",0,3/11/2014,1.8,1.8
39,"Global Healthcare Exchange, LLC and GHX Ultimate Parent Corp.",On-demand supply chain automation solutions provider,Class B common stock (980 shares),0,3/11/2014,0.0,5.5
40,"Greenphire, Inc. and RMCF III CIV XXIX, L.P(24)",Software provider for clinical trial management,First lien senior secured loan ($1.5 par due 12/2018),9.00% (Libor + 8.00%/M),12/19/2014,1.5,1.5
41,"Greenphire, Inc. and RMCF III CIV XXIX, L.P(24)",Software provider for clinical trial management,First lien senior secured loan ($3.6 par due 12/2018),9.00% (Libor + 8.00%/M),12/19/2014,3.6,3.6
42,"Greenphire, Inc. and RMCF III CIV XXIX, L.P(24)",Software provider for clinical trial management,Limited partnership interest (99.90% interest),0,12/19/2014,1.0,1.2
43,Hygiena Borrower LLC(24),Adenosine triphosphate testing technology provider,Second lien senior secured loan ($10.0 par due 8/2023),10.00% (Libor + 9.00%/Q),8/26/2016,10.0,10.0
44,"INC Research Mezzanine Co-Invest, LLC",Pharmaceutical and biotechnology consulting services,"Common stock (13,252 shares)",0,9/27/2010,0.0,0.7
45,Intermedix Corporation,Revenue cycle management provider to the emergency healthcare industry,Second lien senior secured loan ($112.0 par due 6/2020),9.25% (Libor + 8.25%/Q),12/27/2012,112.0,108.6
46,"MC Acquisition Holdings I, LLC",Healthcare professional provider,"Class A units (1,338,314 shares)",0,1/17/2014,1.3,1.2
47,MW Dental Holding Corp.(24),Dental services provider,First lien senior secured revolving loan ($1.5 par due 4/2018),9.00% (Libor + 7.50%/Q),4/12/2011,1.5,1.5
48,MW Dental Holding Corp.(24),Dental services provider,First lien senior secured loan ($44.9 par due 4/2018),9.00% (Libor + 7.50%/Q),4/12/2011,44.9,44.9
49,MW Dental Holding Corp.(24),Dental services provider,First lien senior secured loan ($47.3 par due 4/2018),9.00% (Libor + 7.50%/Q),4/12/2011,47.3,47.3
50,MW Dental Holding Corp.(24),Dental services provider,First lien senior secured loan ($19.5 par due 4/2018),9.00% (Libor + 7.50%/Q),4/12/2011,19.5,19.5
51,"My Health Direct, Inc.(24)",Healthcare scheduling exchange software solution provider,First lien senior secured revolving loan ($0.5 par due 9/2017),8.75% (Base Rate + 5.00%/M),9/18/2014,0.5,0.5
52,"My Health Direct, Inc.(24)",Healthcare scheduling exchange software solution provider,First lien senior secured loan ($1.3 par due 1/2018),10.75%,9/18/2014,1.3,1.3
53,"My Health Direct, Inc.(24)",Healthcare scheduling exchange software solution provider,"Warrant to purchase up to 4,548 shares of Series D preferred stock (expires 9/2024)",0,9/18/2014,0.0,0.0
54,"New Trident Holdcorp, Inc.",Outsourced mobile diagnostic healthcare service provider,Second lien senior secured loan ($80.0 par due 7/2020),10.75% (Libor + 9.50%/Q),8/6/2013,79.1,80.0
55,"NMSC Holdings, Inc. and ASP NAPA Holdings, LLC",Anesthesia management services provider,Second lien senior secured loan ($72.8 par due 10/2023),11.00% (Libor + 10.00%/Q),4/19/2016,72.8,72.8
56,"NMSC Holdings, Inc. and ASP NAPA Holdings, LLC",Anesthesia management services provider,"Class A units (25,277 units)",0,4/19/2016,2.5,2.4
57,"Nodality, Inc.",Biotechnology company,First lien senior secured loan ($2.3 par due 8/2016),0,11/12/2015,2.1,0.4
58,"Nodality, Inc.",Biotechnology company,First lien senior secured loan ($10.9 par due 8/2016),0,4/25/2014,9.7,2.0
59,"Nodality, Inc.",Biotechnology company,"Warrant to purchase up to 3,736,255 shares of common stock (expires 3/2026)",0,3/15/16,0.0,0.0
60,NSM Sub Holdings Corp.(24),"Provider of customized mobility, rehab and adaptive seating systems",First lien senior secured revolving loan ($0.6 par due 10/2022),6.00% (Libor + 5.00%/Q),10/3/2016,0.6,0.6
61,NSM Sub Holdings Corp.(24),"Provider of customized mobility, rehab and adaptive seating systems",First lien senior secured revolving loan ($0.3 par due 10/2022),7.75% (Base Rate + 4.00%/Q),10/3/2016,0.3,0.3
62,"nThrive, Inc. (fka Precyse Acquisition Corp.)",Provider of healthcare information management technology and services,Second lien senior secured loan ($10.0 par due 4/2023),10.75% (Libor + 9.75%/Q),4/20/2016,9.6,10.0
63,"OmniSYS Acquisition Corporation, OmniSYS, LLC, and OSYS Holdings, LLC(24)",Provider of technology-enabled solutions to pharmacies,First lien senior secured loan ($5.9 par due 11/2018),8.50% (Libor + 7.50%/Q),11/21/2013,5.9,5.9
64,"OmniSYS Acquisition Corporation, OmniSYS, LLC, and OSYS Holdings, LLC(24)",Provider of technology-enabled solutions to pharmacies,Limited liability company membership interest (1.57%),0,11/21/2013,1.0,0.7
65,"Patterson Medical Supply, Inc.",Distributor of rehabilitation supplies and equipment,Second lien senior secured loan ($78.0 par due 8/2023),9.50% (Libor + 8.50%/Q),9/2/2015,76.1,78.0
66,"PerfectServe, Inc.",Communications software platform provider for hospitals and physician practices,First lien senior secured loan ($9.0 par due 3/2020),9.00% (Libor + 8.00%/M),9/15/2015,8.7,9.0
67,"PerfectServe, Inc.",Communications software platform provider for hospitals and physician practices,First lien senior secured loan ($2.0 par due 6/2020),9.00% (Libor + 8.00%/M),9/15/2015,2.0,2.0
68,"PerfectServe, Inc.",Communications software platform provider for hospitals and physician practices,First lien senior secured loan ($3.0 par due 6/2021),9.00% (Libor + 8.00%/M),9/15/2015,3.0,3.0
69,"PerfectServe, Inc.",Communications software platform provider for hospitals and physician practices,"Warrant to purchase up to 28,428 shares of Series C preferred stock (expires 9/2025)",0,9/15/2015,0.2,0.3
70,"PerfectServe, Inc.",Communications software platform provider for hospitals and physician practices,"Warrant to purchase up to 34,113 units of Series C preferred stock (expires 12/2023)",0,12/26/2013,0.0,0.3
71,PhyMED Management LLC,Provider of anesthesia services,Second lien senior secured loan ($47.2 par due 5/2021),9.75% (Libor + 8.75%/Q),12/18/2015,46.6,45.8
72,"Respicardia, Inc.",Developer of implantable therapies to improve cardiovascular health,"Warrant to purchase up to 99,094 shares of Series C preferred stock (expires 6/2022)",0,6/28/2012,0.0,0.0
73,"Sarnova HC, LLC, Tri-Anim Health Services, Inc., and BEMS Holdings, LLC",Distributor of emergency medical service and respiratory products,Second lien senior secured loan ($54.0 par due 7/2022),10.50% (Libor + 9.50%/Q),1/29/2016,54.0,54.0
74,"Transaction Data Systems, Inc.",Pharmacy management software provider,Second lien senior secured loan ($7.8 par due 6/2022),10.00% (Libor + 9.00%/Q),6/15/2015,7.8,7.8
75,"Transaction Data Systems, Inc.",Pharmacy management software provider,Second lien senior secured loan ($27.5 par due 6/2022),10.00% (Libor + 9.00%/Q),6/15/2015,27.5,27.5
76,"U.S. Anesthesia Partners, Inc.",Anesthesiology service provider,Second lien senior secured loan ($23.5 par due 9/2020),10.25% (Libor + 9.25%/Q),12/14/2015,23.5,23.5
77,"U.S. Anesthesia Partners, Inc.",Anesthesiology service provider,Second lien senior secured loan ($50.0 par due 9/2020),10.25% (Libor + 9.25%/Q),9/24/2014,50.0,50.0
78,"Urgent Cares of America Holdings I, LLC and FastMed Holdings I, LLC(24)",Operator of urgent care clinics,First lien senior secured loan ($13.9 par due 12/2022),7.00% (Libor + 6.00%/Q),12/1/2015,13.9,12.6
79,"Urgent Cares of America Holdings I, LLC and FastMed Holdings I, LLC(24)",Operator of urgent care clinics,First lien senior secured loan ($54.2 par due 12/2022),7.00% (Libor + 6.00%/Q),12/1/2015,54.2,49.3
80,"Urgent Cares of America Holdings I, LLC and FastMed Holdings I, LLC(24)",Operator of urgent care clinics,"Preferred units (7,696,613 units)",0,6/11/2015,7.7,9.4
81,"Urgent Cares of America Holdings I, LLC and FastMed Holdings I, LLC(24)",Operator of urgent care clinics,"Series A common units (2,000,000 units)",0,6/11/2015,2.0,0.1
82,"Urgent Cares of America Holdings I, LLC and FastMed Holdings I, LLC(24)",Operator of urgent care clinics,"Series C common units (1,026,866 units)",0,6/11/2015,0.0,0.0
83,Vertice Pharma UK Parent Limited,Manufacturer and distributor of generic pharmaceutical products,"Preferred shares (40,662 shares)",0,12/21/2015,0.4,0.4
84,"Young Innovations, Inc.",Dental supplies and equipment manufacturer,Second lien senior secured loan ($31.4 par due 7/2019),10.25% (Libor + 9.25%/Q),10/18/2016,31.4,31.4
85,"Young Innovations, Inc.",Dental supplies and equipment manufacturer,Second lien senior secured loan ($55.0 par due 7/2019),10.25% (Libor + 9.25%/Q),5/30/2014,55.0,55.0
86,"Accruent, LLC and Athena Parent, Inc.(24)",Real estate and facilities management software provider,First lien senior secured revolving loan ($0.3 par due 5/2022),8.00% (Base Rate + 4.25%/Q),5/16/2016,0.3,0.3
87,"Accruent, LLC and Athena Parent, Inc.(24)",Real estate and facilities management software provider,Second lien senior secured loan ($10.5 par due 11/2022),12.50% (Base Rate + 8.75%/Q),9/19/2016,10.5,10.5
88,"Accruent, LLC and Athena Parent, Inc.(24)",Real estate and facilities management software provider,Second lien senior secured loan ($42.5 par due 11/2022),10.75% (Libor + 9.75%/Q),9/19/2016,42.5,42.5
89,"Accruent, LLC and Athena Parent, Inc.(24)",Real estate and facilities management software provider,Series A preferred stock (778 shares),0,9/19/2016,0.8,0.8
90,"Accruent, LLC and Athena Parent, Inc.(24)",Real estate and facilities management software provider,"Common stock (3,000 shares)",0,5/16/2016,3.0,3.1
91,"Acrisure, LLC, Acrisure Investors FO, LLC and Acrisure Investors SO, LLC(24)",Retail insurance advisor and brokerage,Second lien senior secured loan ($88.6 par due 11/2024),10.25% (Libor + 9.25%/Q),11/22/2016,88.6,88.6
92,"Acrisure, LLC, Acrisure Investors FO, LLC and Acrisure Investors SO, LLC(24)",Retail insurance advisor and brokerage,"Membership interests (8,502,697 units)",0,11/18/2016,8.5,8.5
93,"Acrisure, LLC, Acrisure Investors FO, LLC and Acrisure Investors SO, LLC(24)",Retail insurance advisor and brokerage,"Membership interests (2,125,674 units)",0,11/18/2016,2.1,2.1
94,Brandtone Holdings Limited(9),Mobile communications and marketing services provider,First lien senior secured loan ($4.7 par due 11/2018),0,5/11/2015,4.5,0.0
95,Brandtone Holdings Limited(9),Mobile communications and marketing services provider,First lien senior secured loan ($3.1 par due 2/2019),0,5/11/2015,3.0,0.0
96,Brandtone Holdings Limited(9),Mobile communications and marketing services provider,"Warrant to purchase up to 184,003 units of Series Three participating convertible preferred shares (expires 8/2026)",0,5/11/2015,0.0,0.0
97,"CallMiner, Inc.",Provider of cloud-based conversational analytics solutions,Second lien senior secured loan ($2.1 par due 5/2018),10.50% (Libor + 9.50%/M),7/23/2014,2.1,2.1
98,"CallMiner, Inc.",Provider of cloud-based conversational analytics solutions,Second lien senior secured loan ($1.2 par due 8/2018),10.50% (Libor + 9.50%/M),7/23/2014,1.2,1.2
99,"CallMiner, Inc.",Provider of cloud-based conversational analytics solutions,"Warrant to purchase up to 2,350,636 shares of Series 1 preferred stock (expires 7/2024)",0,7/23/2014,0.0,0.0
100,"CIBT Investment Holdings, LLC",Expedited travel document processing services,"Class A shares (2,500 shares)",0,12/15/2011,2.5,5.9
101,"CMW Parent LLC (fka Black Arrow, Inc.)",Multiplatform media firm,Series A units (32 units),0,9/11/2015,0.0,0.0
102,"Command Alkon, Incorporated and CA Note Issuer, LLC",Software solutions provider to the ready-mix concrete industry,Second lien senior secured loan ($10.0 par due 8/2020),9.25% (Libor + 8.25%/Q),9/28/2012,10.0,10.0
103,"Command Alkon, Incorporated and CA Note Issuer, LLC",Software solutions provider to the ready-mix concrete industry,Second lien senior secured loan ($11.5 par due 8/2020),9.44% (Libor + 8.25%/Q),9/28/2012,11.5,11.5
104,"Command Alkon, Incorporated and CA Note Issuer, LLC",Software solutions provider to the ready-mix concrete industry,Second lien senior secured loan ($26.5 par due 8/2020),9.25% (Libor + 8.25%/Q),9/28/2012,26.5,26.5
105,"Command Alkon, Incorporated and CA Note Issuer, LLC",Software solutions provider to the ready-mix concrete industry,Senior subordinated loan ($23.3 par due 8/2021),14.00% PIK,8/8/2014,23.3,23.3
106,"Compuware Parent, LLC",Web and mobile cloud performance testing and monitoring services provider,"Class A-1 common stock (4,132 units)",0,12/15/2014,2.3,2.0
107,"Compuware Parent, LLC",Web and mobile cloud performance testing and monitoring services provider,"Class B-1 common stock (4,132 units)",0,12/15/2014,0.5,0.4
108,"Compuware Parent, LLC",Web and mobile cloud performance testing and monitoring services provider,"Class C-1 common stock (4,132 units)",0,12/15/2014,0.3,0.3
109,"Compuware Parent, LLC",Web and mobile cloud performance testing and monitoring services provider,"Class A-2 common stock (4,132 units)",0,12/15/2014,0.0,0.0
110,"Compuware Parent, LLC",Web and mobile cloud performance testing and monitoring services provider,"Class B-2 common stock (4,132 units)",0,12/15/2014,0.0,0.0
111,"Compuware Parent, LLC",Web and mobile cloud performance testing and monitoring services provider,"Class C-2 common stock (4,132 units)",0,12/15/2014,0.0,0.0
112,"Directworks, Inc. and Co-Exprise Holdings, Inc.",Provider of cloud-based software solutions for direct materials sourcing and supplier management for manufacturers,First lien senior secured loan ($1.9 par due 4/2018),10.25% (Libor + 9.25%/M),12/19/2014,1.9,1.7
113,"Directworks, Inc. and Co-Exprise Holdings, Inc.",Provider of cloud-based software solutions for direct materials sourcing and supplier management for manufacturers,"Warrant to purchase up to 1,875,000 shares of Series 1 preferred stock (expires 12/2024)",0,12/19/2014,0.0,0.0
114,"DTI Holdco, Inc. and OPE DTI Holdings, Inc.(24)",Provider of legal process outsourcing and managed services,First lien senior secured loan ($4.2 par due 9/2023),6.25% (Libor + 5.25%/Q),9/23/2016,4.1,4.1
115,"DTI Holdco, Inc. and OPE DTI Holdings, Inc.(24)",Provider of legal process outsourcing and managed services,"Class A common stock (7,500 shares)",0,8/19/2014,7.5,3.8
116,"DTI Holdco, Inc. and OPE DTI Holdings, Inc.(24)",Provider of legal process outsourcing and managed services,"Class B common stock (7,500 shares)",0,8/19/2014,0.0,3.8
117,"Faction Holdings, Inc. and The Faction Group LLC (fka PeakColo Holdings, Inc.)(24)",Wholesaler of cloud-based software applications and services,First lien senior secured revolving loan ($2.0 par due 11/2017),8.00% (Base Rate + 4.25%/M),11/3/2014,2.0,2.0
118,"Faction Holdings, Inc. and The Faction Group LLC (fka PeakColo Holdings, Inc.)(24)",Wholesaler of cloud-based software applications and services,First lien senior secured loan ($3.0 par due 12/2019),9.75% (Libor + 8.75%/M),12/3/2015,3.0,3.0
119,"Faction Holdings, Inc. and The Faction Group LLC (fka PeakColo Holdings, Inc.)(24)",Wholesaler of cloud-based software applications and services,First lien senior secured loan ($3.2 par due 5/2019),9.75% (Libor + 8.75%/M),11/3/2014,3.2,3.2
120,"Faction Holdings, Inc. and The Faction Group LLC (fka PeakColo Holdings, Inc.)(24)",Wholesaler of cloud-based software applications and services,"Warrant to purchase up to 1,481 shares of Series A preferred stock (expires 12/2025)",0,12/3/2015,0.0,0.0
121,"Faction Holdings, Inc. and The Faction Group LLC (fka PeakColo Holdings, Inc.)(24)",Wholesaler of cloud-based software applications and services,"Warrant to purchase up to 2,037 shares of Series A preferred stock (expires 11/2024)",0,11/3/2014,0.1,0.1
122,"First Insight, Inc.",Software company providing merchandising and pricing solutions to companies worldwide,"Warrant to purchase up to 122,827 units of Series C preferred stock (expires 3/2024)",0,3/20/2014,0.0,0.0
123,"iControl Networks, Inc. and uControl Acquisition, LLC",Software and services company for the connected home market,Second lien senior secured loan ($20.0 par due 3/2019),9.74% (Libor + 8.50%/M),2/19/2015,19.8,20.2
124,"iControl Networks, Inc. and uControl Acquisition, LLC",Software and services company for the connected home market,"Warrant to purchase up to 385,616 shares of Series D preferred stock (expires 2/2022)",0,2/19/2015,0.0,0.0
125,IfByPhone Inc.,Voice-based marketing automation software provider,"Warrant to purchase up to 124,300 shares of Series C preferred stock (expires 10/2022)",0,10/15/2012,0.1,0.1
126,Interactions Corporation,Developer of a speech recognition software based customer interaction system,Second lien senior secured loan ($2.3 par due 7/2019),9.85% (Libor + 8.85%/M),6/16/2015,2.1,2.3
127,Interactions Corporation,Developer of a speech recognition software based customer interaction system,Second lien senior secured loan ($21.1 par due 7/2019),9.85% (Libor + 8.85%/M),6/16/2015,20.9,21.1
128,Interactions Corporation,Developer of a speech recognition software based customer interaction system,"Warrant to purchase up to 68,187 shares of Series G-3 convertible preferred stock (expires 6/2022)",0,6/16/2015,0.3,0.3
129,"iPipeline, Inc., Internet Pipeline, Inc. and iPipeline Holdings, Inc.(24)",Provider of SaaS-based software solutions to the insurance and financial services industry,First lien senior secured loan ($46.9 par due 8/2022),8.25% (Libor + 7.25%/Q),8/4/2015,46.9,46.9
130,"iPipeline, Inc., Internet Pipeline, Inc. and iPipeline Holdings, Inc.(24)",Provider of SaaS-based software solutions to the insurance and financial services industry,First lien senior secured loan ($14.8 par due 8/2022),8.25% (Libor + 7.25%/Q),8/4/2015,14.8,14.8
131,"iPipeline, Inc., Internet Pipeline, Inc. and iPipeline Holdings, Inc.(24)",Provider of SaaS-based software solutions to the insurance and financial services industry,"Preferred stock (1,485 shares)",0,8/4/2015,1.5,2.7
132,"iPipeline, Inc., Internet Pipeline, Inc. and iPipeline Holdings, Inc.(24)",Provider of SaaS-based software solutions to the insurance and financial services industry,"Common stock (647,542 shares)",0,8/4/2015,0.0,0.1
133,"IronPlanet, Inc.",Online auction platform provider for used heavy equipment,"Warrant to purchase up to 133,333 shares of Series C preferred stock (expires 9/2023)",0,9/24/2013,0.2,0.1
134,"Itel Laboratories, Inc.(24)",Data services provider for building materials to property insurance industry,"Preferred units (1,798,391 units)",0,6/29/2012,1.0,1.3
135,"Market Track Holdings, LLC",Business media consulting services company,"Preferred stock (1,685 shares)",0,12/13/2013,2.2,2.8
136,"Market Track Holdings, LLC",Business media consulting services company,"Common stock (16,251 shares)",0,12/13/2013,2.2,2.8
137,"Maximus Holdings, LLC",Provider of software simulation tools and related services,"Warrant to purchase up to 1,050,013 shares of common stock (expires 10/2019)",0,12/13/2013,0.0,1.5
138,"Ministry Brands, LLC and MB Parent HoldCo, L.P.(24)",Software and payment services provider to faith-based institutions,First lien senior secured revolving loan ($3.8 par due 12/2022),6.00% (Libor + 5.00%/Q),12/2/2016,3.8,3.8
139,"Ministry Brands, LLC and MB Parent HoldCo, L.P.(24)",Software and payment services provider to faith-based institutions,First lien senior secured loan ($7.6 par due 12/2022),6.00% (Libor + 5.00%/Q),12/2/2016,7.5,7.6
140,"Ministry Brands, LLC and MB Parent HoldCo, L.P.(24)",Software and payment services provider to faith-based institutions,Second lien senior secured loan ($90.0 par due 6/2023),10.25% (Libor + 9.25%/Q),12/2/2016,89.2,90.0
141,"Ministry Brands, LLC and MB Parent HoldCo, L.P.(24)",Software and payment services provider to faith-based institutions,"Class A units (500,000 units)",0,12/2/2016,5.0,5.0
142,"MVL Group, Inc.(8)",Marketing research provider,Senior subordinated loan ($0.5 par due 7/2012),0,4/1/2010,0.2,0.2
143,"MVL Group, Inc.(8)",Marketing research provider,"Common stock (560,716 shares)",0,4/1/2010,0.0,0.0
144,"NAS, LLC, Nationwide Marketing Group, LLC and Nationwide Administrative Services, Inc.","Buying and marketing services organization for appliance, furniture and consumer electronics dealers",Second lien senior secured loan ($24.1 par due 12/2021),9.75% (Libor + 8.75%/Q),6/1/2015,24.1,22.4
145,"PayNearMe, Inc.",Electronic cash payment system provider,First lien senior secured loan ($10.0 par due 9/2019),9.50% (Libor + 8.50%/M),3/11/2016,9.6,10.0
146,"PayNearMe, Inc.",Electronic cash payment system provider,"Warrant to purchase up to 195,726 shares of Series E preferred stock (expires 3/2023)",0,3/11/2016,0.2,0.0
147,"Pegasus Intermediate Holdings, LLC(24)",Plant maintenance and scheduling process software provider,First lien senior secured loan ($1.3 par due 11/2022),7.25% (Libor + 6.25%/Q),11/7/2016,1.3,1.3
148,"PHL Investors, Inc., and PHL Holding Co.(8)",Mortgage services,Class A common stock (576 shares),0,7/31/2012,3.8,0.0
149,"Planview, Inc.",Provider of project and portfolio management software,Second lien senior secured loan ($30.0 par due 8/2022),10.50% (Libor + 9.50%/Q),8/9/2016,30.0,30.5
150,Poplicus Incorporated,Business intelligence and market analytics platform for companies that sell to the public sector,First lien senior secured loan ($5.3 par due 1/2018),0,6/25/2015,4.7,2.6
151,Poplicus Incorporated,Business intelligence and market analytics platform for companies that sell to the public sector,"Warrant to purchase up to 2,402,991 shares of Series C preferred stock (expires 6/2025)",0,6/25/2015,0.1,0.0
152,"PowerPlan, Inc. and Project Torque Ultimate Parent Corporation",Fixed asset financial management software provider,Second lien senior secured loan ($30.0 par due 2/2023),10.00% (Libor + 9.00%/Q),2/23/2015,29.8,30.0
153,"PowerPlan, Inc. and Project Torque Ultimate Parent Corporation",Fixed asset financial management software provider,Second lien senior secured loan ($50.0 par due 2/2023),10.00% (Libor + 9.00%/Q),2/23/2015,49.6,50.0
154,"PowerPlan, Inc. and Project Torque Ultimate Parent Corporation",Fixed asset financial management software provider,"Class A common stock (1,980 shares)",0,2/23/2015,2.0,0.0
155,"PowerPlan, Inc. and Project Torque Ultimate Parent Corporation",Fixed asset financial management software provider,"Class B common stock (989,011 shares)",0,2/23/2015,0.0,3.8
156,"Powersport Auctioneer Holdings, LLC",Powersport vehicle auction operator,"Common units (1,972 units)",0,3/2/2012,1.0,1.5
157,"Project Alpha Intermediate Holding, Inc. and Qlik Parent, Inc.",Provider of data visualization software for data analytics,First lien senior secured loan ($50.4 par due 8/2022),9.25% (Libor + 8.25%/Q),8/22/2016,49.7,50.4
158,"Project Alpha Intermediate Holding, Inc. and Qlik Parent, Inc.",Provider of data visualization software for data analytics,First lien senior secured loan ($59.9 par due 8/2022),9.25% (Libor + 8.25%/Q),8/22/2016,59.0,59.9
159,"Project Alpha Intermediate Holding, Inc. and Qlik Parent, Inc.",Provider of data visualization software for data analytics,First lien senior secured loan ($20.0 par due 8/2022),9.25% (Libor + 8.25%/Q),8/22/2016,19.7,20.0
160,"Project Alpha Intermediate Holding, Inc. and Qlik Parent, Inc.",Provider of data visualization software for data analytics,"Class A common shares (7,445 shares)",0,8/22/2016,7.4,0.1
161,"Project Alpha Intermediate Holding, Inc. and Qlik Parent, Inc.",Provider of data visualization software for data analytics,"Class B common shares (1,841,609 shares)",0,8/22/2016,0.1,8.3
162,R2 Acquisition Corp.,Marketing services,"Common stock (250,000 shares)",0,5/29/2007,0.3,0.3
163,Rocket Fuel Inc.,Provider of open and integrated software for digital marketing optimization,"Common stock (11,405 shares)",0,9/9/2014,0.0,0.0
164,Shift PPC LLC,Digital solutions provider,First lien senior secured loan ($12.5 par due 12/2021),7.00% (Libor + 6.00%/Q),12/22/2016,12.5,12.5
165,Sonian Inc.,Cloud-based email archiving platform,First lien senior secured loan ($7.5 par due 6/2020),8.65% (Libor + 7.65%/M),9/9/2015,7.4,7.5
166,Sonian Inc.,Cloud-based email archiving platform,"Warrant to purchase up to 169,045 shares of Series C preferred stock (expires 9/2022)",0,9/9/2015,0.1,0.1
167,"Talari Networks, Inc.",Networking equipment provider,First lien senior secured loan ($6.0 par due 12/2018),9.75% (Libor + 8.75%/M),8/3/2015,5.9,6.0
168,"Talari Networks, Inc.",Networking equipment provider,"Warrant to purchase up to 421,052 shares of Series D-1 preferred stock (expires 8/2022)",0,8/3/2015,0.1,0.1
169,"The Greeley Company, Inc. and HCP Acquisition Holdings, LLC(8)",Healthcare compliance advisory services,Senior subordinated loan ($10.2 par due 3/2017),0,3/5/2013,0.0,0.4
170,"The Greeley Company, Inc. and HCP Acquisition Holdings, LLC(8)",Healthcare compliance advisory services,"Class A units (14,293,110 units)",0,6/26/2008,12.8,0.0
171,"TraceLink, Inc.",Supply chain management software provider for the pharmaceutical industry,"Warrant to purchase up to 283,353 shares of Series A-2 preferred stock (expires 1/2025)",0,1/2/2015,0.1,2.5
172,"UL Holding Co., LLC(7)",Manufacturer and distributor of re-refined oil products,Senior subordinated loan ($5.8 par due 5/2020),10.00% PIK,4/30/2012,1.4,5.4
173,"UL Holding Co., LLC(7)",Manufacturer and distributor of re-refined oil products,Senior subordinated loan ($0.3 par due 5/2020),0,4/30/2012,0.1,0.3
174,"UL Holding Co., LLC(7)",Manufacturer and distributor of re-refined oil products,Senior subordinated loan ($23.9 par due 5/2020),10.00% PIK,4/30/2012,5.9,22.4
175,"UL Holding Co., LLC(7)",Manufacturer and distributor of re-refined oil products,Senior subordinated loan ($2.0 par due 5/2020),0,4/30/2012,0.5,1.9
176,"UL Holding Co., LLC(7)",Manufacturer and distributor of re-refined oil products,Senior subordinated loan ($2.8 par due 5/2020),10.00% PIK,4/30/2012,0.7,2.6
177,"UL Holding Co., LLC(7)",Manufacturer and distributor of re-refined oil products,Senior subordinated loan ($0.2 par due 5/2020),0,4/30/2012,0.1,0.2
178,"UL Holding Co., LLC(7)",Manufacturer and distributor of re-refined oil products,"Class A common units (533,351 units)",0,6/17/2011,5.0,0.0
179,"UL Holding Co., LLC(7)",Manufacturer and distributor of re-refined oil products,"Class B-5 common units (272,834 units)",0,6/17/2011,2.5,0.0
180,"UL Holding Co., LLC(7)",Manufacturer and distributor of re-refined oil products,"Class C common units (758,546 units)",0,4/25/2008,0.0,0.0
181,"UL Holding Co., LLC(7)",Manufacturer and distributor of re-refined oil products,"Warrant to purchase up to 719,044 shares of Class A units",0,5/2/2014,0.0,0.0
182,"UL Holding Co., LLC(7)",Manufacturer and distributor of re-refined oil products,"Warrant to purchase up to 28,663 shares of Class B-1 units",0,5/2/2014,0.0,0.0
183,"UL Holding Co., LLC(7)",Manufacturer and distributor of re-refined oil products,"Warrant to purchase up to 57,325 shares of Class B-2 units",0,5/2/2014,0.0,0.0
184,"UL Holding Co., LLC(7)",Manufacturer and distributor of re-refined oil products,"Warrant to purchase up to 29,645 shares of Class B-3 units",0,5/2/2014,0.0,0.0
185,"UL Holding Co., LLC(7)",Manufacturer and distributor of re-refined oil products,"Warrant to purchase up to 80,371 shares of Class B-5 units",0,5/2/2014,0.0,0.0
186,"UL Holding Co., LLC(7)",Manufacturer and distributor of re-refined oil products,"Warrant to purchase up to 59,655 shares of Class B-6 units",0,5/2/2014,0.0,0.0
187,"UL Holding Co., LLC(7)",Manufacturer and distributor of re-refined oil products,"Warrant to purchase up to 1,046,713 shares of Class C units",0,5/2/2014,0.0,0.0
188,Velocity Holdings Corp.,Hosted enterprise resource planning application management services provider,"Common units (1,713,546 units)",0,12/13/2013,4.5,2.8
189,WorldPay Group PLC(9),Payment processing company,"C2 shares (73,974 shares)",0,10/21/2015,0.0,0.0
190,"Zywave, Inc.(24)",Provider of software and technology-enabled content and analytical solutions to insurance brokers,Second lien senior secured loan ($27.0 par due 11/2023),10.00% (Libor + 9.00%/Q),11/17/2016,27.0,27.0
191,American Residential Services L.L.C.,"Heating, ventilation and air conditioning services provider",Second lien senior secured loan ($67.0 par due 12/2021),9.00% (Libor + 8.00%/Q),6/30/2014,66.7,67.0
192,"Community Education Centers, Inc. and CEC Parent Holdings LLC(8)",Offender re-entry and in-prison treatment services provider,First lien senior secured loan ($13.6 par due 12/2017),6.25% (Libor + 5.25%/Q),12/10/2010,13.6,13.6
193,"Community Education Centers, Inc. and CEC Parent Holdings LLC(8)",Offender re-entry and in-prison treatment services provider,First lien senior secured loan ($0.7 par due 12/2017),8.00% (Base Rate + 4.25%/Q),12/10/2010,0.7,0.7
194,"Community Education Centers, Inc. and CEC Parent Holdings LLC(8)",Offender re-entry and in-prison treatment services provider,Second lien senior secured loan ($21.9 par due 6/2018),15.89% (Libor + 15.00%/Q),12/10/2010,21.9,21.9
195,"Community Education Centers, Inc. and CEC Parent Holdings LLC(8)",Offender re-entry and in-prison treatment services provider,"Class A senior preferred units (7,846 units)",0,3/27/2015,9.4,11.9
196,"Community Education Centers, Inc. and CEC Parent Holdings LLC(8)",Offender re-entry and in-prison treatment services provider,"Class A junior preferred units (26,154 units)",0,3/27/2015,20.2,28.5
197,"Community Education Centers, Inc. and CEC Parent Holdings LLC(8)",Offender re-entry and in-prison treatment services provider,Class A common units (134 units),0,3/27/2015,0.0,0.0
198,"Competitor Group, Inc., Calera XVI, LLC and Champion Parent Corporation(8)(24)",Endurance sports media and event operator,First lien senior secured revolving loan ($0.9 par due 11/2018),5.00% (Libor + 3.75%/Q),9/29/2016,0.9,0.9
199,"Competitor Group, Inc., Calera XVI, LLC and Champion Parent Corporation(8)(24)",Endurance sports media and event operator,First lien senior secured revolving loan ($4.7 par due 11/2018),5.00% (Libor + 3.75%/Q),11/30/2012,4.5,4.5
200,"Competitor Group, Inc., Calera XVI, LLC and Champion Parent Corporation(8)(24)",Endurance sports media and event operator,First lien senior secured loan ($39.6 par due 11/2018),5.00% (Libor + 3.75%/Q),11/30/2012,38.0,38.6
201,"Competitor Group, Inc., Calera XVI, LLC and Champion Parent Corporation(8)(24)",Endurance sports media and event operator,"Preferred shares (18,875 shares)",0,3/25/2016,16.0,0.0
202,"Competitor Group, Inc., Calera XVI, LLC and Champion Parent Corporation(8)(24)",Endurance sports media and event operator,"Membership units (2,522,512 units)",0,11/30/2012,2.5,0.0
203,"Competitor Group, Inc., Calera XVI, LLC and Champion Parent Corporation(8)(24)",Endurance sports media and event operator,"Common shares (114,000 shares)",0,3/25/2016,0.0,0.0
204,"Crown Health Care Laundry Services, LLC and Crown Laundry Holdings, LLC(7)(24)",Provider of outsourced healthcare linen management solutions,First lien senior secured revolving loan,0,3/13/2014,0.0,0.0
205,"Crown Health Care Laundry Services, LLC and Crown Laundry Holdings, LLC(7)(24)",Provider of outsourced healthcare linen management solutions,First lien senior secured loan ($5.8 par due 12/2021),7.25% (Libor + 6.25%/Q),3/13/2014,5.8,5.8
206,"Crown Health Care Laundry Services, LLC and Crown Laundry Holdings, LLC(7)(24)",Provider of outsourced healthcare linen management solutions,First lien senior secured loan ($5.2 par due 12/2021),7.25% (Libor + 6.25%/Q),3/13/2014,5.2,5.2
207,"Crown Health Care Laundry Services, LLC and Crown Laundry Holdings, LLC(7)(24)",Provider of outsourced healthcare linen management solutions,"Class A preferred units (2,475,000 units)",0,3/13/2014,2.5,3.0
208,"Crown Health Care Laundry Services, LLC and Crown Laundry Holdings, LLC(7)(24)",Provider of outsourced healthcare linen management solutions,"Class B common units (275,000 units)",0,3/13/2014,0.3,0.3
209,"Dwyer Acquisition Parent, Inc. and TDG Group Holding Company",Operator of multiple franchise concepts primarily related to home maintenance or repairs,Senior subordinated loan ($31.5 par due 2/2020),11.00%,6/12/2015,31.5,31.5
210,"Dwyer Acquisition Parent, Inc. and TDG Group Holding Company",Operator of multiple franchise concepts primarily related to home maintenance or repairs,Senior subordinated loan ($52.7 par due 2/2020),11.00%,8/15/2014,52.7,52.7
211,"Dwyer Acquisition Parent, Inc. and TDG Group Holding Company",Operator of multiple franchise concepts primarily related to home maintenance or repairs,"Common stock (32,843 shares)",0,8/15/2014,3.4,5.0
212,"Massage Envy, LLC and ME Equity LLC(24)",Franchisor in the massage industry,First lien senior secured revolving loan ($3.5 par due 9/2020),7.75% (Libor + 6.75%/Q),9/27/2012,3.5,3.5
213,"Massage Envy, LLC and ME Equity LLC(24)",Franchisor in the massage industry,First lien senior secured loan ($38.9 par due 9/2020),7.75% (Libor + 6.75%/Q),9/27/2012,38.9,38.9
214,"Massage Envy, LLC and ME Equity LLC(24)",Franchisor in the massage industry,First lien senior secured loan ($18.9 par due 9/2020),7.75% (Libor + 6.75%/Q),9/27/2012,18.9,18.9
215,"Massage Envy, LLC and ME Equity LLC(24)",Franchisor in the massage industry,"Common stock (3,000,000 shares)",0,9/27/2012,3.0,3.3
216,"McKenzie Sports Products, LLC(24)","Designer, manufacturer and distributor of hunting-related supplies",First lien senior secured loan ($5.5 par due 9/2020),6.75% (Libor + 5.75%/Q),9/18/2014,5.5,5.4
217,"McKenzie Sports Products, LLC(24)","Designer, manufacturer and distributor of hunting-related supplies",First lien senior secured loan ($84.5 par due 9/2020),6.75% (Libor + 5.75%/Q),9/18/2014,84.5,82.8
218,"OpenSky Project, Inc. and OSP Holdings, Inc.",Social commerce platform operator,First lien senior secured loan ($0.9 par due 9/2017),10.00%,6/4/2014,0.9,0.9
219,"OpenSky Project, Inc. and OSP Holdings, Inc.",Social commerce platform operator,"Warrant to purchase up to 159,496 shares of Series D preferred stock (expires 4/2025)",0,6/29/2015,0.0,0.0
220,"Osmose Holdings, Inc.",Provider of structural integrity management services to transmission and distribution infrastructure,Second lien senior secured loan ($25.0 par due 8/2023),8.75% (Libor + 7.75%/Q),9/3/2015,24.6,24.5
221,"SocialFlow, Inc.",Social media optimization platform provider,First lien senior secured loan ($4.0 par due 8/2019),9.50% (Libor + 8.50%/M),1/29/2016,3.9,4.0
222,"SocialFlow, Inc.",Social media optimization platform provider,"Warrant to purchase up to 215,331 shares of Series C preferred stock (expires 1/2026)",0,1/29/2016,0.0,0.0
223,Spin HoldCo Inc.,Laundry service and equipment provider,Second lien senior secured loan ($140.0 par due 5/2020),8.00% (Libor + 7.00%/Q),5/14/2013,140.0,138.6
224,"Surface Dive, Inc.",SCUBA diver training and certification provider,Second lien senior secured loan ($31.6 par due 1/2022),9.00% (Libor + 8.00%/Q),7/28/2015,31.6,31.6
225,"Surface Dive, Inc.",SCUBA diver training and certification provider,Second lien senior secured loan ($94.1 par due 1/2022),10.25% (Libor + 9.25%/Q),1/29/2015,93.8,94.1
226,"U.S. Security Associates Holdings, Inc",Security guard service provider,Second lien senior secured loan ($25.0 par due 7/2018),11.00%,11/24/2015,25.0,25.0
227,WASH Multifamily Acquisition Inc. and Coinamatic Canada Inc.,Laundry service and equipment provider,Second lien senior secured loan ($3.7 par due 5/2023),8.00% (Libor + 7.00%/Q),5/14/2015,3.7,3.7
228,WASH Multifamily Acquisition Inc. and Coinamatic Canada Inc.,Laundry service and equipment provider,Second lien senior secured loan ($21.3 par due 5/2023),8.00% (Libor + 7.00%/Q),5/14/2015,20.9,21.1
229,"Badger Sportswear Acquisition, Inc.",Provider of team uniforms and athletic wear,Second lien senior secured loan ($50.0 par due 3/2024),10.00% (Libor + 9.00%/Q),9/6/2016,49.9,50.0
230,"Feradyne Outdoors, LLC and Bowhunter Holdings, LLC",Provider of branded archery and bowhunting accessories,First lien senior secured loan ($4.4 par due 3/2019),4.00% (Libor + 3.00%/Q),4/24/2014,4.4,4.3
231,"Feradyne Outdoors, LLC and Bowhunter Holdings, LLC",Provider of branded archery and bowhunting accessories,First lien senior secured loan ($5.2 par due 3/2019),4.00% (Libor + 3.00%/Q),4/24/2014,5.2,5.1
232,"Feradyne Outdoors, LLC and Bowhunter Holdings, LLC",Provider of branded archery and bowhunting accessories,First lien senior secured loan ($9.5 par due 3/2019),6.55% (Libor + 5.55%/Q),4/24/2014,9.5,9.0
233,"Feradyne Outdoors, LLC and Bowhunter Holdings, LLC",Provider of branded archery and bowhunting accessories,First lien senior secured loan ($50.1 par due 3/2019),6.55% (Libor + 5.55%/Q),4/24/2014,50.1,47.6
234,"Feradyne Outdoors, LLC and Bowhunter Holdings, LLC",Provider of branded archery and bowhunting accessories,Common units (300 units),0,4/24/2014,3.7,2.4
235,Indra Holdings Corp.,"Designer, marketer, and distributor of rain and cold weather products",Second lien senior secured loan ($80.0 par due 11/2021),8.50% (Libor + 7.50%/Q),5/1/2014,79.2,60.8
236,"Plantation Products, LLC, Seed Holdings, Inc. and Flora Parent, Inc.",Provider of branded lawn and garden products,Second lien senior secured loan ($2.0 par due 6/2021),8.99% (Libor + 7.99%/Q),12/23/2014,2.0,2.0
237,"Plantation Products, LLC, Seed Holdings, Inc. and Flora Parent, Inc.",Provider of branded lawn and garden products,Second lien senior secured loan ($54.0 par due 6/2021),8.99% (Libor + 7.99%/Q),12/23/2014,53.8,54.0
238,"Plantation Products, LLC, Seed Holdings, Inc. and Flora Parent, Inc.",Provider of branded lawn and garden products,Second lien senior secured loan ($10.0 par due 6/2021),8.99% (Libor + 7.99%/Q),12/23/2014,10.0,10.0
239,"Plantation Products, LLC, Seed Holdings, Inc. and Flora Parent, Inc.",Provider of branded lawn and garden products,"Common stock (30,000 shares)",0,12/23/2014,3.0,5.2
240,SHO Holding I Corporation,Manufacturer and distributor of slip resistant footwear,Second lien senior secured loan ($100.0 par due 4/2023),9.50% (Libor + 8.50%/Q),10/27/2015,97.8,99.0
241,"Shock Doctor, Inc. and Shock Doctor Holdings, LLC(7)","Developer, marketer and distributor of sports protection equipment and accessories",Second lien senior secured loan ($89.4 par due 10/2021),11.76% (Libor + 10.50%/Q),4/22/2015,89.4,87.6
242,"Shock Doctor, Inc. and Shock Doctor Holdings, LLC(7)","Developer, marketer and distributor of sports protection equipment and accessories","Class A preferred units (50,000 units)",0,3/14/2014,5.0,3.8
243,"Shock Doctor, Inc. and Shock Doctor Holdings, LLC(7)","Developer, marketer and distributor of sports protection equipment and accessories","Class C preferred units (50,000 units)",0,4/22/2015,5.0,3.8
244,"The Step2 Company, LLC(8)",Toy manufacturer,"Common units (1,116,879 units)",0,4/1/2011,0.0,6.2
245,"The Step2 Company, LLC(8)",Toy manufacturer,"Class B common units (126,278,000 units)",0,10/30/2014,0.0,0.0
246,"The Step2 Company, LLC(8)",Toy manufacturer,"Warrant to purchase up to 3,157,895 units",0,4/1/2010,0.0,0.0
247,"Varsity Brands Holding Co., Inc., Hercules Achievement, Inc., Hercules Achievement Holdings, Inc. and Hercules VB Holdings, Inc.","Leading manufacturer and distributor of textiles, apparel & luxury goods",Second lien senior secured loan ($25.0 par due 12/2022),9.75% (Libor + 8.75%/Q),10/28/2016,25.0,25.0
248,"Varsity Brands Holding Co., Inc., Hercules Achievement, Inc., Hercules Achievement Holdings, Inc. and Hercules VB Holdings, Inc.","Leading manufacturer and distributor of textiles, apparel & luxury goods",Second lien senior secured loan ($1.6 par due 12/2022),9.75% (Libor + 8.75%/Q),12/11/2014,1.6,1.6
249,"Varsity Brands Holding Co., Inc., Hercules Achievement, Inc., Hercules Achievement Holdings, Inc. and Hercules VB Holdings, Inc.","Leading manufacturer and distributor of textiles, apparel & luxury goods",Second lien senior secured loan ($54.0 par due 12/2022),9.75% (Libor + 8.75%/Q),12/11/2014,53.6,54.0
250,"Varsity Brands Holding Co., Inc., Hercules Achievement, Inc., Hercules Achievement Holdings, Inc. and Hercules VB Holdings, Inc.","Leading manufacturer and distributor of textiles, apparel & luxury goods",Second lien senior secured loan ($91.7 par due 12/2022),9.75% (Libor + 8.75%/Q),12/11/2014,91.0,91.7
251,"Varsity Brands Holding Co., Inc., Hercules Achievement, Inc., Hercules Achievement Holdings, Inc. and Hercules VB Holdings, Inc.","Leading manufacturer and distributor of textiles, apparel & luxury goods","Common stock (3,353,370 shares)",0,12/11/2014,3.4,3.7
252,"Varsity Brands Holding Co., Inc., Hercules Achievement, Inc., Hercules Achievement Holdings, Inc. and Hercules VB Holdings, Inc.","Leading manufacturer and distributor of textiles, apparel & luxury goods","Common stock (3,353,371 shares)",0,12/11/2014,4.1,4.6
253,Wonder Holdings Acquisition Corp.,Developer and marketer of OTC healthcare products,"Warrant to purchase up to 1,654,678 shares of common stock (expires 6/2021)",0,7/27/2011,0.0,0.8
254,Wonder Holdings Acquisition Corp.,Developer and marketer of OTC healthcare products,Warrant to purchase up to 941 shares of preferred stock (expires 6/2021),0,7/27/2011,0.0,1.5
255,"Alphabet Energy, Inc.",Technology developer to convert waste-heat into electricity,First lien senior secured loan ($3.9 par due 8/2017),"14.50% (Libor + 11.50% Cash, 2.00% PIK/M)",12/16/2013,3.8,3.9
256,"Alphabet Energy, Inc.",Technology developer to convert waste-heat into electricity,"Series 1B preferred stock (12,976 shares)",0,6/21/2016,0.2,0.1
257,"Alphabet Energy, Inc.",Technology developer to convert waste-heat into electricity,"Warrant to purchase up to 125,000 shares of Series 2 preferred stock (expires 12/2023)",0,6/30/2016,0.1,0.1
258,"CEI Kings Mountain Investor, LP",Gas turbine power generation facilities operator,Senior subordinated loan ($32.6 par due 3/2017),11.00% PIK,3/11/2016,32.6,32.6
259,"CPV Maryland Holding Company II, LLC",Gas turbine power generation facilities operator,Senior subordinated loan ($44.5 par due 12/2020),10.00%,8/8/2014,44.5,43.3
260,"CPV Maryland Holding Company II, LLC",Gas turbine power generation facilities operator,Warrant to purchase up to 4 units of common stock (expires 8/2018),0,8/8/2014,0.0,0.2
261,"DESRI VI Management Holdings, LLC",Wind power generation facility operator,Senior subordinated loan ($25.0 par due 12/2021),9.75%,12/24/2014,25.0,25.0
262,"DESRI VI Management Holdings, LLC",Wind power generation facility operator,Non-controlling units (10.0 units),0,12/24/2014,1.6,1.8
263,"Green Energy Partners, Stonewall LLC and Panda Stonewall Intermediate Holdings II LLC",Gas turbine power generation facilities operator,First lien senior secured loan ($25.0 par due 11/2021),6.50% (Libor + 5.50%/Q),11/13/2014,24.8,24.6
264,"Green Energy Partners, Stonewall LLC and Panda Stonewall Intermediate Holdings II LLC",Gas turbine power generation facilities operator,Senior subordinated loan ($19.5 par due 12/2021),"8.00% Cash, 5.25% PIK",11/13/2014,19.5,19.2
265,"Green Energy Partners, Stonewall LLC and Panda Stonewall Intermediate Holdings II LLC",Gas turbine power generation facilities operator,Senior subordinated loan ($91.2 par due 12/2021),"8.00% Cash, 5.25% PIK",11/13/2014,91.2,89.8
266,"Joule Unlimited Technologies, Inc. and Stichting Joule Global Foundation",Renewable fuel and chemical production developer,First lien senior secured loan ($8.8 par due 10/2018),0,3/31/2015,8.5,6.2
267,"Joule Unlimited Technologies, Inc. and Stichting Joule Global Foundation",Renewable fuel and chemical production developer,"Warrant to purchase up to 32,051 shares of Series C-2 preferred stock (expires 7/2023)",0,7/25/2013,0.0,0.0
268,"La Paloma Generating Company, LLC","Natural gas fired, combined cycle plant operator",Second lien senior secured loan ($10.0 par due 2/2020),0,2/20/2014,8.8,0.0
269,Moxie Liberty LLC,Gas turbine power generation facilities operator,First lien senior secured loan ($34.7 par due 8/2020),7.50% (Libor + 6.50%/Q),8/21/2013,34.5,34.7
270,Moxie Patriot LLC,Gas turbine power generation facilities operator,First lien senior secured loan ($34.3 par due 12/2020),6.75% (Libor + 5.75%/Q),12/19/2013,34.0,34.1
271,"Noonan Acquisition Company, LLC",Gas turbine power generation facilities operator,Senior subordinated loan ($50.9 par due 10/2017),10.25%,7/22/2016,50.9,50.9
272,Panda Power Annex Fund Hummel Holdings II LLC,Gas turbine power generation facilities operator,Senior subordinated loan ($52.2 par due 1/2017),13.00% PIK,10/27/2015,52.2,52.2
273,"Panda Temple Power II, LLC",Gas turbine power generation facilities operator,First lien senior secured loan ($19.8 par due 4/2019),7.25% (Libor + 6.00%/Q),4/3/2013,19.7,18.0
274,"Panda Temple Power, LLC",Gas turbine power generation facilities operator,First lien senior secured loan ($24.6 par due 3/2022),7.25% (Libor + 6.25%/Q),3/6/2015,23.6,21.4
275,PERC Holdings 1 LLC,"Operator of recycled energy, combined heat and power, and energy efficiency facilities","Class B common units (21,653,543 units)",0,10/20/2014,21.7,26.1
276,Riverview Power LLC,Natural gas and oil fired power generation facilities operator,First lien senior secured loan ($8.6 par due 12/2021),7.25% (Base Rate + 3.50%/Q),12/29/2016,8.6,8.6
277,Riverview Power LLC,Natural gas and oil fired power generation facilities operator,First lien senior secured loan ($73.6 par due 12/2022),11.00% (Base Rate + 7.25%/Q),12/29/2016,73.6,73.6
278,"ADF Capital, Inc., ADF Restaurant Group, LLC, and ARG Restaurant Holdings, Inc.(8)",Restaurant owner and operator,First lien senior secured loan ($3.1 par due 12/2018),15.00% (Libor + 14.00%/Q),12/22/2016,3.1,3.1
279,"ADF Capital, Inc., ADF Restaurant Group, LLC, and ARG Restaurant Holdings, Inc.(8)",Restaurant owner and operator,First lien senior secured loan ($29.6 par due 12/2018),0,11/27/2006,28.9,20.4
280,"ADF Capital, Inc., ADF Restaurant Group, LLC, and ARG Restaurant Holdings, Inc.(8)",Restaurant owner and operator,First lien senior secured loan ($11.3 par due 12/2018),0,11/27/2006,11.0,7.8
281,"ADF Capital, Inc., ADF Restaurant Group, LLC, and ARG Restaurant Holdings, Inc.(8)",Restaurant owner and operator,Promissory note ($25.5 par due 12/2023),0,11/27/2006,13.8,0.0
282,"ADF Capital, Inc., ADF Restaurant Group, LLC, and ARG Restaurant Holdings, Inc.(8)",Restaurant owner and operator,"Warrant to purchase up to 23,750 units of Series D common stock (expires 12/2023)",0,12/18/2013,0.0,0.0
283,"Benihana, Inc.(24)",Restaurant owner and operator,First lien senior secured revolving loan ($0.8 par due 7/2018),8.25% (Libor + 7.00%/Q),8/21/2012,0.8,0.8
284,"Benihana, Inc.(24)",Restaurant owner and operator,First lien senior secured revolving loan ($0.7 par due 7/2018),9.50% (Base Rate + 5.75%/Q),8/21/2012,0.7,0.7
285,"Benihana, Inc.(24)",Restaurant owner and operator,First lien senior secured loan ($4.8 par due 1/2019),8.25% (Libor + 7.00%/Q),8/21/2012,4.8,4.6
286,"Benihana, Inc.(24)",Restaurant owner and operator,First lien senior secured loan ($0.3 par due 1/2019),8.25% (Libor + 7.00%/Q),12/28/2016,0.3,0.3
287,"DineInFresh, Inc.",Meal-delivery provider,First lien senior secured loan ($4.8 par due 7/2018),9.75% (Libor + 8.75%/M),12/19/2014,4.7,4.8
288,"DineInFresh, Inc.",Meal-delivery provider,"Warrant to purchase up to 143,079 shares of Series A preferred stock (expires 12/2024)",0,12/19/2014,0.0,0.0
289,Garden Fresh Restaurant Corp.(24),Restaurant owner and operator,First lien senior secured revolving loan,0,10/3/2013,0.0,0.0
290,Garden Fresh Restaurant Corp.(24),Restaurant owner and operator,First lien senior secured loan ($40.1 par due 7/2018),10.50% (Libor + 9.00%/Q),10/3/2013,40.1,38.1
291,Garden Fresh Restaurant Corp.(24),Restaurant owner and operator,First lien senior secured loan ($1.5 par due 10/2017),15.50% PIK,11/14/2016,1.5,1.5
292,"Global Franchise Group, LLC and GFG Intermediate Holding, Inc.",Worldwide franchisor of quick service restaurants,First lien senior secured loan ($60.8 par due 12/2019),10.47% (Libor + 9.47%/Q),12/18/2014,60.8,60.8
293,"Heritage Food Service Group, Inc. and WCI-HFG Holdings, LLC",Distributor of repair and replacement parts for commercial kitchen equipment,Second lien senior secured loan ($31.6 par due 10/2022),9.50% (Libor + 8.50%/Q),10/20/2015,31.6,31.6
294,"Heritage Food Service Group, Inc. and WCI-HFG Holdings, LLC",Distributor of repair and replacement parts for commercial kitchen equipment,"Preferred units (3,000,000 units)",0,10/20/2015,3.0,3.1
295,"Orion Foods, LLC(8)",Convenience food service retailer,First lien senior secured loan ($1.2 par due 9/2015),0,4/1/2010,1.2,0.5
296,"Orion Foods, LLC(8)",Convenience food service retailer,Second lien senior secured loan ($19.4 par due 9/2015),0,4/1/2010,0.0,0.0
297,"Orion Foods, LLC(8)",Convenience food service retailer,"Preferred units (10,000 units)",0,10/28/2010,0.0,0.0
298,"Orion Foods, LLC(8)",Convenience food service retailer,"Class A common units (25,001 units)",0,4/1/2010,0.0,0.0
299,"Orion Foods, LLC(8)",Convenience food service retailer,"Class B common units (1,122,452 units)",0,4/1/2010,0.0,0.0
300,"OTG Management, LLC(24)",Airport restaurant operator,First lien senior secured loan ($97.8 par due 8/2021),9.50% (Libor + 8.50%/Q),8/26/2016,97.8,97.8
301,"OTG Management, LLC(24)",Airport restaurant operator,Senior subordinated loan ($21.2 par due 2/2022),17.50% PIK,8/26/2016,21.1,21.2
302,"OTG Management, LLC(24)",Airport restaurant operator,"Class A preferred units (3,000,000 units)",0,8/26/2016,30.0,30.9
303,"OTG Management, LLC(24)",Airport restaurant operator,"Common units (3,000,000 units)",0,1/5/2011,3.0,11.0
304,"OTG Management, LLC(24)",Airport restaurant operator,Warrant to purchase up to 7.73% of common units (expires 6/2018),0,6/19/2008,0.1,24.2
305,"OTG Management, LLC(24)",Airport restaurant operator,Warrant to purchase 0.60% of the common units deemed outstanding (expires 12/2018),0,8/26/2016,0.0,0.0
306,"Restaurant Holding Company, LLC",Fast food restaurant operator,First lien senior secured loan ($34.5 par due 2/2019),8.75% (Libor + 7.75%/Q),3/13/2014,34.4,33.8
307,"Restaurant Technologies, Inc.(24)",Provider of bulk cooking oil management services to the restaurant and fast food service industries,First lien senior secured revolving loan ($0.3 par due 11/2021),7.50% (Base Rate + 3.75%/Q),11/23/2016,0.3,0.3
308,"AllBridge Financial, LLC(8)",Asset management services,Equity interests,0,4/1/2010,0.0,0.4
309,Callidus Capital Corporation(8),Asset management services,Common stock (100 shares),0,4/1/2010,3.0,1.7
310,Ciena Capital LLC(8)(24),Real estate and small business loan servicer,First lien senior secured revolving loan ($14.0 par due 12/2017),6.00%,11/29/2010,14.0,14.0
311,Ciena Capital LLC(8)(24),Real estate and small business loan servicer,Equity interests,0,11/29/2010,35.0,17.7
312,"Commercial Credit Group, Inc.",Commercial equipment finance and leasing company,Senior subordinated loan ($28.0 par due 8/2022),11.00% (Libor + 9.75%/Q),5/10/2012,28.0,28.0
313,Imperial Capital Group LLC,Investment services,"Class A common units (32,369 units)",0,5/10/2007,7.9,12.2
314,Imperial Capital Group LLC,Investment services,"2006 Class B common units (10,605 units)",0,5/10/2007,0.0,0.0
315,Imperial Capital Group LLC,Investment services,"2007 Class B common units (1,323 units)",0,5/10/2007,0.0,0.0
316,"Ivy Hill Asset Management, L.P.(8)(10)",Asset management services,Member interest (100.00% interest),0,6/15/2009,171.0,229.2
317,"Javlin Three LLC, Javlin Four LLC, and Javlin Five LLC(10)",Asset-backed financial services company,First lien senior secured loan ($32.1 par due 6/2017),10.47% (Libor + 10%/Q),6/24/2014,32.1,32.1
318,"LSQ Funding Group, L.C. and LM LSQ Investors LLC(10)",Asset based lender,Senior subordinated loan ($30.0 par due 6/2021),10.50%,6/25/2015,30.0,30.0
319,"LSQ Funding Group, L.C. and LM LSQ Investors LLC(10)",Asset based lender,"Membership units (3,275,000 units)",0,6/25/2015,3.3,3.3
320,"The Gordian Group, Inc.",Financial services firm,Common stock (526 shares),0,11/30/2012,0.0,0.0
321,"Component Hardware Group, Inc.(24)",Commercial equipment,First lien senior secured revolving loan ($1.9 par due 7/2019),5.50% (Libor + 4.50%/Q),7/1/2013,1.9,1.9
322,"Component Hardware Group, Inc.(24)",Commercial equipment,First lien senior secured loan ($8.0 par due 7/2019),5.50% (Libor + 4.50%/Q),7/1/2013,8.0,8.0
323,"Harvey Tool Company, LLC and Harvey Tool Holding, LLC(24)",Cutting tool provider to the metalworking industry,First lien senior secured revolving loan,0,8/13/2015,0.0,0.0
324,"Harvey Tool Company, LLC and Harvey Tool Holding, LLC(24)",Cutting tool provider to the metalworking industry,Senior subordinated loan ($28.1 par due 9/2020),"10.00% Cash, 1.00% PIK",8/13/2015,28.1,28.1
325,"Harvey Tool Company, LLC and Harvey Tool Holding, LLC(24)",Cutting tool provider to the metalworking industry,Class A membership units (750 units),0,3/28/2014,0.9,1.7
326,"Ioxus, Inc",Energy storage devices,First lien senior secured loan ($0.7 par due 8/2017),12.00% PIK,8/24/2016,0.7,0.6
327,"Ioxus, Inc",Energy storage devices,First lien senior secured loan ($10.2 par due 6/2019),"5.00% Cash, 7.00% PIK",4/29/2014,10.0,9.7
328,"Ioxus, Inc",Energy storage devices,First lien senior secured loan ($0.4 par due 6/2019),0,4/29/2014,0.4,0.4
329,"Ioxus, Inc",Energy storage devices,"Warrant to purchase up to 1,210,235 shares of Series BB preferred stock (expires 8/2026)",0,1/28/2016,0.0,0.0
330,"Ioxus, Inc",Energy storage devices,"Warrant to purchase up to 3,038,730 shares of common stock (expires 1/2026)",0,1/28/2016,0.0,0.0
331,KPS Global LLC,Walk-in cooler and freezer systems,First lien senior secured loan ($27.1 par due 12/2020),9.67% (Libor + 8.67%/Q),12/4/2015,27.1,27.1
332,"MacLean-Fogg Company and MacLean-Fogg Holdings, L.L.C.",Manufacturer and supplier for the power utility and automotive markets worldwide,Senior subordinated loan ($99.9 par due 10/2025),"10.50% Cash, 3.00% PIK",10/31/2013,99.9,99.9
333,"MacLean-Fogg Company and MacLean-Fogg Holdings, L.L.C.",Manufacturer and supplier for the power utility and automotive markets worldwide,"Preferred units (70,183 units)","4.50% Cash, 9.25% PIK",10/9/2015,73.5,73.5
334,Niagara Fiber Intermediate Corp.(24),Insoluble fiber filler products,First lien senior secured revolving loan ($1.9 par due 5/2018),0,5/8/2014,1.8,1.4
335,Niagara Fiber Intermediate Corp.(24),Insoluble fiber filler products,First lien senior secured loan ($1.4 par due 5/2018),0,5/8/2014,1.3,1.0
336,Niagara Fiber Intermediate Corp.(24),Insoluble fiber filler products,First lien senior secured loan ($13.6 par due 5/2018),0,5/8/2014,12.9,10.0
337,Nordco Inc.,Railroad maintenance-of-way machinery,First lien senior secured revolving loan,0,8/26/2015,0.0,0.0
338,"Pelican Products, Inc.",Flashlights,Second lien senior secured loan ($40.0 par due 4/2021),9.25% (Libor + 8.25%/Q),4/11/2014,40.0,38.0
339,Saw Mill PCG Partners LLC,Metal precision engineered components,"Common units (1,000 units)",0,1/30/2007,1.0,0.0
340,"SI Holdings, Inc.","Elastomeric parts, mid-sized composite structures, and composite tooling","Common stock (1,500 shares)",0,5/30/2014,1.5,1.5
341,TPTM Merger Corp.(24),Time temperature indicator products,First lien senior secured revolving loan ($1.3 par due 9/2018),7.50% (Libor + 6.50%/Q),9/12/2013,1.3,1.3
342,TPTM Merger Corp.(24),Time temperature indicator products,First lien senior secured loan ($17.0 par due 9/2018),9.67% (Libor + 8.67%/Q),9/12/2013,17.0,17.0
343,TPTM Merger Corp.(24),Time temperature indicator products,First lien senior secured loan ($10.0 par due 9/2018),9.67% (Libor + 8.67%/Q),9/12/2013,10.0,10.0
344,"Charter NEX US Holdings, Inc.",Producer of high-performance specialty films used in flexible packaging,Second lien senior secured loan ($11.8 par due 2/2023),9.25% (Libor + 8.25%/Q),2/5/2015,11.7,11.8
345,"GS Pretium Holdings, Inc.",Manufacturer and supplier of high performance plastic containers,"Common stock (500,000 shares)",0,6/2/2014,0.5,0.8
346,"ICSH, Inc.(24)","Industrial container manufacturer, reconditioner and servicer",First lien senior secured revolving loan ($1.0 par due 12/2018),6.75% (Libor + 5.75%/Q),8/30/2011,1.0,1.0
347,"ICSH, Inc.(24)","Industrial container manufacturer, reconditioner and servicer",Second lien senior secured loan ($66.0 par due 12/2019),10.00% (Libor + 9.00%/Q),12/31/2015,66.0,66.0
348,LBP Intermediate Holdings LLC(24),Manufacturer of paper and corrugated foodservice packaging,First lien senior secured revolving loan,0,7/10/2015,0.0,0.0
349,LBP Intermediate Holdings LLC(24),Manufacturer of paper and corrugated foodservice packaging,First lien senior secured loan ($12.7 par due 7/2020),6.50% (Libor + 5.50%/Q),7/10/2015,12.6,12.7
350,"Microstar Logistics LLC, Microstar Global Asset Management LLC, and MStar Holding Corporation",Keg management solutions provider,Second lien senior secured loan ($78.5 par due 12/2018),8.50% (Libor + 7.50%/Q),12/14/2012,78.5,78.5
351,"Microstar Logistics LLC, Microstar Global Asset Management LLC, and MStar Holding Corporation",Keg management solutions provider,Second lien senior secured loan ($54.0 par due 12/2018),8.50% (Libor + 7.50%/Q),12/14/2012,54.0,54.0
352,"Microstar Logistics LLC, Microstar Global Asset Management LLC, and MStar Holding Corporation",Keg management solutions provider,Second lien senior secured loan ($10.0 par due 12/2018),8.50% (Libor + 7.50%/Q),12/14/2012,10.0,10.0
353,"Microstar Logistics LLC, Microstar Global Asset Management LLC, and MStar Holding Corporation",Keg management solutions provider,"Common stock (50,000 shares)",0,12/14/2012,4.0,8.1
354,American Seafoods Group LLC and American Seafoods Partners LLC(24),Harvester and processor of seafood,First lien senior secured loan ($6.9 par due 8/2021),6.00% (Libor + 5.00%/Q),8/19/2015,6.9,6.9
355,American Seafoods Group LLC and American Seafoods Partners LLC(24),Harvester and processor of seafood,First lien senior secured loan ($0.1 par due 8/2021),7.75% (Base Rate + 4.00%/Q),8/19/2015,0.1,0.1
356,American Seafoods Group LLC and American Seafoods Partners LLC(24),Harvester and processor of seafood,Second lien senior secured loan ($55.0 par due 2/2022),10.00% (Libor + 9.00%/Q),8/19/2015,55.0,55.0
357,American Seafoods Group LLC and American Seafoods Partners LLC(24),Harvester and processor of seafood,"Class A units (77,922 units)",0,8/19/2015,0.1,0.1
358,American Seafoods Group LLC and American Seafoods Partners LLC(24),Harvester and processor of seafood,"Warrant to purchase up to 7,422,078 Class A units (expires 8/2035)",0,8/19/2015,7.4,7.8
359,Eagle Family Foods Group LLC,Manufacturer and producer of milk products,First lien senior secured loan ($21.6 par due 12/2021),10.05% (Libor + 9.05%/Q),8/22/2016,21.6,21.6
360,Eagle Family Foods Group LLC,Manufacturer and producer of milk products,First lien senior secured loan ($54.8 par due 12/2021),10.05% (Libor + 9.05%/Q),12/31/2015,54.4,54.8
361,GF Parent LLC,"Producer of low-acid, aseptic food and beverage products","Class A preferred units (2,940 units)",0,5/13/2015,2.9,1.4
362,GF Parent LLC,"Producer of low-acid, aseptic food and beverage products","Class A common units (60,000 units)",0,5/13/2015,0.1,0.0
363,"JWC/KI Holdings, LLC",Foodservice sales and marketing agency,"Membership units (5,000 units)",0,11/16/2015,5.0,6.2
364,"Kettle Cuisine, LLC",Manufacturer of fresh refrigerated and frozen food products,Second lien senior secured loan ($28.5 par due 2/2022),10.75% (Libor + 9.75%/Q),8/21/2015,28.5,28.5
365,"RF HP SCF Investor, LLC",Branded specialty food company,Membership interest (10.08% interest),0,12/22/2016,12.5,12.8
366,Campus Management Acquisition Corp.(7),Education software developer,"Preferred stock (485,159 shares)",0,2/8/2008,10.5,10.4
367,"Infilaw Holding, LLC(24)",Operator of for-profit law schools,First lien senior secured revolving loan ($6.0 par due 2/2018),0,8/25/2011,6.0,6.0
368,"Infilaw Holding, LLC(24)",Operator of for-profit law schools,Series A preferred units (1.25 units),0,8/25/2011,125.5,1.3
369,"Infilaw Holding, LLC(24)",Operator of for-profit law schools,Series A-1 preferred units (0.03 units),0,7/29/2016,2.5,2.5
370,"Infilaw Holding, LLC(24)",Operator of for-profit law schools,Series B preferred units (0.39 units),0,10/19/2012,9.2,0.0
371,"Instituto de Banca y Comercio, Inc. & Leeds IV Advisors, Inc.",Private School Operator,First lien senior secured loan ($2.9 par due 12/2018),10.50% PIK (Libor + 9.00%/Q),10/31/2015,2.9,2.9
372,"Instituto de Banca y Comercio, Inc. & Leeds IV Advisors, Inc.",Private School Operator,"Series B preferred stock (1,750,000 shares)",0,8/5/2010,5.0,0.0
373,"Instituto de Banca y Comercio, Inc. & Leeds IV Advisors, Inc.",Private School Operator,"Series C preferred stock (2,512,586 shares)",0,6/7/2010,0.7,0.0
374,"Instituto de Banca y Comercio, Inc. & Leeds IV Advisors, Inc.",Private School Operator,"Senior preferred series A-1 shares (163,902 shares)",0,10/31/2015,119.4,47.8
375,"Instituto de Banca y Comercio, Inc. & Leeds IV Advisors, Inc.",Private School Operator,Common stock (20 shares),0,6/7/2010,0.0,0.0
376,"Instituto de Banca y Comercio, Inc. & Leeds IV Advisors, Inc.",Private School Operator,Common stock (20 shares),0,6/7/2010,0.0,0.0
377,"Lakeland Tours, LLC(24)",Educational travel provider,First lien senior secured revolving loan,0,2/10/2016,0.0,0.0
378,"Lakeland Tours, LLC(24)",Educational travel provider,First lien senior secured loan ($5.0 par due 2/2022),5.75% (Libor + 4.75%/Q),2/10/2016,5.0,5.0
379,"Lakeland Tours, LLC(24)",Educational travel provider,First lien senior secured loan ($31.7 par due 2/2022),10.43% (Libor + 9.43%/Q),2/10/2016,31.3,31.7
380,PIH Corporation(24),Franchisor of education-based early childhood centers,First lien senior secured revolving loan ($0.6 par due 12/2018),7.00% (Libor + 6.00%/Q),12/13/2013,0.6,0.6
381,"R3 Education Inc., Equinox EIC Partners LLC and Sierra Education Finance Corp.",Medical school operator,"Preferred stock (1,977 shares)",0,7/30/2008,0.5,0.5
382,"R3 Education Inc., Equinox EIC Partners LLC and Sierra Education Finance Corp.",Medical school operator,Common membership interest (15.76% interest),0,9/21/2007,15.8,32.4
383,"R3 Education Inc., Equinox EIC Partners LLC and Sierra Education Finance Corp.",Medical school operator,"Warrant to purchase up to 27,890 shares (expires 11/2019)",0,12/8/2009,0.0,0.0
384,"Regent Education, Inc.",Provider of software solutions designed to optimize the financial aid and enrollment processes,First lien senior secured loan ($3.8 par due 1/2021),"12.00% (Libor + 8.00% Cash, 2.00% PIK/M)",7/1/2014,3.7,3.8
385,"Regent Education, Inc.",Provider of software solutions designed to optimize the financial aid and enrollment processes,First lien senior secured loan ($0.1 par due 1/2021),0,7/1/2014,0.1,0.1
386,"Regent Education, Inc.",Provider of software solutions designed to optimize the financial aid and enrollment processes,Warrant to purchase up to 987 shares of common stock (expires 12/2026),0,12/23/2016,0.0,0.0
387,"Regent Education, Inc.",Provider of software solutions designed to optimize the financial aid and enrollment processes,"Warrant to purchase up to 5,393,194 shares of common stock (expires 12/2026)",0,12/23/2016,0.0,0.1
388,"RuffaloCODY, LLC(24)",Provider of student fundraising and enrollment management services,First lien senior secured revolving loan,0,5/29/2013,0.0,0.0
389,"Severin Acquisition, LLC",Provider of student information system software solutions to the K-12 education market,Second lien senior secured loan ($15.0 par due 7/2022),9.75% (Libor + 8.75%/Q),7/31/2015,14.8,15.0
390,"Severin Acquisition, LLC",Provider of student information system software solutions to the K-12 education market,Second lien senior secured loan ($4.2 par due 7/2022),9.75% (Libor + 8.75%/Q),10/28/2015,4.1,4.2
391,"Severin Acquisition, LLC",Provider of student information system software solutions to the K-12 education market,Second lien senior secured loan ($3.3 par due 7/2022),10.25% (Libor + 9.25%/Q),2/1/2016,3.2,3.3
392,"Severin Acquisition, LLC",Provider of student information system software solutions to the K-12 education market,Second lien senior secured loan ($2.8 par due 7/2022),10.25% (Libor + 9.25%/Q),8/8/2016,2.8,2.8
393,"Severin Acquisition, LLC",Provider of student information system software solutions to the K-12 education market,Second lien senior secured loan ($3.1 par due 7/2022),10.00% (Libor + 9.00%/Q),10/14/2016,3.1,3.1
394,"WCI-Quantum Holdings, Inc.","Distributor of instructional products, services and resources","Series A preferred stock (1,272 shares)",0,10/24/2014,1.0,1.3
395,"AEP Holdings, Inc. and Arrowhead Holdco Company","Distributor of non-discretionary, mission-critical aftermarket replacement parts",First lien senior secured loan ($1.9 par due 8/2021),7.75% (Libor + 6.75%/Q),12/14/2016,1.9,1.9
396,"AEP Holdings, Inc. and Arrowhead Holdco Company","Distributor of non-discretionary, mission-critical aftermarket replacement parts","Common stock (3,467 shares)",0,8/31/2015,3.5,3.8
397,CH Hold Corp.(24),Collision repair company,First lien senior secured revolving loan ($1.2 par due 11/2019),8.00% (Base Rate + 4.25%/Q),2/24/2016,1.2,1.2
398,"ChargePoint, Inc.",Developer and operator of electric vehicle charging stations,Second lien senior secured loan ($20.0 par due 8/2020),9.75% (Libor + 8.75%/M),12/24/2014,19.5,20.0
399,"ChargePoint, Inc.",Developer and operator of electric vehicle charging stations,"Warrant to purchase up to 809,126 shares of Series E preferred stock (expires 12/2024)",0,12/24/2014,0.3,1.5
400,"Dent Wizard International Corporation and DWH Equity Investors, L.P.",Automotive reconditioning services,Second lien senior secured loan ($50.0 par due 10/2020),10.25% (Libor + 9.25%/Q),4/7/2015,50.0,50.0
401,"Dent Wizard International Corporation and DWH Equity Investors, L.P.",Automotive reconditioning services,"Class A common stock (10,000 shares)",0,4/7/2015,0.3,0.7
402,"Dent Wizard International Corporation and DWH Equity Investors, L.P.",Automotive reconditioning services,"Class B common stock (20,000 shares)",0,4/7/2015,0.7,1.3
403,"Eckler Industries, Inc.(24)",Restoration parts and accessories provider for classic automobiles,First lien senior secured revolving loan ($2.0 par due 7/2017),8.75% (Base Rate + 5.00%/Q),7/12/2012,2.0,1.9
404,"Eckler Industries, Inc.(24)",Restoration parts and accessories provider for classic automobiles,First lien senior secured loan ($6.9 par due 7/2017),7.25% (Libor + 6.00%/Q),7/12/2012,6.9,6.7
405,"Eckler Industries, Inc.(24)",Restoration parts and accessories provider for classic automobiles,First lien senior secured loan ($25.9 par due 7/2017),7.25% (Libor + 6.00%/Q),7/12/2012,25.9,25.2
406,"Eckler Industries, Inc.(24)",Restoration parts and accessories provider for classic automobiles,"Series A preferred stock (1,800 shares)",0,7/12/2012,1.8,0.0
407,"Eckler Industries, Inc.(24)",Restoration parts and accessories provider for classic automobiles,"Common stock (20,000 shares)",0,7/12/2012,0.2,0.0
408,"EcoMotors, Inc.",Engine developer,First lien senior secured loan ($9.8 par due 3/2018),11.00%,9/1/2015,9.5,7.9
409,"EcoMotors, Inc.",Engine developer,"Warrant to purchase up to 321,888 shares of Series C preferred stock (expires 12/2022)",0,12/28/2012,0.0,0.0
410,"EcoMotors, Inc.",Engine developer,"Warrant to purchase up to 70,000 shares of Series C preferred stock (expires 2/2025)",0,2/24/2015,0.0,0.0
411,"ESCP PPG Holdings, LLC(7)",Distributor of new equipment and aftermarket parts to the heavy-duty truck industry,"Class A units (3,500,000 units)",0,12/14/2016,3.5,3.7
412,"Simpson Performance Products, Inc.",Provider of motorsports safety equipment,First lien senior secured loan ($18.5 par due 2/2020),9.70% (Libor + 8.70%/Q),2/20/2015,18.5,18.5
413,"SK SPV IV, LLC",Collision repair site operators,"Series A common stock (12,500 units)",0,8/18/2014,0.6,2.9
414,"SK SPV IV, LLC",Collision repair site operators,"Series B common stock (12,500 units)",0,8/18/2014,0.6,2.9
415,"TA THI Parent, Inc.",Collision repair company,"Series A preferred stock (50,000 shares)",0,7/28/2014,5.0,14.3
416,"Lonestar Prospects, Ltd.",Sand proppant producer and distributor to the oil and natural gas industry,First lien senior secured loan ($70.1 par due 9/2018),"8.50% (Libor + 6.50% Cash, 1.00% PIK/Q)",9/18/2014,70.1,70.1
417,Petroflow Energy Corporation and TexOak Petro Holdings LLC(7),Oil and gas exploration and production company,First lien senior secured loan ($16.5 par due 6/2019),3.00% (Libor + 2.00%/Q),6/29/2016,16.1,15.0
418,Petroflow Energy Corporation and TexOak Petro Holdings LLC(7),Oil and gas exploration and production company,Second lien senior secured loan ($22.6 par due 12/2019),0,6/29/2016,21.8,6.6
419,Petroflow Energy Corporation and TexOak Petro Holdings LLC(7),Oil and gas exploration and production company,"Common units (202,000 units)",0,6/29/2016,11.1,0.0
420,"10th Street, LLC and New 10th Street, LLC(8)",Real estate holding company,First lien senior secured loan ($25.6 par due 11/2019),"12.00% Cash, 1.00% PIK",3/31/2014,25.6,25.6
421,"10th Street, LLC and New 10th Street, LLC(8)",Real estate holding company,Senior subordinated loan ($27.5 par due 11/2019),"12.00% Cash, 1.00% PIK",4/1/2010,27.5,27.5
422,"10th Street, LLC and New 10th Street, LLC(8)",Real estate holding company,Member interest (10.00% interest),0,4/1/2010,0.6,0.0
423,"10th Street, LLC and New 10th Street, LLC(8)",Real estate holding company,"Option (25,000 units)",0,4/1/2010,0.0,35.3
424,"Cadence Aerospace, LLC",Aerospace precision components manufacturer,First lien senior secured loan ($4.0 par due 5/2018),7.00% (Libor + 5.75%/Q),5/15/2012,4.0,4.0
425,"Cadence Aerospace, LLC",Aerospace precision components manufacturer,Second lien senior secured loan ($79.7 par due 5/2019),11.00% (Libor + 9.75%/Q),5/10/2012,79.7,77.3
426,"MPH Energy Holdings, LP",Operator of municipal recycling facilities,Limited partnership interest (3.13% interest),0,1/8/2014,0.0,0.0
427,"Pegasus Community Energy, LLC",Operator of municipal recycling facilities,"Preferred stock (1,000 shares)",0,3/1/2011,8.8,0.0
428,"Waste Pro USA, Inc",Waste management services,Second lien senior secured loan ($75.9 par due 10/2020),8.50% (Libor + 7.50%/Q),10/15/2014,75.9,75.9
429,"Genomatica, Inc.",Developer of a biotechnology platform for the production of chemical products,"Warrant to purchase 322,422 shares of Series D preferred stock (expires 3/2023)",0,3/28/2013,0.0,0.0
430,"K2 Pure Solutions Nocal, L.P.(24)",Chemical Producer,First lien senior secured revolving loan ($1.5 par due 2/2021),8.125% (Libor + 7.125%/Q),8/19/2013,1.5,1.5
431,"K2 Pure Solutions Nocal, L.P.(24)",Chemical Producer,First lien senior secured loan ($40.0 par due 2/2021),7.00% (Libor + 6.00%/Q),8/19/2013,40.0,40.0
432,"K2 Pure Solutions Nocal, L.P.(24)",Chemical Producer,First lien senior secured loan ($13.0 par due 2/2021),7.00% (Libor + 6.00%/Q),8/19/2013,13.0,13.0
433,"Kinestral Technologies, Inc.","Designer of adaptive, dynamic glass for the commercial and residential markets",First lien senior secured loan ($8.5 par due 10/2018),8.75% (Libor + 7.75%/M),4/22/2014,8.4,8.5
434,"Kinestral Technologies, Inc.","Designer of adaptive, dynamic glass for the commercial and residential markets","Warrant to purchase up to 325,000 shares of Series A preferred stock (expires 4/2024)",0,4/22/2014,0.1,0.2
435,"Kinestral Technologies, Inc.","Designer of adaptive, dynamic glass for the commercial and residential markets","Warrant to purchase up to 131,883 shares of Series B preferred stock (expires 4/2025)",0,4/9/2015,0.0,0.0
436,"Athletic Club Holdings, Inc.",Premier health club operator,First lien senior secured loan ($35.0 par due 10/2020),9.50% (Libor + 8.50%/Q),10/11/2007,35.0,35.0
437,"CFW Co-Invest, L.P., NCP Curves, L.P. and Curves International Holdings, Inc.",Health club franchisor,"Limited partnership interest (4,152,165 shares)",0,7/31/2012,4.2,0.8
438,"CFW Co-Invest, L.P., NCP Curves, L.P. and Curves International Holdings, Inc.",Health club franchisor,"Common stock (1,680 shares)",0,11/12/2014,0.0,0.0
439,"CFW Co-Invest, L.P., NCP Curves, L.P. and Curves International Holdings, Inc.",Health club franchisor,"Limited partnership interest (2,218,235 shares)",0,7/31/2012,2.2,8.5
440,"Aimbridge Hospitality, LLC(24)",Hotel operator,First lien senior secured loan ($2.9 par due 10/2018),8.25% (Libor + 7.00%/Q),1/7/2016,2.8,2.9
441,"Aimbridge Hospitality, LLC(24)",Hotel operator,First lien senior secured loan ($3.3 par due 10/2018),8.25% (Libor + 7.00%/Q),7/15/2015,3.2,3.3
442,"Aimbridge Hospitality, LLC(24)",Hotel operator,First lien senior secured loan ($14.8 par due 10/2018),8.25% (Libor + 7.00%/Q),7/15/2015,14.7,14.8
443,"Pyramid Management Advisors, LLC and Pyramid Investors, LLC",Hotel operator,First lien senior secured loan ($3.0 par due 7/2021),11.12% (Libor + 10.12%/Q),7/15/2016,3.0,2.9
444,"Pyramid Management Advisors, LLC and Pyramid Investors, LLC",Hotel operator,First lien senior secured loan ($19.5 par due 7/2021),11.12% (Libor + 10.12%/Q),7/15/2016,19.5,19.1
445,"Pyramid Management Advisors, LLC and Pyramid Investors, LLC",Hotel operator,"Membership units (990,369 units)",0,7/15/2016,1.0,0.7
446,"Flow Solutions Holdings, Inc.","Distributor of high value fluid handling, filtration and flow control products",Second lien senior secured loan ($6.0 par due 10/2018),10.00% (Libor + 9.00%/Q),12/16/2014,6.0,5.3
447,"Flow Solutions Holdings, Inc.","Distributor of high value fluid handling, filtration and flow control products",Second lien senior secured loan ($29.5 par due 10/2018),10.00% (Libor + 9.00%/Q),12/16/2014,29.5,26.0
448,"QC Supply, LLC(24)",Specialty distributor and solutions provider to the swine and poultry markets,First lien senior secured revolving loan ($2.3 par due 12/2021),7.00% (Libor + 6.00%/Q),12/29/2016,2.3,2.3
449,"QC Supply, LLC(24)",Specialty distributor and solutions provider to the swine and poultry markets,First lien senior secured loan ($28.9 par due 12/2022),7.00% (Libor + 6.00%/Q),12/29/2016,28.9,28.9
450,Adaptive Mobile Security Limited(9),Developer of security software for mobile communications networks,First lien senior secured loan ($1.8 par due 7/2018),"12.00% (Euribor + 9.00% Cash, 1% PIK/M)",1/16/2015,2.0,1.8
451,Adaptive Mobile Security Limited(9),Developer of security software for mobile communications networks,First lien senior secured loan ($0.5 par due 10/2018),"12.00% (Euribor + 9.00% Cash, 1% PIK/M)",1/16/2015,0.5,0.5
452,Adaptive Mobile Security Limited(9),Developer of security software for mobile communications networks,First lien senior secured loan ($1.1 par due 10/2018),"12.00% (Euribor + 9.00% Cash, 1% PIK/M)",10/17/2016,1.1,1.1
453,"American Broadband Holding Company and Cameron Holdings of NC, Inc.",Broadband communication services,Warrant to purchase up to 208 shares (expires 11/2017),0,11/7/2007,0.0,7.2
454,"American Broadband Holding Company and Cameron Holdings of NC, Inc.",Broadband communication services,Warrant to purchase up to 200 shares (expires 9/2020),0,9/1/2010,0.0,6.9
455,"Startec Equity, LLC(8)",Communication services,Member interest,0,4/1/2010,0.0,0.0
456,Wilcon Holdings LLC,Communications infrastructure provider,"Class A common stock (2,000,000 shares)",0,12/13/2013,1.8,3.7
457,"Paper Source, Inc. and Pine Holdings, Inc.(24)",Retailer of fine and artisanal paper products,First lien senior secured loan ($9.7 par due 9/2018),7.25% (Libor + 6.25%/Q),9/23/2013,9.7,9.7
458,"Paper Source, Inc. and Pine Holdings, Inc.(24)",Retailer of fine and artisanal paper products,"Class A common stock (36,364 shares)",0,9/23/2013,6.0,5.9
459,"Things Remembered, Inc. and TRM Holdco Corp.(7)",Personalized gifts retailer,First lien senior secured loan ($11.0 par due 3/2020),0,8/30/2016,10.6,3.5
460,"Things Remembered, Inc. and TRM Holdco Corp.(7)",Personalized gifts retailer,"Common stock (10,631,940 shares)",0,8/30/2016,6.1,0.0
461,"Everspin Technologies, Inc.(24)",Designer and manufacturer of computer memory solutions,First lien senior secured revolving loan ($1.1 par due 6/2017),7.50% (Base Rate + 7.50%/M),6/5/2015,1.1,1.1
462,"Everspin Technologies, Inc.(24)",Designer and manufacturer of computer memory solutions,First lien senior secured loan ($7.3 par due 6/2019),8.75% (Libor + 7.75%/M),6/5/2015,7.0,7.3
463,"Everspin Technologies, Inc.(24)",Designer and manufacturer of computer memory solutions,"Warrant to purchase up to 18,461 shares of common stock (expires 10/2026)",0,6/5/2015,0.4,0.4
