,Company(1),Business Description,Investment,Interest(5)(11),,Amortized  Cost,Fair  Value
0,"CIC Flex, LP(9)",Investment partnership,Limited partnership units (0.94 units),0,9/7/2007,0.0,248
1,"Covestia Capital Partners, LP(9)",Investment partnership,Limited partnership interest (47.00% interest),0,6/17/2008,487.0,2100
2,"HCI Equity, LLC(7)(8)(9)",Investment company,Member interest (100.00% interest),0,4/1/2010,0.0,397
3,"Imperial Capital Private Opportunities, LP(9)",Investment partnership,Limited partnership interest (80.00% interest),0,5/10/2007,4654.0,19005
4,"Partnership Capital Growth Fund I, L.P.(9)",Investment partnership,Limited partnership interest (25.00% interest),0,6/16/2006,0.0,1526
5,"Partnership Capital Growth Investors III, L.P.(9)",Investment partnership,Limited partnership interest (2.50% interest),0,10/5/2011,3030.0,2735
6,"PCG-Ares Sidecar Investment, L.P.(9)",Investment partnership,Limited partnership interest (100.00% interest),0,5/22/2014,2073.0,1866
7,"PCG-Ares Sidecar Investment II, L.P.(9)",Investment partnership,Limited partnership interest (100.00% interest),0,10/31/2014,6500.0,6500
8,"Piper Jaffray Merchant Banking Fund I, L.P.(9)",Investment partnership,Limited partnership interest (2.00% interest),0,8/16/2012,1074.0,955
9,Senior Secured Loan Fund LLC(7)(10),Co-investment vehicle,"Subordinated certificates ($2,034,498 par due 12/2024)",8.26% (Libor + 8.00%/M)(26),10/30/2009,2034498.0,2065015
10,Senior Secured Loan Fund LLC(7)(10),Co-investment vehicle,Membership interest (87.50% interest),0,10/30/2009,0.0,0
11,VSC Investors LLC(9),Investment company,Membership interest (1.95% interest),0,1/24/2008,879.0,1481
12,Alegeus Technologies Holdings Corp.,Benefits administration and transaction processing provider,"Preferred stock (2,997 shares)",0,12/13/2013,3087.0,1876
13,Alegeus Technologies Holdings Corp.,Benefits administration and transaction processing provider,Common stock (3 shares),0,12/13/2013,3.0,0
14,"American Academy Holdings, LLC","Provider of education, training, certification, networking, and consulting services to medical coders and other healthcare professionals","First lien senior secured loan ($14,088 par due 6/2019)",4.00% (Libor + 3.00%/Q),6/27/2014,14088.0,14088
15,"American Academy Holdings, LLC","Provider of education, training, certification, networking, and consulting services to medical coders and other healthcare professionals","First lien senior secured loan ($23,425 par due 6/2019)",7.00% (Libor + 6.00%/Q),6/27/2014,23425.0,23425
16,"American Academy Holdings, LLC","Provider of education, training, certification, networking, and consulting services to medical coders and other healthcare professionals","First lien senior secured loan ($52,039 par due 6/2019)",7.00% (Libor + 6.00%/Q),6/27/2014,52039.0,52039
17,"American Academy Holdings, LLC","Provider of education, training, certification, networking, and consulting services to medical coders and other healthcare professionals","First lien senior secured loan ($4,126 par due 6/2019)",4.00% (Libor + 3.00%/Q),6/27/2014,4126.0,4126
18,"Athletico Management, LLC and Accelerated Holdings, LLC",Provider of outpatient rehabilitation services,"First lien senior secured loan ($4,000 par due 12/2020)",6.25% (Libor + 5.50%/Q),12/2/2014,3968.0,4000
19,AwarePoint Corporation,Healthcare technology platform developer,"First lien senior secured loan ($10,000 par due 6/2018)",9.50%,9/5/2014,9907.0,9900
20,AwarePoint Corporation,Healthcare technology platform developer,"Warrant to purchase up to 3,213,367 shares of Series 1 preferred stock",0,11/14/2014,0.0,0
21,"AxelaCare Holdings, Inc. and AxelaCare Investment Holdings, L.P.",Provider of home infusion services,"Preferred units (8,218,160 units)",0,4/12/2013,822.0,693
22,"AxelaCare Holdings, Inc. and AxelaCare Investment Holdings, L.P.",Provider of home infusion services,"Common units (83,010 units)",0,4/12/2013,8.0,7
23,"California Forensic Medical Group, Incorporated",Correctional facility healthcare operator,"First lien senior secured loan ($48,630 par due 11/2018)",9.25% (Libor + 8.00%/Q),11/16/2012,48630.0,48630
24,"CCS Intermediate Holdings, LLC and CCS Group Holdings, LLC",Correctional facility healthcare operator,"First lien senior secured revolving loan ($1,275 par due 7/2019)",5.00% (Libor + 4.00%/Q),7/23/2014,1275.0,1249
25,"CCS Intermediate Holdings, LLC and CCS Group Holdings, LLC",Correctional facility healthcare operator,"First lien senior secured loan ($6,719 par due 7/2021)",5.00% (Libor + 4.00%/Q),7/23/2014,6688.0,6584
26,"CCS Intermediate Holdings, LLC and CCS Group Holdings, LLC",Correctional facility healthcare operator,"Second lien senior secured loan ($135,000 par due 7/2022)",9.38% (Libor + 8.38%/Q),7/23/2014,133721.0,133650
27,"CCS Intermediate Holdings, LLC and CCS Group Holdings, LLC",Correctional facility healthcare operator,"Class A units (601,937 units)",0,8/19/2010,0.0,1802
28,"DNAnexus, Inc.",Bioinformatics company,"First lien senior secured loan ($5,000 par due 10/2017)",9.25%,3/21/2014,4802.0,5000
29,"DNAnexus, Inc.",Bioinformatics company,"First lien senior secured loan ($5,000 par due 2/2018)",9.25%,3/21/2014,4787.0,5000
30,"DNAnexus, Inc.",Bioinformatics company,"Warrants to purchase up to 909,092 units of Series C preferred stock",0,3/21/2014,0.0,0
31,"Genocea Biosciences, Inc.",Vaccine discovery technology company,"Common stock (31,500 shares)",0,2/10/2014,0.0,220
32,"GI Advo Opco, LLC",Behavioral treatment services provider,"First lien senior secured loan ($13,890 par due 6/2017)",6.00% (Libor + 4.75%/Q),12/13/2013,14182.0,13890
33,"GI Advo Opco, LLC",Behavioral treatment services provider,First lien senior secured loan ($69 par due 6/2017),7.00% (Base Rate + 3.75%/Q),12/13/2013,70.0,69
34,"Global Healthcare Exchange, LLC and GHX Ultimate Parent Corp.",On-demand supply chain automation solutions provider,"First lien senior secured loan ($231,250 par due 3/2020)",8.50% (Libor + 7.50%/Q),3/11/2014,229626.0,231250
35,"Global Healthcare Exchange, LLC and GHX Ultimate Parent Corp.",On-demand supply chain automation solutions provider,"Class A common stock (2,475 shares)",0,3/11/2014,2991.0,2991
36,"Global Healthcare Exchange, LLC and GHX Ultimate Parent Corp.",On-demand supply chain automation solutions provider,Class B common stock (938 shares),0,3/11/2014,30.0,2417
37,"Greenphire, Inc. and RMCF III CIV XXIX, L.P",Software provider for clinical trial management,"First lien senior secured loan ($4,000 par due 12/2018)",9.00% (Libor + 8.00%/Q),12/19/2014,4000.0,4000
38,"Greenphire, Inc. and RMCF III CIV XXIX, L.P",Software provider for clinical trial management,Limited partnership interest (99.90% interest),0,12/19/2014,999.0,999
39,"INC Research Mezzanine Co-Invest, LLC",Pharmaceutical and biotechnology consulting services,"Common units (1,410,000 units)",0,9/27/2010,1512.0,4287
40,Intermedix Corporation,Revenue cycle management provider to the emergency healthcare industry,"Second lien senior secured loan ($112,000 par due 6/2020)",9.25% (Libor + 8.25%/Q),12/27/2012,112000.0,110880
41,"LM Acquisition Holdings, LLC(8)",Developer and manufacturer of medical equipment,Class A units (426 units),0,9/27/2013,1000.0,1721
42,"MC Acquisition Holdings I, LLC",Healthcare professional provider,"Class A units (1,338,314 units)",0,1/17/2014,1338.0,1863
43,"Monte Nido Holdings, LLC",Outpatient eating disorder treatment provider,"First lien senior secured loan ($44,750 par due 12/2019)",8.00% (Libor + 7.00%/M),12/20/2013,44750.0,42065
44,MW Dental Holding Corp.,Dental services provider,"First lien senior secured loan ($6,485 par due 4/2017)",8.50% (Libor + 7.00%/M),4/12/2011,6485.0,6485
45,MW Dental Holding Corp.,Dental services provider,"First lien senior secured loan ($24,484 par due 4/2017)",8.50% (Libor + 7.00%/M),4/12/2011,24484.0,24484
46,MW Dental Holding Corp.,Dental services provider,"First lien senior secured loan ($48,238 par due 4/2017)",8.50% (Libor + 7.00%/M),4/12/2011,48238.0,48238
47,MW Dental Holding Corp.,Dental services provider,"First lien senior secured loan ($19,949 par due 4/2017)",8.50% (Libor + 7.00%/M),4/12/2011,19949.0,19949
48,"My Health Direct, Inc.",Healthcare scheduling exchange software solution provider,"First lien senior secured loan ($3,000 par due 1/2018)",10.75%,9/18/2014,2907.0,3000
49,"My Health Direct, Inc.",Healthcare scheduling exchange software solution provider,"Warrant to purchase up to 4,548 shares of Series D preferred stock",0,9/18/2014,39.0,39
50,Napa Management Services Corporation,Anesthesia management services provider,"First lien senior secured loan ($13,000 par due 2/2019)",6.00% (Libor + 5.00%/Q),4/15/2011,13000.0,13000
51,Napa Management Services Corporation,Anesthesia management services provider,"First lien senior secured loan ($80,234 par due 2/2019)",6.00% (Libor + 5.00%/Q),4/15/2011,80234.0,80234
52,Napa Management Services Corporation,Anesthesia management services provider,"First lien senior secured loan ($33,266 par due 2/2019)",6.00% (Libor + 5.00%/Q),4/15/2011,33215.0,33266
53,Napa Management Services Corporation,Anesthesia management services provider,"Common units (5,345 units)",0,4/15/2011,5764.0,11760
54,"Netsmart Technologies, Inc. and NS Holdings, Inc.",Healthcare technology provider,"First lien senior secured loan ($2,760 par due 12/2017)",8.75% (Libor + 7.50%/Q),12/18/2012,2760.0,2760
55,"Netsmart Technologies, Inc. and NS Holdings, Inc.",Healthcare technology provider,"First lien senior secured loan ($34,912 par due 12/2017)",8.75% (Libor + 7.50%/Q),12/18/2012,34912.0,34912
56,"Netsmart Technologies, Inc. and NS Holdings, Inc.",Healthcare technology provider,"Common stock (2,500,000 shares)",0,6/21/2010,2500.0,5426
57,"New Trident Holdcorp, Inc.",Outsourced mobile diagnostic healthcare service provider,"Second lien senior secured loan ($80,000 par due 7/2020)",10.25% (Libor + 9.00%/Q),8/6/2013,78667.0,78400
58,"Nodality, Inc.",Biotechnology company,"First lien senior secured loan ($8,000 par due 2/2018)",8.90%,4/25/2014,7768.0,8000
59,"Nodality, Inc.",Biotechnology company,"First lien senior secured loan ($3,000 par due 8/2018)",8.90%,4/25/2014,2900.0,3000
60,"Nodality, Inc.",Biotechnology company,"Warrant to purchase up to 164,179 shares of Series B preferred stock",0,4/25/2014,0.0,41
61,"OmniSYS Acquisition Corporation, OmniSYS, LLC, and OSYS Holdings, LLC",Provider of technology-enabled solutions to pharmacies,"First lien senior secured loan ($20,475 par due 11/2018)",8.50% (Libor + 7.50%/Q),11/21/2013,20475.0,20475
62,"OmniSYS Acquisition Corporation, OmniSYS, LLC, and OSYS Holdings, LLC",Provider of technology-enabled solutions to pharmacies,Limited liability company membership interest (1.57%),0,11/21/2013,1000.0,1258
63,"PerfectServe, Inc.",Communications software platform provider for hospitals and physician practices,First lien senior secured revolving loan ($500 par due 6/2015),7.50%,12/26/2013,500.0,500
64,"PerfectServe, Inc.",Communications software platform provider for hospitals and physician practices,"First lien senior secured loan ($2,500 par due 10/2017)",10.00%,12/26/2013,2479.0,2500
65,"PerfectServe, Inc.",Communications software platform provider for hospitals and physician practices,"First lien senior secured loan ($3,372 par due 4/2017)",10.00%,12/26/2013,3348.0,3372
66,"PerfectServe, Inc.",Communications software platform provider for hospitals and physician practices,"Warrants to purchase up to 34,113 units of Series C preferred stock",0,12/26/2013,0.0,84
67,"PGA Holdings, Inc.","Provider of patient surveys, management reports and national databases for the integrated healthcare delivery system",Preferred stock (333 shares),0,3/12/2008,125.0,21
68,"PGA Holdings, Inc.","Provider of patient surveys, management reports and national databases for the integrated healthcare delivery system","Common stock (16,667 shares)",0,3/12/2008,167.0,1051
69,PhyMED Management LLC,Provider of anesthesia services,"First lien senior secured loan ($10,000 par due 11/2020)",5.25% (Libor + 4.25%/M),11/18/2014,9927.0,10000
70,"Physiotherapy Associates Holdings, Inc.",Physical therapy provider,"Class A common stock (100,000 shares)",0,12/13/2013,3090.0,2465
71,"POS I Corp. (fka Vantage Oncology, Inc.)",Radiation oncology care provider,"Common stock (62,157 shares)",0,2/3/2011,4670.0,1222
72,"Reed Group Holdings, LLC",Medical disability management services provider,Equity interests,0,4/1/2010,0.0,0
73,"Respicardia, Inc.",Developer of implantable therapies to improve cardiovascular health,"First lien senior secured loan ($1,400 par due 7/2015)",11.00%,6/28/2012,1399.0,1400
74,"Respicardia, Inc.",Developer of implantable therapies to improve cardiovascular health,"Warrants to purchase up to 99,094 shares of Series C preferred stock",0,6/28/2012,38.0,28
75,"Sage Products Holdings III, LLC",Patient infection control and preventive care solutions provider,"Second lien senior secured loan ($120,000 par due 6/2020)",9.25% (Libor + 8.00%/Q),12/13/2012,119775.0,120000
76,"Sarnova HC, LLC, Tri-Anim Health Services, Inc., and BEMS Holdings, LLC",Distributor of emergency medical service and respiratory products,"Second lien senior secured loan ($60,000 par due 9/2018)",8.75% (Libor + 8.00%/M),6/30/2014,60000.0,60000
77,"SurgiQuest, Inc.",Medical device company,"Warrants to purchase up to 54,672 shares of Series D-4 convertible preferred stock",0,9/28/2012,0.0,0
78,"U.S. Anesthesia Partners, Inc.",Anesthesiology service provider,"First lien senior secured loan ($49,725 par due 12/2019)",6.00% (Libor + 5.00%/Q),6/26/2014,49725.0,49725
79,"U.S. Anesthesia Partners, Inc.",Anesthesiology service provider,"Second lien senior secured loan ($50,000 par due 9/2020)",9.00% (Libor + 8.00%/Q),9/24/2014,50000.0,50000
80,"Young Innovations, Inc.",Dental supplies and equipment manufacturer,"Second lien senior secured loan ($45,000 par due 7/2019)",9.00% (Libor + 8.00%/Q),5/30/2014,45000.0,45000
81,American Residential Services L.L.C.,"Heating, ventilation and air conditioning services provider","Second lien senior secured loan ($50,000 par due 12/2021)",9.00% (Libor + 8.00%/Q),6/30/2014,49534.0,50000
82,Capital Investments and Ventures Corp.,SCUBA diver training and certification provider,"First lien senior secured loan ($60,654 par due 8/2020)",8.00% (Base Rate + 4.75%/Q),8/9/2012,60334.0,60654
83,Capital Investments and Ventures Corp.,SCUBA diver training and certification provider,"First lien senior secured loan ($21,181 par due 8/2020)",8.00% (Base Rate + 4.75%/Q),8/9/2012,21181.0,21181
84,Capital Investments and Ventures Corp.,SCUBA diver training and certification provider,"First lien senior secured loan ($7,534 par due 8/2020)",8.00% (Base Rate + 4.75%/Q),8/9/2012,7534.0,7534
85,"Community Education Centers, Inc.",Offender re-entry and in-prison treatment services provider,"First lien senior secured loan ($14,130 par due 3/2015)",6.25% (Libor + 5.25%/Q),12/10/2010,14130.0,14130
86,"Community Education Centers, Inc.",Offender re-entry and in-prison treatment services provider,First lien senior secured loan ($156 par due 3/2015),7.50% (Base Rate + 4.25%/Q),12/10/2010,156.0,156
87,"Community Education Centers, Inc.",Offender re-entry and in-prison treatment services provider,"Second lien senior secured loan ($48,377 par due 12/2015)",0,12/10/2010,47169.0,39858
88,"Community Education Centers, Inc.",Offender re-entry and in-prison treatment services provider,"Warrants to purchase up to 654,618 shares",0,12/10/2010,0.0,0
89,"Competitor Group, Inc. and Calera XVI, LLC",Endurance sports media and event operator,"First lien senior secured revolving loan ($2,850 par due 11/2018)",10.00% (Base Rate + 6.75%/Q),11/30/2012,2850.0,2565
90,"Competitor Group, Inc. and Calera XVI, LLC",Endurance sports media and event operator,First lien senior secured revolving loan ($900 par due 11/2018),9.00% (Libor + 7.75%/Q),11/30/2012,900.0,810
91,"Competitor Group, Inc. and Calera XVI, LLC",Endurance sports media and event operator,"First lien senior secured loan ($24,444 par due 11/2018)","10.50% (Libor + 7.75% Cash, 1.50% PIK /Q)",11/30/2012,24444.0,21999
92,"Competitor Group, Inc. and Calera XVI, LLC",Endurance sports media and event operator,"First lien senior secured loan ($29,931 par due 11/2018)","10.50% (Libor + 7.75% Cash, 1.50% PIK /Q)",11/30/2012,29931.0,26938
93,"Competitor Group, Inc. and Calera XVI, LLC",Endurance sports media and event operator,"Membership units (2,500,000 units)",0,11/30/2012,2519.0,275
94,"Crown Health Care Laundry Services, Inc. and Crown Laundry Holdings, LLC(6)",Provider of outsourced linen management solutions to the healthcare industry,First lien senior secured revolving loan ($700 par due 3/2019),8.25% (Libor + 7.00%/Q),3/13/2014,700.0,700
95,"Crown Health Care Laundry Services, Inc. and Crown Laundry Holdings, LLC(6)",Provider of outsourced linen management solutions to the healthcare industry,"First lien senior secured loan ($24,316 par due 3/2019)",8.25% (Libor + 7.00%/Q),3/13/2014,24316.0,24316
96,"Crown Health Care Laundry Services, Inc. and Crown Laundry Holdings, LLC(6)",Provider of outsourced linen management solutions to the healthcare industry,"Class A preferred units (2,475,000 units)",0,3/13/2014,2475.0,2723
97,"Crown Health Care Laundry Services, Inc. and Crown Laundry Holdings, LLC(6)",Provider of outsourced linen management solutions to the healthcare industry,"Class B common units (275,000 units)",0,3/13/2014,275.0,303
98,"Dwyer Acquisition Parent, Inc. and TDG Group Holding Company",Operator of multiple franchise concepts primarily related to home maintenance or repairs,"Senior subordinated loan ($52,670 par due 2/2020)",11.00%,8/15/2014,52670.0,52670
99,"Dwyer Acquisition Parent, Inc. and TDG Group Holding Company",Operator of multiple franchise concepts primarily related to home maintenance or repairs,"Common stock (30,000 shares)",0,8/15/2014,3000.0,3439
100,"GHS Interactive Security, LLC and LG Security Holdings, LLC",Originates residential security alarm contracts,"First lien senior secured loan ($8,578 par due 5/2018)",7.50% (Libor + 6.00%/S),12/13/2013,8626.0,8578
101,"GHS Interactive Security, LLC and LG Security Holdings, LLC",Originates residential security alarm contracts,"Class A membership units (1,560,000 units)",0,12/13/2013,1607.0,728
102,"Massage Envy, LLC",Franchisor in the massage industry,"First lien senior secured loan ($28,245 par due 9/2018)",8.50% (Libor + 7.25%/Q),9/27/2012,28245.0,28245
103,"Massage Envy, LLC",Franchisor in the massage industry,"First lien senior secured loan ($47,716 par due 9/2018)",8.50% (Libor + 7.25%/Q),9/27/2012,47716.0,47716
104,"Massage Envy, LLC",Franchisor in the massage industry,"Common stock (3,000,000 shares)",0,9/27/2012,3000.0,4306
105,"McKenzie Sports Products, LLC","Designer, manufacturer and distributor of hunting-related supplies","First lien senior secured loan ($84,500 par due 9/2020)",6.75% (Libor + 5.75%/M),9/18/2014,84500.0,83654
106,"OpenSky Project, Inc.",Social commerce platform operator,"First lien senior secured loan ($3,000 par due 9/2017)",10.00%,6/4/2014,2960.0,3000
107,"OpenSky Project, Inc.",Social commerce platform operator,"Warrant to purchase up to 46,996 shares of Series D preferred stock",0,6/4/2014,48.0,48
108,PODS Funding Corp. II,Storage and warehousing,"First lien senior secured loan ($3,899 par due 12/2018)",7.00% (Libor + 6.00%/Q),3/12/2014,3899.0,3899
109,PODS Funding Corp. II,Storage and warehousing,"First lien senior secured loan ($33,989 par due 12/2018)",7.00% (Libor + 6.00%/Q),3/12/2014,33989.0,33989
110,Spin HoldCo Inc.,Laundry service and equipment provider,"Second lien senior secured loan ($140,000 par due 5/2020)",8.00% (Libor + 7.00%/M),5/14/2013,140000.0,137200
111,"TWH Water Treatment Industries, Inc., TWH Filtration Industries, Inc. and TWH Infrastructure Industries, Inc.","Wastewater infrastructure repair, treatment and filtration company","First lien senior secured loan ($2,240 par due 10/2019)",10.25% (Libor + 9.25%/Q),10/10/2014,2240.0,2240
112,"TWH Water Treatment Industries, Inc., TWH Filtration Industries, Inc. and TWH Infrastructure Industries, Inc.","Wastewater infrastructure repair, treatment and filtration company","First lien senior secured loan ($36,400 par due 10/2019)",10.25% (Libor + 9.25%/Q),10/10/2014,36400.0,36400
113,"United Road Towing, Inc.",Towing company,Warrants to purchase up to 607 shares,0,4/1/2010,0.0,0
114,"Wash Multifamily Laundry Systems, LLC",Laundry service and equipment provider,"Second lien senior secured loan ($78,000 par due 2/2020)",7.75% (Libor + 6.75%/Q),6/26/2012,78000.0,78000
115,"Feradyne Outdoors, LLC and Bowhunter Holdings, LLC",Provider of branded archery and bowhunting accessories,"First lien senior secured loan ($50,100 par due 3/2019)",6.55% (Libor + 5.55%/Q),4/24/2014,50100.0,50100
116,"Feradyne Outdoors, LLC and Bowhunter Holdings, LLC",Provider of branded archery and bowhunting accessories,"First lien senior secured loan ($6,953 par due 3/2019)",4.00% (Libor + 3.00%/Q),4/24/2014,6953.0,6953
117,"Feradyne Outdoors, LLC and Bowhunter Holdings, LLC",Provider of branded archery and bowhunting accessories,Common units (300 units),0,4/24/2014,3000.0,2573
118,"Implus Footcare, LLC",Provider of footwear and other accessories,Preferred stock (455 shares),6.00% PIK,10/31/2011,4740.0,4740
119,"Implus Footcare, LLC",Provider of footwear and other accessories,Common stock (455 shares),0,10/31/2011,0.0,1414
120,Indra Holdings Corp.,"Designer, marketer, and distributor of rain and cold weather products","Second lien senior secured loan ($80,000 par due 11/2021)",8.50% (Libor + 7.50%/Q),5/1/2014,78814.0,79199
121,"Matrixx Initiatives, Inc. and Wonder Holdings Acquisition Corp.",Developer and marketer of OTC healthcare products,"Warrants to purchase up to 1,489 shares of preferred stock",0,7/27/2011,0.0,921
122,"Matrixx Initiatives, Inc. and Wonder Holdings Acquisition Corp.",Developer and marketer of OTC healthcare products,"Warrants to purchase up to 1,654,678 shares of common stock",0,7/27/2011,0.0,0
123,"Oak Parent, Inc.",Manufacturer of athletic apparel,"First lien senior secured loan ($30,256 par due 4/2018)",7.50% (Libor + 7.00%/Q),4/2/2012,30172.0,30256
124,"Oak Parent, Inc.",Manufacturer of athletic apparel,First lien senior secured loan ($157 par due 4/2018),9.25% (Base Rate + 6.00%/Q),4/2/2012,157.0,157
125,"Oak Parent, Inc.",Manufacturer of athletic apparel,"First lien senior secured loan ($8,551 par due 4/2018)",7.50% (Libor + 7.00%/Q),4/2/2012,8527.0,8551
126,"Oak Parent, Inc.",Manufacturer of athletic apparel,First lien senior secured loan ($44 par due 4/2018),9.25% (Base Rate + 6.00%/Q),4/2/2012,44.0,44
127,"PG-ACP Co-Invest, LLC","Supplier of medical uniforms, specialized medical footwear and accessories","Class A membership units (1,000,0000 units)",0,8/29/2012,1000.0,1444
128,"Plantation Products, LLC, Seed Holdings, Inc. and Flora Parent, Inc.",Provider of branded lawn and garden products,"First lien senior secured revolving loan ($9,007 par due 12/2020)",5.00% (Libor + 4.00%/Q),12/23/2014,9007.0,9007
129,"Plantation Products, LLC, Seed Holdings, Inc. and Flora Parent, Inc.",Provider of branded lawn and garden products,"First lien senior secured loan ($79,000 par due 12/2020)",5.00% (Libor + 4.00%/Q),12/23/2014,78545.0,79000
130,"Plantation Products, LLC, Seed Holdings, Inc. and Flora Parent, Inc.",Provider of branded lawn and garden products,"Second lien senior secured loan ($66,000 par due 6/2021)",9.94% (Libor + 8.94%/Q),12/23/2014,65620.0,66000
131,"Plantation Products, LLC, Seed Holdings, Inc. and Flora Parent, Inc.",Provider of branded lawn and garden products,"Common stock (30,000 shares)",0,12/23/2014,3000.0,3000
132,"Shock Doctor, Inc. and BRP Hold 14, LLC","Developer, marketer and distributor of sports protection equipment and accessories.","First lien senior secured loan ($1,333 par due 3/2020)",8.75% (Libor + 7.75%/Q),3/14/2014,1333.0,1333
133,"Shock Doctor, Inc. and BRP Hold 14, LLC","Developer, marketer and distributor of sports protection equipment and accessories.","First lien senior secured loan ($5,721 par due 3/2020)",8.75% (Libor + 7.75%/Q),3/14/2014,5721.0,5721
134,"Shock Doctor, Inc. and BRP Hold 14, LLC","Developer, marketer and distributor of sports protection equipment and accessories.","First lien senior secured loan ($53,729 par due 3/2020)",8.75% (Libor + 7.75%/Q),3/14/2014,53729.0,53729
135,"Shock Doctor, Inc. and BRP Hold 14, LLC","Developer, marketer and distributor of sports protection equipment and accessories.","First lien senior secured loan ($19,950 par due 3/2020)",8.75% (Libor + 7.75%/Q),3/14/2014,19950.0,19950
136,"Shock Doctor, Inc. and BRP Hold 14, LLC","Developer, marketer and distributor of sports protection equipment and accessories.","Class A preferred units (50,000 units)",0,3/14/2014,5000.0,5529
137,"The Step2 Company, LLC(7)",Toy manufacturer,"Second lien senior secured loan ($27,583 par due 9/2019)",10.00% PIK,4/1/2010,27463.0,27583
138,"The Step2 Company, LLC(7)",Toy manufacturer,"Second lien senior secured loan ($4,500 par due 9/2019)",10.00%,3/13/2014,4500.0,4500
139,"The Step2 Company, LLC(7)",Toy manufacturer,"Second lien senior secured loan ($37,207 par due 9/2019)",0,4/1/2010,30802.0,9043
140,"The Step2 Company, LLC(7)",Toy manufacturer,"Common units (1,116,879 units)",0,4/1/2010,24.0,0
141,"The Step2 Company, LLC(7)",Toy manufacturer,"Class B common units (126,278,000 units)",0,10/30/2014,0.0,0
142,"The Step2 Company, LLC(7)",Toy manufacturer,"Warrants to purchase up to 3,157,895 units",0,4/1/2010,0.0,0
143,"Varsity Brands Holding Co., Inc., Hercules Achievement, Inc., Hercules Achievement Holdings, Inc., and Hercules VB Holdings, Inc.","Leading manufacturer and distributor of textiles, apparel & luxury goods","Second lien senior secured loan ($180,000 par due 12/2022)",9.75% (Libor + 8.75%/M),12/11/2014,178200.0,180000
144,"Varsity Brands Holding Co., Inc., Hercules Achievement, Inc., Hercules Achievement Holdings, Inc., and Hercules VB Holdings, Inc.","Leading manufacturer and distributor of textiles, apparel & luxury goods","Common stock (3,353,371 shares)",0,12/11/2014,4147.0,4147
145,"Varsity Brands Holding Co., Inc., Hercules Achievement, Inc., Hercules Achievement Holdings, Inc., and Hercules VB Holdings, Inc.","Leading manufacturer and distributor of textiles, apparel & luxury goods","Common stock (3,353,371 shares)",0,12/11/2014,3353.0,3353
146,Woodstream Corporation,Pet products manufacturer,First lien senior secured loan ($12 par due 8/2016),7.00% (Base Rate + 3.75%/Q),4/18/2012,12.0,12
147,Woodstream Corporation,Pet products manufacturer,"First lien senior secured loan ($4,804 par due 8/2016)",6.00% (Libor + 5.00%/Q),4/18/2012,4804.0,4804
148,Woodstream Corporation,Pet products manufacturer,"Senior subordinated loan ($80,000 par due 2/2017)",11.50%,4/18/2012,78178.0,80000
149,Woodstream Corporation,Pet products manufacturer,"Common stock (4,254 shares)",0,1/22/2010,1222.0,2816
150,"Alphabet Energy, Inc.",Technology developer to convert waste-heat into electricity,"First lien senior secured loan ($1,960 par due 7/2017)",9.50%,12/16/2013,1894.0,1960
151,"Alphabet Energy, Inc.",Technology developer to convert waste-heat into electricity,"First lien senior secured loan ($2,880 par due 7/2017)",9.62%,12/16/2013,2683.0,2880
152,"Alphabet Energy, Inc.",Technology developer to convert waste-heat into electricity,"Series B preferred stock (74,449 shares)",0,2/26/2014,250.0,250
153,"Alphabet Energy, Inc.",Technology developer to convert waste-heat into electricity,"Warrant to purchase up to 59,524 units of Series B preferred stock",0,12/16/2013,146.0,125
154,Bicent (California) Holdings LLC,Gas turbine power generation facilities operator,"Senior subordinated loan ($49,706 par due 2/2021)",8.25% (Libor + 7.25%/Q),2/6/2014,49706.0,49706
155,"Brush Power, LLC",Gas turbine power generation facilities operator,"First lien senior secured loan ($1,730 par due 8/2020)",7.50% (Base Rate + 4.25%/Q),8/1/2013,1730.0,1730
156,"Brush Power, LLC",Gas turbine power generation facilities operator,"First lien senior secured loan ($86,384 par due 8/2020)",6.25% (Libor + 5.25%/Q),8/1/2013,86384.0,86384
157,"CPV Maryland Holding Company II, LLC",Gas turbine power generation facilities operator,"Senior subordinated loan ($42,838 par due 12/2020)","5.00% Cash, 5.00% PIK",8/8/2014,42838.0,42838
158,"CPV Maryland Holding Company II, LLC",Gas turbine power generation facilities operator,Warrant to purchase up to 4 units of common stock,0,8/8/2014,0.0,200
159,"DESRI VI Management Holdings, LLC",Wind and solar power generation facility operator,"Senior subordinated loan ($26,500 par due 12/2021)",9.75%,12/24/2014,26500.0,26500
160,"DESRI VI Management Holdings, LLC",Wind and solar power generation facility operator,Non-controlling units (10.0 units),0,12/24/2014,1483.0,1483
161,"DESRI Wind Development Acquisition Holdings, L.L.C.",Wind and solar power generation facility operator,"Senior subordinated loan ($14,750 par due 8/2021)",9.25%,8/26/2014,14750.0,14750
162,"DESRI Wind Development Acquisition Holdings, L.L.C.",Wind and solar power generation facility operator,Non-controlling units (7.5 units),0,8/26/2014,806.0,806
163,"Green Energy Partners, Stonewall LLC and Panda Stonewall Intermediate Holdings II LLC",Gas turbine power generation facilities operator,"Senior subordinated loan ($81,500 par due 12/2021)",13.25%,11/13/2014,81500.0,81500
164,"Joule Unlimited Technologies, Inc. and Stichting Joule Global Foundation",Renewable fuel and chemical production developer,"First lien senior secured loan ($5,909 par due 2/2017)",10.00%,7/25/2013,5873.0,5909
165,"Joule Unlimited Technologies, Inc. and Stichting Joule Global Foundation",Renewable fuel and chemical production developer,"Warrant to purchase up to 32,051 shares of Series C-2 preferred stock",0,7/25/2013,0.0,39
166,"La Paloma Generating Company, LLC","Natural gas fired, combined cycle plant operator","Second lien senior secured loan ($10,000 par due 2/2020)",9.25% (Libor + 8.25%/Q),2/20/2014,9652.0,9400
167,Moxie Liberty LLC,Gas turbine power generation facilities operator,"First lien senior secured loan ($100,000 par due 8/2020)",7.50% (Libor + 6.50%/Q),8/21/2013,98900.0,100000
168,Moxie Patriot LLC,Gas turbine power generation facilities operator,"First lien senior secured loan ($100,000 par due 12/2020)",6.75% (Libor + 5.75%/Q),12/19/2013,99000.0,100000
169,"Panda Sherman Power, LLC",Gas turbine power generation facilities operator,"First lien senior secured loan ($32,429 par due 9/2018)",9.00% (Libor + 7.50%/Q),9/14/2012,32429.0,32429
170,"Panda Temple Power II, LLC",Gas turbine power generation facilities operator,"First lien senior secured loan ($20,000 par due 4/2019)",7.25% (Libor + 6.00%/Q),4/3/2013,19852.0,20000
171,"Panda Temple Power, LLC",Gas turbine power generation facilities operator,"First lien senior secured loan ($60,000 par due 7/2018)",11.50% (Libor + 10.00%/Q),7/17/2012,58719.0,60000
172,PERC Holdings 1 LLC,"Operator of recycled energy, combined heat and power, and energy efficiency facilities","Class B common units (21,653,543 units)",0,10/20/2014,21654.0,21654
173,2329497 Ontario Inc.(8),Outsourced data center infrastructure and related services provider,"Second lien senior secured loan ($42,480 par due 6/2019)",10.50% (Libor + 9.25%/M),12/13/2013,43323.0,36006
174,"BlackArrow, Inc.",Advertising and data solutions software platform provider,"First lien senior secured loan ($8,000 par due 9/2017)",9.25%,3/13/2014,7782.0,8000
175,"BlackArrow, Inc.",Advertising and data solutions software platform provider,"Warrant to purchase up to 517,386 units of Series C preferred stock",0,3/13/2014,0.0,76
176,"CallMiner, Inc.",Provider of cloud-based conversational analytics solutions,"First lien senior secured loan ($4,000 par due 5/2018)",10.00%,7/23/2014,3973.0,4000
177,"CallMiner, Inc.",Provider of cloud-based conversational analytics solutions,"First lien senior secured loan ($2,000 par due 9/2018)",10.00%,7/23/2014,1986.0,2000
178,"CallMiner, Inc.",Provider of cloud-based conversational analytics solutions,"Warrant to purchase up to 2,350,636 shares of Series 1 preferred stock",0,7/23/2014,0.0,0
179,"Cast & Crew Payroll, LLC and Centerstage Co-Investors, L.L.C.(6)",Payroll and accounting services provider to the entertainment industry,"First lien senior secured loan ($27,930 par due 10/2019)",4.00% (Libor + 3.00%/Q),12/24/2012,27930.0,27930
180,"Cast & Crew Payroll, LLC and Centerstage Co-Investors, L.L.C.(6)",Payroll and accounting services provider to the entertainment industry,"First lien senior secured loan ($53,569 par due 10/2019)",7.00% (Libor + 6.00%/Q),12/24/2012,53569.0,53569
181,"Cast & Crew Payroll, LLC and Centerstage Co-Investors, L.L.C.(6)",Payroll and accounting services provider to the entertainment industry,"First lien senior secured loan ($41,813 par due 10/2019)",7.00% (Libor + 6.00%/Q),12/24/2012,41813.0,41813
182,"Cast & Crew Payroll, LLC and Centerstage Co-Investors, L.L.C.(6)",Payroll and accounting services provider to the entertainment industry,"Class A membership units (2,500,000 units)",0,12/24/2012,57.0,5885
183,"Cast & Crew Payroll, LLC and Centerstage Co-Investors, L.L.C.(6)",Payroll and accounting services provider to the entertainment industry,"Class B membership units (2,500,000 units)",0,12/24/2012,57.0,5885
184,"CIBT Investment Holdings, LLC",Expedited travel document processing services,"Class A shares (2,500 shares)",0,12/15/2011,2500.0,4915
185,"Command Alkon, Incorporated and CA Note Issuer, LLC",Software solutions provider to the ready-mix concrete industry,"Second lien senior secured loan ($10,000 par due 8/2020)",9.25% (Libor + 8.25%/Q),9/28/2012,10000.0,10000
186,"Command Alkon, Incorporated and CA Note Issuer, LLC",Software solutions provider to the ready-mix concrete industry,"Second lien senior secured loan ($26,500 par due 8/2020)",9.25% (Libor + 8.25%/Q),9/28/2012,26500.0,26500
187,"Command Alkon, Incorporated and CA Note Issuer, LLC",Software solutions provider to the ready-mix concrete industry,"Second lien senior secured loan ($11,500 par due 8/2020)",9.25% (Libor + 8.25%/Q),9/28/2012,11500.0,11500
188,"Command Alkon, Incorporated and CA Note Issuer, LLC",Software solutions provider to the ready-mix concrete industry,"Senior subordinated loan ($17,621 par due 8/2021)",14.00% PIK,8/8/2014,17621.0,17621
189,"Compuware Parent, LLC",Web and mobile cloud performance testing and monitoring services provider,"Class A-1 common stock (4,132 units)",0,12/15/2014,2250.0,2527
190,"Compuware Parent, LLC",Web and mobile cloud performance testing and monitoring services provider,"Class B-1 common stock (4,132 units)",0,12/15/2014,450.0,505
191,"Compuware Parent, LLC",Web and mobile cloud performance testing and monitoring services provider,"Class C-1 common stock (4,132 units)",0,12/15/2014,300.0,337
192,"Compuware Parent, LLC",Web and mobile cloud performance testing and monitoring services provider,"Class A-2 common stock (4,132 units)",0,12/15/2014,0.0,0
193,"Compuware Parent, LLC",Web and mobile cloud performance testing and monitoring services provider,"Class B-2 common stock (4,132 units)",0,12/15/2014,0.0,0
194,"Compuware Parent, LLC",Web and mobile cloud performance testing and monitoring services provider,"Class C-2 common stock (4,132 units)",0,12/15/2014,0.0,0
195,"Coverall North America, Inc.",Commercial janitorial services provider,Letter of credit facility,0,1/17/2013,0.0,0
196,"Directworks, Inc. and Co-Exprise Holdings, Inc.",Provider of cloud-based software solutions for direct materials sourcing and supplier management for manufacturers,"First lien senior secured loan ($2,500 par due 4/2018)",10.25% (Libor + 9.25%/M),12/19/2014,2500.0,2500
197,"Directworks, Inc. and Co-Exprise Holdings, Inc.",Provider of cloud-based software solutions for direct materials sourcing and supplier management for manufacturers,"Warrant to purchase up to 1,875,000 shares of Series 1 preferred stock",0,12/19/2014,0.0,0
198,"DTI Holdco, Inc. and OPE DTI Holdings, Inc.",Provider of legal process outsourcing and managed services,"First lien senior secured loan ($1,000 par due 8/2020)",5.75% (Libor + 4.75%/Q),8/19/2014,1000.0,1000
199,"DTI Holdco, Inc. and OPE DTI Holdings, Inc.",Provider of legal process outsourcing and managed services,"Class A common stock (7,500 shares)",0,8/19/2014,7500.0,8383
200,"DTI Holdco, Inc. and OPE DTI Holdings, Inc.",Provider of legal process outsourcing and managed services,"Class B common stock (7,500 shares)",0,8/19/2014,0.0,0
201,"First Insight, Inc.",Software company providing merchandising and pricing solutions to companies worldwide,"First lien senior secured loan ($3,267 par due 4/2017)",9.50%,3/20/2014,3193.0,3267
202,"First Insight, Inc.",Software company providing merchandising and pricing solutions to companies worldwide,"Warrants to purchase up to 122,827 units of Series C preferred stock",0,3/20/2014,0.0,6
203,"HCPro, Inc. and HCP Acquisition Holdings, LLC(7)",Healthcare compliance advisory services,"Senior subordinated loan ($9,398 par due 5/2015)",0,3/5/2013,2691.0,0
204,"HCPro, Inc. and HCP Acquisition Holdings, LLC(7)",Healthcare compliance advisory services,"Class A units (14,293,110 units)",0,6/26/2008,12793.0,0
205,IfByPhone Inc.,Voice-based marketing automation software provider,"Warrant to purchase up to 124,300 shares of Series C preferred stock",0,10/15/2012,88.0,79
206,"Investor Group Services, LLC(6)",Business consulting for private equity and corporate clients,Limited liability company membership interest (7.75% interest),0,6/22/2006,0.0,625
207,"IronPlanet, Inc.",Online auction platform provider for used heavy equipment,First lien senior secured revolving loan,0,9/24/2013,0.0,0
208,"IronPlanet, Inc.",Online auction platform provider for used heavy equipment,"Warrant to purchase to up to 133,333 shares of Series C preferred stock",0,9/24/2013,214.0,244
209,"ISS #2, LLC","Provider of repairs, refurbishments and services to the broader industrial end user markets","First lien senior secured loan ($54,767 par due 6/2018)",6.50% (Libor + 5.50%/M),6/5/2013,54767.0,54767
210,"ISS #2, LLC","Provider of repairs, refurbishments and services to the broader industrial end user markets","First lien senior secured loan ($4,900 par due 6/2018)",6.50% (Libor + 5.50%/M),6/5/2013,4900.0,4900
211,"ISS #2, LLC","Provider of repairs, refurbishments and services to the broader industrial end user markets","First lien senior secured loan ($44,325 par due 6/2018)",6.50% (Libor + 5.50%/Q),6/5/2013,44325.0,44325
212,"Itel Laboratories, Inc.",Data services provider for building materials to property insurance industry,"Preferred units (1,798,391 units)",0,6/29/2012,1000.0,1289
213,"Market Track Holdings, LLC",Business media consulting services company,"Preferred stock (1,500 shares)",0,12/13/2013,1982.0,1912
214,"Market Track Holdings, LLC",Business media consulting services company,"Common stock (15,000 shares)",0,12/13/2013,1982.0,1780
215,"Maximus Holdings, LLC",Provider of software simulation tools and related services,"Warrants to purchase up to 1,050,013 shares of common stock",0,12/13/2013,0.0,610
216,"Multi-Ad Services, Inc.(6)",Marketing services and software provider,"Preferred units (1,725,280 units)",0,4/1/2010,788.0,2118
217,"Multi-Ad Services, Inc.(6)",Marketing services and software provider,"Common units (1,725,280 units)",0,4/1/2010,0.0,0
218,"MVL Group, Inc.(7)",Marketing research provider,Senior subordinated loan ($430 par due 7/2012),0,4/1/2010,226.0,226
219,"MVL Group, Inc.(7)",Marketing research provider,"Common stock (560,716 shares)",0,4/1/2010,0.0,0
220,"NComputing, Inc.",Desktop virtualization hardware and software technology service provider,"Warrant to purchase up to 462,726 shares of Series C preferred stock",0,3/20/2013,0.0,12
221,"PeakColo Holdings, Inc. and Powered by Peak LLC",Wholesaler of cloud-based software applications and services,"First lien senior secured loan ($4,000 par due 11/2018)",9.75% (Libor + 8.75%/M),11/3/2014,3909.0,3920
222,"PeakColo Holdings, Inc. and Powered by Peak LLC",Wholesaler of cloud-based software applications and services,"Warrant to purchase up to 2,037 shares of Series A preferred stock",0,11/3/2014,93.0,93
223,"PHL Investors, Inc., and PHL Holding Co.(7)",Mortgage services,Class A common stock (576 shares),0,7/31/2012,3768.0,0
224,"Powersport Auctioneer Holdings, LLC",Powersport vehicle auction operator,"Common units (1,972 units)",0,3/2/2012,1000.0,963
225,R2 Acquisition Corp.,Marketing services,"Common stock (250,000 shares)",0,5/29/2007,250.0,181
226,Rocket Fuel Inc.,Provider of open and integrated software for digital marketing optimization,"Common stock (11,405 units)",0,9/9/2014,40.0,92
227,Ship Investor & Cy S.C.A.(8),Payment processing company,"Common stock (936,693 shares)",0,12/13/2013,1729.0,3135
228,"Tripwire, Inc.",IT security software provider,"First lien senior secured loan ($65,716 par due 5/2018)",7.00% (Libor + 5.75%/Q),5/23/2011,65716.0,66373
229,"Tripwire, Inc.",IT security software provider,"First lien senior secured loan ($38,582 par due 5/2018)",7.00% (Libor + 5.75%/Q),5/23/2011,38582.0,38968
230,"Tripwire, Inc.",IT security software provider,"First lien senior secured loan ($7,716 par due 5/2018)",7.00% (Libor + 5.75%/Q),5/23/2011,7716.0,7794
231,"Tripwire, Inc.",IT security software provider,"Class A common stock (2,970 shares)",0,5/23/2011,2970.0,4098
232,"Tripwire, Inc.",IT security software provider,"Class B common stock (2,655,638 shares)",0,5/23/2011,30.0,11602
233,Velocity Holdings Corp.,Hosted enterprise resource planning application management services provider,"Common units (1,713,546 units)",0,12/13/2013,4503.0,3270
234,"Venturehouse-Cibernet Investors, LLC",Financial settlement services for intercarrier wireless roaming,Equity interest,0,4/1/2010,0.0,0
235,Campus Management Corp. and Campus Management Acquisition Corp.(6),Education software developer,"Preferred stock (485,159 shares)",0,2/8/2008,10520.0,10161
236,"Infilaw Holding, LLC",Operator of for-profit law schools,First lien senior secured revolving loan,0,8/25/2011,0.0,0
237,"Infilaw Holding, LLC",Operator of for-profit law schools,First lien senior secured loan ($1 par due 8/2016),9.50% (Libor + 8.50%/Q),8/25/2011,1.0,1
238,"Infilaw Holding, LLC",Operator of for-profit law schools,"First lien senior secured loan ($9,411 par due 8/2016)",9.50% (Libor + 8.50%/Q),8/25/2011,9411.0,9411
239,"Infilaw Holding, LLC",Operator of for-profit law schools,"Series A preferred units (124,890 units)",9.50% (Libor + 8.50%/Q),8/25/2011,124890.0,124890
240,"Infilaw Holding, LLC",Operator of for-profit law schools,Series B preferred units (3.91 units),0,10/19/2012,9245.0,12840
241,"Instituto de Banca y Comercio, Inc. & Leeds IV Advisors, Inc.",Private school operator,"First lien senior secured loan ($58,798 par due 12/2016)",0,4/24/2013,52972.0,47039
242,"Instituto de Banca y Comercio, Inc. & Leeds IV Advisors, Inc.",Private school operator,"First lien senior secured loan ($1,996 par due 12/2016)",0,6/13/2014,1996.0,1597
243,"Instituto de Banca y Comercio, Inc. & Leeds IV Advisors, Inc.",Private school operator,"Series B preferred stock (1,750,000 shares)",0,8/5/2010,5000.0,0
244,"Instituto de Banca y Comercio, Inc. & Leeds IV Advisors, Inc.",Private school operator,"Series C preferred stock (2,512,586 shares)",0,6/7/2010,689.0,0
245,"Instituto de Banca y Comercio, Inc. & Leeds IV Advisors, Inc.",Private school operator,Common stock (20 shares),0,6/7/2010,0.0,0
246,"Lakeland Tours, LLC",Educational travel provider,First lien senior secured revolving loan,0,10/4/2011,0.0,0
247,"Lakeland Tours, LLC",Educational travel provider,"First lien senior secured loan ($4,181 par due 1/2017)",5.25% (Libor + 4.25%/Q),10/4/2011,4180.0,4181
248,"Lakeland Tours, LLC",Educational travel provider,"First lien senior secured loan ($85,688 par due 1/2017)",8.50% (Libor + 7.50%/Q),10/4/2011,85664.0,85688
249,"Lakeland Tours, LLC",Educational travel provider,"First lien senior secured loan ($40,362 par due 1/2017)",8.50% (Libor + 7.50%/Q),10/4/2011,40305.0,40362
250,"Lakeland Tours, LLC",Educational travel provider,"Common stock (5,000 shares)",0,10/4/2011,5000.0,5261
251,PIH Corporation,Franchisor of education-based early childhood centers,First lien senior secured revolving loan ($621 par due 6/2017),7.25% (Libor + 6.25%/M),12/13/2013,621.0,621
252,PIH Corporation,Franchisor of education-based early childhood centers,"First lien senior secured loan ($35,512 par due 6/2017)",7.25% (Libor + 6.25%/M),12/13/2013,36127.0,35512
253,"R3 Education, Inc. and EIC Acquisitions Corp.",Medical school operator,"Preferred stock (1,977 shares)",0,7/30/2008,494.0,494
254,"R3 Education, Inc. and EIC Acquisitions Corp.",Medical school operator,Common membership interest (15.76% interest),0,9/21/2007,15800.0,26199
255,"R3 Education, Inc. and EIC Acquisitions Corp.",Medical school operator,"Warrants to purchase up to 27,890 shares",0,12/8/2009,0.0,0
256,"Regent Education, Inc.",Provider of software solutions designed to optimize the financial aid and enrollment processes,"First lien senior secured loan ($3,000 par due 1/2018)",10.00%,7/1/2014,2934.0,2940
257,"Regent Education, Inc.",Provider of software solutions designed to optimize the financial aid and enrollment processes,"Warrant to purchase up to 987,771 shares of Series CC preferred stock",0,7/1/2014,0.0,76
258,"RuffaloCODY, LLC",Provider of student fundraising and enrollment management services,"First lien senior secured loan ($12,683 par due 5/2019)",5.57% (Libor + 4.32%/Q),5/29/2013,12683.0,12620
259,"RuffaloCODY, LLC",Provider of student fundraising and enrollment management services,"First lien senior secured loan ($18,860 par due 5/2019)",5.57% (Libor + 4.32%/Q),5/29/2013,18860.0,18765
260,"RuffaloCODY, LLC",Provider of student fundraising and enrollment management services,"First lien senior secured loan ($11,709 par due 5/2019)",5.57% (Libor + 4.32%/Q),5/29/2013,11709.0,11651
261,"WCI-Quantum Holdings, Inc.","Distributor of instructional products, services and resources","Series A preferred stock (1,272 shares)",0,10/24/2014,1000.0,1000
262,"AllBridge Financial, LLC(7)",Asset management services,Equity interests,0,4/1/2010,1140.0,5804
263,Callidus Capital Corporation(7),Asset management services,Common stock (100 shares),0,4/1/2010,3000.0,1702
264,Ciena Capital LLC(7),Real estate and small business loan servicer,"First lien senior secured revolving loan ($14,000 par due 12/2014)",6.00%,11/29/2010,14000.0,14000
265,Ciena Capital LLC(7),Real estate and small business loan servicer,"First lien senior secured loan ($1,000 par due 12/2016)",12.00%,11/29/2010,1000.0,1000
266,Ciena Capital LLC(7),Real estate and small business loan servicer,"First lien senior secured loan ($10,000 par due 12/2016)",12.00%,11/29/2010,10000.0,10000
267,Ciena Capital LLC(7),Real estate and small business loan servicer,"First lien senior secured loan ($5,000 par due 12/2016)",12.00%,11/29/2010,5000.0,5000
268,Ciena Capital LLC(7),Real estate and small business loan servicer,Equity interests,0,11/29/2010,49374.0,19907
269,"Commercial Credit Group, Inc.",Commercial equipment finance and leasing company,"Senior subordinated loan ($28,000 par due 5/2018)",12.75%,5/10/2012,28000.0,28000
270,"Cook Inlet Alternative Risk, LLC",Risk management services,Senior subordinated loan ($750 par due 9/2015),9.00%,9/30/2011,750.0,750
271,Gordian Acquisition Corp.,Financial services firm,Common stock (526 shares),0,11/30/2012,0.0,0
272,Imperial Capital Group LLC,Investment services,"Class A common units (23,130 units)",0,5/10/2007,11248.0,15633
273,Imperial Capital Group LLC,Investment services,"2006 Class B common units (7,578 units)",0,5/10/2007,2.0,4
274,Imperial Capital Group LLC,Investment services,2007 Class B common units (945 units),0,5/10/2007,0.0,0
275,"Ivy Hill Asset Management, L.P.(7)(9)",Asset management services,Member interest (100.00% interest),0,6/15/2009,170961.0,259325
276,"Javlin Three LLC, Javlin Four LLC, and Javlin Five LLC(9)",Asset-backed financial services company,"First lien senior secured revolving loan ($42,400 par due 6/2017)",8.41% (Libor + 8.25%/M),6/24/2014,42400.0,42400
277,"ADF Capital, Inc., ADF Restaurant Group, LLC, and ARG Restaurant Holdings, Inc.",Restaurant owner and operator,"First lien senior secured loan ($28,581 par due 12/2018)",9.25% (Libor + 8.25%/Q),11/27/2006,28581.0,27152
278,"ADF Capital, Inc., ADF Restaurant Group, LLC, and ARG Restaurant Holdings, Inc.",Restaurant owner and operator,"First lien senior secured loan ($10,919 par due 12/2018)",9.25% (Libor + 8.25%/Q),11/27/2006,10922.0,10373
279,"ADF Capital, Inc., ADF Restaurant Group, LLC, and ARG Restaurant Holdings, Inc.",Restaurant owner and operator,"Promissory note ($18,817 par due 12/2023)",0,11/27/2006,13770.0,346
280,"ADF Capital, Inc., ADF Restaurant Group, LLC, and ARG Restaurant Holdings, Inc.",Restaurant owner and operator,"Warrants to purchase up to 23,750 units of Series D common stock",0,12/18/2013,24.0,0
281,"Benihana, Inc.",Restaurant owner and operator,"First lien senior secured loan ($4,888 par due 1/2019)",6.75% (Libor + 5.50%/Q),8/21/2012,4888.0,4790
282,"DineInFresh, Inc.",Meal-delivery provider,"First lien senior secured loan ($7,500 par due 7/2018)",9.75% (Libor + 8.75%/Q),12/19/2014,7425.0,7500
283,"DineInFresh, Inc.",Meal-delivery provider,"Warrant to purchase up to 143,079 shares of Series A preferred stock",0,12/19/2014,0.0,3
284,Garden Fresh Restaurant Corp.,Restaurant owner and operator,"First lien senior secured revolving loan ($1,100 par due 7/2018)",10.00% (Libor + 8.50%/M),10/3/2013,1100.0,1100
285,Garden Fresh Restaurant Corp.,Restaurant owner and operator,"First lien senior secured loan ($42,219 par due 7/2018)",10.00% (Libor + 8.50%/M),10/3/2013,42219.0,42219
286,"Global Franchise Group, LLC and GFG Intermediate Holding, Inc.",Worldwide franchisor of quick service restaurants,"First lien senior secured loan ($62,500 par due 12/2019)",10.57% (Libor + 9.57%/Q),12/18/2014,62500.0,62500
287,"Hojeij Branded Foods, Inc.",Airport restaurant operator,"First lien senior secured revolving loan ($1,450 par due 2/2017)",9.00% (Libor + 8.00%/Q),2/15/2012,1450.0,1450
288,"Hojeij Branded Foods, Inc.",Airport restaurant operator,"First lien senior secured loan ($14,442 par due 2/2017)",9.00% (Libor + 8.00%/Q),2/15/2012,14442.0,14442
289,"Hojeij Branded Foods, Inc.",Airport restaurant operator,"First lien senior secured loan ($9,407 par due 2/2017)",9.00% (Libor + 8.00%/Q),7/15/2014,9407.0,9407
290,"Hojeij Branded Foods, Inc.",Airport restaurant operator,"First lien senior secured loan ($14,442 par due 2/2017)",9.00% (Libor + 8.00%/Q),2/15/2012,14136.0,14442
291,"Hojeij Branded Foods, Inc.",Airport restaurant operator,Warrants to purchase up to 7.5% of membership interest,0,2/15/2012,0.0,507
292,"Hojeij Branded Foods, Inc.",Airport restaurant operator,Warrants to purchase up to 324 shares of Class A common stock,0,2/15/2012,669.0,7313
293,"Orion Foods, LLC (fka Hot Stuff Foods, LLC)(7)",Convenience food service retailer,"First lien senior secured loan ($8,069 par due 9/2015)",0,4/1/2010,8069.0,3106
294,"Orion Foods, LLC (fka Hot Stuff Foods, LLC)(7)",Convenience food service retailer,"Second lien senior secured loan ($19,420 par due 9/2015)",0,4/1/2010,0.0,0
295,"Orion Foods, LLC (fka Hot Stuff Foods, LLC)(7)",Convenience food service retailer,"Preferred units (10,000 units)",0,10/28/2010,0.0,0
296,"Orion Foods, LLC (fka Hot Stuff Foods, LLC)(7)",Convenience food service retailer,"Class A common units (25,001 units)",0,4/1/2010,0.0,0
297,"Orion Foods, LLC (fka Hot Stuff Foods, LLC)(7)",Convenience food service retailer,"Class B common units (1,122,452 units)",0,4/1/2010,0.0,0
298,"OTG Management, LLC",Airport restaurant operator,"First lien senior secured revolving loan ($2,500 par due 12/2017)",8.75% (Libor + 7.25%/M),12/11/2012,2500.0,2500
299,"OTG Management, LLC",Airport restaurant operator,"First lien senior secured loan ($6,250 par due 12/2017)",8.75% (Libor + 7.25%/Q),12/11/2012,6250.0,6250
300,"OTG Management, LLC",Airport restaurant operator,"First lien senior secured loan ($15,700 par due 12/2017)",8.75% (Libor + 7.25%/Q),12/11/2012,15700.0,15700
301,"OTG Management, LLC",Airport restaurant operator,"First lien senior secured loan ($25,000 par due 12/2017)",8.75% (Libor + 7.25%/Q),12/11/2012,25000.0,25000
302,"OTG Management, LLC",Airport restaurant operator,"Common units (3,000,000 units)",0,1/5/2011,3000.0,2238
303,"OTG Management, LLC",Airport restaurant operator,Warrants to purchase up to 7.73% of common units,0,6/19/2008,100.0,4464
304,"Performance Food Group, Inc. and Wellspring Distribution Corp",Food service distributor,"Second lien senior secured loan ($24,328 par due 11/2019)",6.25% (Libor + 5.25%/M),5/14/2013,24234.0,24084
305,"Performance Food Group, Inc. and Wellspring Distribution Corp",Food service distributor,"Class A non-voting common stock (1,366,120 shares)",0,5/3/2008,6303.0,8507
306,"Restaurant Holding Company, LLC",Fast food restaurant operator,"First lien senior secured loan ($37,312 par due 2/2019)",8.75% (Libor + 7.75%/M),3/13/2014,36998.0,34327
307,S.B. Restaurant Company,Restaurant owner and operator,"Preferred stock (46,690 shares)",0,4/1/2010,0.0,0
308,S.B. Restaurant Company,Restaurant owner and operator,"Warrants to purchase up to 257,429 shares of common stock",0,4/1/2010,0.0,0
309,Cambrios Technologies Corporation,Nanotechnology-based solutions for electronic devices and computers,"First lien senior secured loan ($1,212 par due 8/2015)",12.00%,8/7/2012,1212.0,1212
310,Cambrios Technologies Corporation,Nanotechnology-based solutions for electronic devices and computers,"Warrants to purchase up to 400,000 shares of Series D-4 convertible preferred stock",0,8/7/2012,0.0,13
311,"Component Hardware Group, Inc.",Commercial equipment,"First lien senior secured revolving loan ($1,867 par due 7/2019)",5.50% (Libor + 4.50%/M),7/1/2013,1867.0,1867
312,"Component Hardware Group, Inc.",Commercial equipment,"First lien senior secured loan ($6,838 par due 7/2019)",5.50% (Libor + 4.25%/Q),7/1/2013,6838.0,6838
313,"Component Hardware Group, Inc.",Commercial equipment,"First lien senior secured loan ($1,306 par due 7/2019)",5.50% (Libor + 4.50%/M),7/1/2013,1306.0,1306
314,"Harvey Tool Company, LLC and Harvey Tool Holding, LLC",Cutting tool provider to the metalworking industry,"First lien senior secured loan ($4,863 par due 3/2020)",5.75% (Libor + 4.75%/Q),3/28/2014,4863.0,4863
315,"Harvey Tool Company, LLC and Harvey Tool Holding, LLC",Cutting tool provider to the metalworking industry,First lien senior secured loan ($12 par due 3/2020),7.00% (Base Rate + 3.75%/Q),3/28/2014,12.0,12
316,"Harvey Tool Company, LLC and Harvey Tool Holding, LLC",Cutting tool provider to the metalworking industry,Class A membership units (750 units),0,3/28/2014,750.0,958
317,"Ioxus, Inc.",Energy storage devices,"First lien senior secured loan ($10,000 par due 11/2017)",9.00%,4/29/2014,9674.0,9300
318,"Ioxus, Inc.",Energy storage devices,"Warrant to purchase up to 538,314 shares of Series C preferred stock",0,4/29/2014,0.0,0
319,Mac Lean-Fogg Company,Intelligent transportation systems products in the traffic and rail industries,"Senior subordinated loan ($101,763 par due 10/2023)","9.50% Cash, 1.50% PIK",10/31/2013,101763.0,101763
320,"MWI Holdings, Inc.","Engineered springs, fasteners, and other precision components","First lien senior secured loan ($28,274 par due 3/2019)",9.38% (Libor + 8.13%/Q),6/15/2011,28274.0,28274
321,"MWI Holdings, Inc.","Engineered springs, fasteners, and other precision components","First lien senior secured loan ($20,000 par due 3/2019)",9.38% (Libor + 8.13%/Q),6/15/2011,20000.0,20000
322,Niagara Fiber Intermediate Corp.,Insoluble fiber filler products,"First lien senior secured revolving loan ($1,881 par due 5/2018)",6.75% (Libor + 5.50%/M),5/8/2014,1865.0,1806
323,Niagara Fiber Intermediate Corp.,Insoluble fiber filler products,"First lien senior secured loan ($15,464 par due 5/2018)",6.75% (Libor + 5.50%/M),5/8/2014,15333.0,14845
324,"Pelican Products, Inc.",Flashlights,"Second lien senior secured loan ($40,000 par due 4/2021)",9.25% (Libor + 8.25%/Q),4/11/2014,39947.0,40000
325,"Protective Industries, Inc. dba Caplugs",Plastic protection products,First lien senior secured loan ($987 par due 10/2019),6.25% (Libor + 5.25%/M),11/30/2012,987.0,987
326,"Protective Industries, Inc. dba Caplugs",Plastic protection products,"Preferred stock (2,379,361 shares)",0,5/23/2011,1298.0,7468
327,Saw Mill PCG Partners LLC,Metal precision engineered components,"Common units (1,000 units)",0,1/30/2007,1000.0,0
328,"SI Holdings, Inc.","Elastomeric parts, mid-sized composite structures, and composite tooling","Common stock (1,500 shares)",0,5/30/2014,1500.0,1905
329,TPTM Merger Corp.,Time temperature indicator products,"First lien senior secured loan ($40,216 par due 9/2018)",9.42% (Libor + 8.42%/Q),9/12/2013,40216.0,40216
330,TPTM Merger Corp.,Time temperature indicator products,First lien senior secured loan ($409 par due 9/2018),4.75% (Libor + 3.75%/Q),9/12/2013,409.0,409
331,TPTM Merger Corp.,Time temperature indicator products,"First lien senior secured loan ($9,950 par due 9/2018)",4.75% (Libor + 3.75%/Q),9/12/2013,9950.0,9950
332,"GS Pretium Holdings, Inc.",Manufacturer and supplier of high performance plastic containers,"Common stock (500,000 shares)",0,6/2/2014,500.0,397
333,"ICSH, Inc.","Industrial container manufacturer, reconditioner and servicer",First lien senior secured revolving loan,0,8/31/2011,0.0,0
334,"ICSH, Inc.","Industrial container manufacturer, reconditioner and servicer","First lien senior secured loan ($25,669 par due 8/2016)",6.75% (Libor + 5.75%/Q),8/31/2011,25669.0,25669
335,"ICSH, Inc.","Industrial container manufacturer, reconditioner and servicer","First lien senior secured loan ($23,716 par due 8/2016)",6.75% (Libor + 5.75%/Q),8/31/2011,23724.0,23716
336,"ICSH, Inc.","Industrial container manufacturer, reconditioner and servicer","First lien senior secured loan ($53,515 par due 8/2016)",6.75% (Libor + 5.75%/Q),8/31/2011,53515.0,53515
337,"Microstar Logistics LLC, Microstar Global Asset Management LLC, and MStar Holding Corporation",Keg management solutions provider,"Second lien senior secured loan ($142,500 par due 12/2018)",8.50% (Libor + 7.50%/Q),12/14/2012,142500.0,142500
338,"Microstar Logistics LLC, Microstar Global Asset Management LLC, and MStar Holding Corporation",Keg management solutions provider,"Common stock (50,000 shares)",0,12/14/2012,3951.0,6595
339,"Lonestar Prospects, Ltd.",Sand proppant producer and distributor to the oil and natural gas industry,"First lien senior secured loan ($75,187 par due 9/2018)","8.50% (Libor + 6.50% Cash, 1.00% PIK/Q)",9/18/2014,75187.0,72180
340,Petroflow Energy Corporation,Oil and gas exploration and production company,"First lien senior secured loan ($51,147 par due 7/2017)","12.00% (Libor + 8.00% Cash, 3.00% PIK/Q)",7/31/2014,50165.0,47055
341,"UL Holding Co., LLC and Universal Lubricants, LLC(6)",Manufacturer and distributor of re-refined oil products,"Second lien senior secured loan ($11,136 par due 12/2016)",0,4/30/2012,8761.0,9187
342,"UL Holding Co., LLC and Universal Lubricants, LLC(6)",Manufacturer and distributor of re-refined oil products,"Second lien senior secured loan ($47,233 par due 12/2016)",0,4/30/2012,37229.0,38967
343,"UL Holding Co., LLC and Universal Lubricants, LLC(6)",Manufacturer and distributor of re-refined oil products,"Second lien senior secured loan ($5,496 par due 12/2016)",0,4/30/2012,4294.0,4534
344,"UL Holding Co., LLC and Universal Lubricants, LLC(6)",Manufacturer and distributor of re-refined oil products,"Class A common units (533,351 units)",0,6/17/2011,4993.0,0
345,"UL Holding Co., LLC and Universal Lubricants, LLC(6)",Manufacturer and distributor of re-refined oil products,"Class B-5 common units (272,834 units)",0,6/17/2011,2491.0,0
346,"UL Holding Co., LLC and Universal Lubricants, LLC(6)",Manufacturer and distributor of re-refined oil products,"Class C common units (758,546 units)",0,4/25/2008,0.0,0
347,"UL Holding Co., LLC and Universal Lubricants, LLC(6)",Manufacturer and distributor of re-refined oil products,"Warrant to purchase up to 467,575 shares of Class A units",0,5/2/2014,0.0,0
348,"UL Holding Co., LLC and Universal Lubricants, LLC(6)",Manufacturer and distributor of re-refined oil products,"Warrant to purchase up to 18,639 shares of Class B-1 units",0,5/2/2014,0.0,0
349,"UL Holding Co., LLC and Universal Lubricants, LLC(6)",Manufacturer and distributor of re-refined oil products,"Warrant to purchase up to 37,277 shares of Class B-2 units",0,5/2/2014,0.0,0
350,"UL Holding Co., LLC and Universal Lubricants, LLC(6)",Manufacturer and distributor of re-refined oil products,"Warrant to purchase up to 19,277 shares of Class B-3 units",0,5/2/2014,0.0,0
351,"UL Holding Co., LLC and Universal Lubricants, LLC(6)",Manufacturer and distributor of re-refined oil products,"Warrant to purchase up to 52,263 shares of Class B-5 units",0,5/2/2014,0.0,0
352,"UL Holding Co., LLC and Universal Lubricants, LLC(6)",Manufacturer and distributor of re-refined oil products,"Warrant to purchase up to 38,792 shares of Class B-6 units",0,5/2/2014,0.0,0
353,"UL Holding Co., LLC and Universal Lubricants, LLC(6)",Manufacturer and distributor of re-refined oil products,"Warrant to purchase up to 680,649 shares of Class C units",0,5/2/2014,0.0,0
354,Fulton Holdings Corp.,Airport restaurant operator,"First lien senior secured loan ($43,000 par due 5/2018)",8.50%,5/10/2013,43000.0,43000
355,Fulton Holdings Corp.,Airport restaurant operator,"First lien senior secured loan ($40,000 par due 5/2018)",8.50%,5/28/2010,40000.0,40000
356,Fulton Holdings Corp.,Airport restaurant operator,"Common stock (19,672 shares)",0,5/28/2010,1461.0,3142
357,"Paper Source, Inc. and Pine Holdings, Inc.",Retailer of fine and artisanal paper products,"First lien senior secured loan ($8,863 par due 9/2018)",7.25% (Libor + 6.25%/Q),9/23/2013,8863.0,8863
358,"Paper Source, Inc. and Pine Holdings, Inc.",Retailer of fine and artisanal paper products,"First lien senior secured loan ($9,900 par due 9/2018)",7.25% (Libor + 6.25%/Q),9/23/2013,9900.0,9900
359,"Paper Source, Inc. and Pine Holdings, Inc.",Retailer of fine and artisanal paper products,"Class A common stock (36,364 shares)",0,9/23/2013,6000.0,6871
360,"Things Remembered, Inc. and TRM Holdings Corporation",Personalized gifts retailer,"First lien senior secured loan ($14,443 par due 5/2018)",8.00% (Libor + 6.50%/Q),5/24/2012,14443.0,12999
361,"Cadence Aerospace, LLC (fka PRV Aerospace, LLC)",Aerospace precision components manufacturer,"First lien senior secured loan ($4,414 par due 5/2018)",6.50% (Libor + 5.25%/Q),5/15/2012,4387.0,4414
362,"Cadence Aerospace, LLC (fka PRV Aerospace, LLC)",Aerospace precision components manufacturer,"Second lien senior secured loan ($79,657 par due 5/2019)",10.50% (Libor + 9.25%/Q),5/10/2012,79657.0,76471
363,"ILC Industries, LLC",Designer and manufacturer of protective cases and technically advanced lighting systems,"Second lien senior secured loan ($40,000 par due 7/2021)",9.50% (Libor + 8.50%/Q),7/15/2014,40000.0,40000
364,"Wyle Laboratories, Inc. and Wyle Holdings, Inc.","Provider of specialized engineering, scientific and technical services",Senior preferred stock (775 shares),8.00% PIK,1/17/2008,121.0,121
365,"Wyle Laboratories, Inc. and Wyle Holdings, Inc.","Provider of specialized engineering, scientific and technical services","Common stock (1,885,195 shares)",0,1/17/2008,2291.0,2341
366,"10th Street, LLC and New 10th Street, LLC(7)",Real estate holding company,"First lien senior secured loan ($25,065 par due 11/2019)","7.00% Cash, 1.00% PIK",3/31/2014,25065.0,25065
367,"10th Street, LLC and New 10th Street, LLC(7)",Real estate holding company,"Senior subordinated loan ($26,964 par due 11/2019)","7.00% Cash, 1.00% PIK",4/1/2010,26964.0,26964
368,"10th Street, LLC and New 10th Street, LLC(7)",Real estate holding company,Member interest (10.00% interest),0,4/1/2010,594.0,50926
369,"10th Street, LLC and New 10th Street, LLC(7)",Real estate holding company,"Option (25,000 units)",0,4/1/2010,25.0,25
370,"Cleveland East Equity, LLC",Hotel operator,Real estate equity interests,0,4/1/2010,0.0,3544
371,"Commons R-3, LLC",Real estate developer,Real estate equity interests,0,4/1/2010,0.0,0
372,"Crescent Hotels & Resorts, LLC and affiliates(7)",Hotel operator,"Senior subordinated loan ($2,236 par due 9/2011)",15.00%,4/1/2010,0.0,0
373,"Crescent Hotels & Resorts, LLC and affiliates(7)",Hotel operator,Common equity interest,0,4/1/2010,0.0,0
374,"NPH, Inc.",Hotel property,Real estate equity interests,0,4/1/2010,2140.0,2450
375,CH Hold Corp.,Collision repair company,"First lien senior secured loan ($17,661 par due 11/2019)",5.50% (Libor + 4.75%/Q),7/25/2014,17661.0,17661
376,"ChargePoint, Inc.",Developer and operator of electric vehicle charging stations,"First lien senior secured loan ($10,000 par due 1/2019)",9.75% (Libor + 8.75%/M),12/24/2014,9473.0,9700
377,"ChargePoint, Inc.",Developer and operator of electric vehicle charging stations,"Warrant to purchase up to 404,563 shares of Series E preferred stock",0,12/24/2014,327.0,327
378,"Driven Brands, Inc. and Driven Holdings, LLC",Automotive aftermarket car care franchisor,First lien senior secured loan ($984 par due 3/2017),6.00% (Libor + 5.00%/Q),1/3/2014,984.0,984
379,"Driven Brands, Inc. and Driven Holdings, LLC",Automotive aftermarket car care franchisor,First lien senior secured loan ($8 par due 3/2017),7.25% (Base Rate + 4.00%/Q),1/3/2014,8.0,8
380,"Driven Brands, Inc. and Driven Holdings, LLC",Automotive aftermarket car care franchisor,"Preferred stock (247,500 units)",0,12/16/2011,2475.0,3088
381,"Driven Brands, Inc. and Driven Holdings, LLC",Automotive aftermarket car care franchisor,"Common stock (25,000 units)",0,12/16/2011,25.0,1492
382,"Eckler Industries, Inc.",Restoration parts and accessories provider for classic automobiles,"First lien senior secured revolving loan ($4,800 par due 7/2017)",8.25% (Base Rate + 5.00%/Q),7/12/2012,4800.0,4560
383,"Eckler Industries, Inc.",Restoration parts and accessories provider for classic automobiles,"First lien senior secured loan ($7,976 par due 7/2017)",7.25% (Libor + 6.00%/Q),7/12/2012,7976.0,7577
384,"Eckler Industries, Inc.",Restoration parts and accessories provider for classic automobiles,"First lien senior secured loan ($29,962 par due 7/2017)",7.25% (Libor + 6.00%/Q),7/12/2012,29962.0,28464
385,"Eckler Industries, Inc.",Restoration parts and accessories provider for classic automobiles,"Series A preferred stock (1,800 shares)",0,7/12/2012,1800.0,261
386,"Eckler Industries, Inc.",Restoration parts and accessories provider for classic automobiles,"Common stock (20,000 shares)",0,7/12/2012,200.0,0
387,"EcoMotors, Inc.",Engine developer,"First lien senior secured loan ($3,788 par due 10/2016)",10.83%,12/28/2012,3726.0,3788
388,"EcoMotors, Inc.",Engine developer,"First lien senior secured loan ($4,545 par due 6/2017)",10.83%,12/28/2012,4449.0,4545
389,"EcoMotors, Inc.",Engine developer,"First lien senior secured loan ($3,146 par due 7/2016)",10.13%,12/28/2012,3103.0,3146
390,"EcoMotors, Inc.",Engine developer,"Warrant to purchase up to 321,888 shares of Series C preferred stock",0,12/28/2012,0.0,43
391,"SK SPV IV, LLC",Collision repair site operators,"Series A common units (12,500 units)",0,8/18/2014,625.0,1987
392,"SK SPV IV, LLC",Collision repair site operators,"Series B common units (12,500 units)",0,8/18/2014,625.0,1987
393,"TA THI Buyer, Inc. and TA THI Parent, Inc.",Collision repair company,"Series A preferred stock (50,000 shares)",0,7/28/2014,5000.0,5607
394,"Genomatica, Inc.",Developer of a biotechnology platform for the production of chemical products,"Warrant to purchase 322,422 shares of Series D preferred stock",0,3/28/2013,0.0,6
395,"K2 Pure Solutions Nocal, L.P.",Chemical producer,"First lien senior secured revolving loan ($2,256 par due 8/2019)",8.13% (Libor + 7.13%/M),8/19/2013,2256.0,2233
396,"K2 Pure Solutions Nocal, L.P.",Chemical producer,"First lien senior secured loan ($21,231 par due 8/2019)",7.00% (Libor + 6.00%/M),8/19/2013,21231.0,21019
397,"K2 Pure Solutions Nocal, L.P.",Chemical producer,"First lien senior secured loan ($39,500 par due 8/2019)",7.00% (Libor + 6.00%/M),8/19/2013,39500.0,39105
398,"K2 Pure Solutions Nocal, L.P.",Chemical producer,"First lien senior secured loan ($19,750 par due 8/2019)",7.00% (Libor + 6.00%/M),8/19/2013,19750.0,19552
399,"Kinestral Technologies, Inc.","Designer of adaptive, dynamic glass for the commercial and residential markets","First lien senior secured loan ($6,500 par due 8/2017)",10.00%,4/22/2014,6390.0,6500
400,"Kinestral Technologies, Inc.","Designer of adaptive, dynamic glass for the commercial and residential markets","Warrant to purchase up to 325,000 shares of Series A preferred stock",0,4/22/2014,73.0,73
401,"Liquid Light, Inc.",Developer and licensor of process technology for the conversion of carbon dioxide into major chemicals,"First lien senior secured loan ($3,000 par due 11/2017)",10.00%,8/13/2014,2931.0,2970
402,"Liquid Light, Inc.",Developer and licensor of process technology for the conversion of carbon dioxide into major chemicals,"Warrant to purchase up to 86,009 shares of Series B preferred stock",0,8/13/2014,77.0,74
403,"RE Community Holdings II, Inc., Pegasus Community Energy, LLC., and MPH Energy Holdings, LP",Operator of municipal recycling facilities,"Preferred stock (1,000 shares)",0,3/1/2011,8839.0,0
404,"RE Community Holdings II, Inc., Pegasus Community Energy, LLC., and MPH Energy Holdings, LP",Operator of municipal recycling facilities,Limited partnership interest (3.13% interest),0,1/8/2014,0.0,0
405,"Waste Pro USA, Inc",Waste management services,"Second lien senior secured loan ($77,500 par due 10/2020)",8.50% (Libor + 7.50%/Q),10/15/2014,77500.0,77500
406,Castle Management Borrower LLC,Hotel operator,"Second lien senior secured loan ($55,000 par due 3/2021)",11.00% (Libor + 10.00%/Q),10/17/2014,55000.0,55000
407,"Athletic Club Holdings, Inc.",Premier health club operator,"First lien senior secured loan ($41,000 par due 10/2020)",9.50% (Libor + 8.50%/M),10/11/2007,41000.0,41000
408,"CFW Co-Invest, L.P., NCP Curves, L.P. and Curves International Holdings, Inc.",Health club franchisor,"Limited partnership interest (4,152,165 shares)",0,7/31/2012,4152.0,3418
409,"CFW Co-Invest, L.P., NCP Curves, L.P. and Curves International Holdings, Inc.",Health club franchisor,"Limited partnership interest (2,218,235 shares)",0,7/31/2012,2218.0,1826
410,"CFW Co-Invest, L.P., NCP Curves, L.P. and Curves International Holdings, Inc.",Health club franchisor,"Common stock (1,680 shares)",0,11/12/2014,0.0,0
411,"Batanga, Inc.",Independent digital media company,"First lien senior secured revolving loan ($4,000 par due 12/2015)",10.00%,10/31/2012,4000.0,4000
412,"Batanga, Inc.",Independent digital media company,"First lien senior secured loan ($6,590 par due 6/2017)",10.60%,10/31/2012,6590.0,6650
413,"Earthcolor Group, LLC",Printing management services,Limited liability company interests (9.30%),0,5/18/2012,0.0,0
414,Summit Business Media Parent Holding Company LLC,Business media consulting services,Limited liability company membership interest (22.99% interest),0,5/20/2011,0.0,705
415,"The Teaching Company, LLC and The Teaching Company Holdings, Inc.",Education publications provider,"First lien senior secured loan ($20,454 par due 3/2017)",9.00% (Libor + 7.50%/Q),3/6/2011,20454.0,20249
416,"The Teaching Company, LLC and The Teaching Company Holdings, Inc.",Education publications provider,"First lien senior secured loan ($9,500 par due 3/2017)",9.00% (Libor + 7.50%/Q),3/6/2011,9500.0,9405
417,"The Teaching Company, LLC and The Teaching Company Holdings, Inc.",Education publications provider,"Preferred stock (10,663 shares)",0,9/29/2006,1066.0,2827
418,"The Teaching Company, LLC and The Teaching Company Holdings, Inc.",Education publications provider,"Common stock (15,393 shares)",0,9/29/2006,3.0,7
419,"Flow Solutions Holdings, Inc.","Distributor of high value fluid handling, filtration and flow control products","Second lien senior secured loan ($29,500 par due 10/2018)",11.25% (Base Rate + 8.00%/Q),12/16/2014,29500.0,29500
420,"American Broadband Communications, LLC, American Broadband Holding Company, and Cameron Holdings of NC, Inc.",Broadband communication services,Warrants to purchase up to 208 shares,0,11/7/2007,0.0,8423
421,"American Broadband Communications, LLC, American Broadband Holding Company, and Cameron Holdings of NC, Inc.",Broadband communication services,Warrants to purchase up to 200 shares,0,9/1/2010,0.0,4457
422,"Quantance, Inc.",Designer of semiconductor products to the mobile wireless market,"First lien senior secured loan ($2,831 par due 9/2016)",10.25%,8/23/2013,2782.0,2831
423,"Quantance, Inc.",Designer of semiconductor products to the mobile wireless market,"Warrant to purchase up to 130,432 shares of Series D preferred stock",0,8/23/2013,74.0,102
424,"Startec Equity, LLC(7)",Communication services,Member interest,0,4/1/2010,0.0,0
425,Wilcon Holdings LLC,Communications infrastructure provider,"Class A common stock (2,000,000 shares)",0,12/13/2013,1829.0,2135
426,Powervation Inc. and Powervation Limited(8),Semiconductor company focused on power control and management,"First lien senior secured loan ($3,000 par due 11/2017)",9.04%,11/13/2014,2883.0,3000
427,Powervation Inc. and Powervation Limited(8),Semiconductor company focused on power control and management,"Warrant to purchase up to 11,531 shares of Series D preferred stock",0,11/13/2014,0.0,11
428,"Zemax, LLC",Provider of optical illumination design software to design engineers,"First lien senior secured loan ($2,992 par due 10/2019)",6.50% (Libor + 5.50%/Q),10/23/2014,2992.0,2992
429,Distant Lands Trading Co.,Coffee manufacturer,"Class A common stock (1,294 shares)",0,4/1/2010,980.0,706
430,Distant Lands Trading Co.,Coffee manufacturer,"Class A-1 common stock (2,157 shares)",0,4/1/2010,0.0,0
