,Company(1),Business Description,Investment,Interest(5)(11),Acquisition  Date,Amortized  Cost,Fair Value
0,"AGILE Fund I, LLC(9)",Investment partnership,Member interest (0.50% interest),0,4/1/2010,121.0,28
1,"CIC Flex, LP (9)",Investment partnership,Limited partnership units (0.94 unit),0,9/7/2007,1032.0,3014
2,"Covestia Capital Partners, LP (9)",Investment partnership,Limited partnership interest (47.00% interest),0,6/17/2008,826.0,936
3,"Dynamic India Fund IV, LLC (9)",Investment company,Member interest (5.44% interest),0,4/1/2010,4822.0,3166
4,"HCI Equity, LLC (7)(8)(9)",Investment company,Member interest (100.00% interest),0,4/1/2010,182.0,343
5,"Imperial Capital Private Opportunities, LP (9)",Investment partnership,Limited partnership interest (80.00% interest),0,5/10/2007,5971.0,12966
6,"Partnership Capital Growth Fund I, L.P. (9)",Investment partnership,Limited partnership interest (25.00% interest),0,6/16/2006,1507.0,3953
7,"Partnership Capital Growth Investors III, L.P. (9)",Investment partnership,Limited partnership interest (2.50% interest),0,10/5/2011,2320.0,2411
8,"Piper Jaffray Merchant Banking Fund I, L.P. (9)",Investment partnership,Limited partnership interest (2.00% interest),0,8/16/2012,586.0,538
9,Senior Secured Loan Fund LLC (7)(10),Co-investment vehicle,"Subordinated certificates ($1,414,988 par due 12/2022)",8.27% (Libor + 8.00%/Q)(22),10/30/2009,1411466.0,1436213
10,Senior Secured Loan Fund LLC (7)(10),Co-investment vehicle,Member interest (87.50% interest),0,10/30/2009,0.0,0
11,VSC Investors LLC (9),Investment company,Membership interest (1.95% interest),0,1/24/2008,604.0,1145
12,"AxelaCare Holdings, Inc. and AxelaCare Investment Holdings, L.P.",Provider of home infusion services,"Senior secured loan ($7,500 par due 4/2019)",5.75% (Libor + 4.50%/Q),4/12/2013,7500.0,7500
13,"AxelaCare Holdings, Inc. and AxelaCare Investment Holdings, L.P.",Provider of home infusion services,"Preferred units (7,425,000 units)",0,4/12/2013,743.0,743
14,"AxelaCare Holdings, Inc. and AxelaCare Investment Holdings, L.P.",Provider of home infusion services,"Common units (75,000 units)",0,4/12/2013,7.0,7
15,"California Forensic Medical Group, Incorporated",Correctional facility healthcare operator,Senior secured revolving loan,0,11/16/2012,0.0,0
16,"California Forensic Medical Group, Incorporated",Correctional facility healthcare operator,"Senior secured loan ($53,911 par due 11/2018)",9.25% (Libor + 8.00%/Q),11/16/2012,53911.0,53911
17,"CCS Group Holdings, LLC",Correctional facility healthcare operator,"Class A units (601,937 units)",0,8/19/2010,602.0,1410
18,"CT Technologies Intermediate Holdings, Inc. and CT Technologies Holdings LLC (6)",Healthcare analysis services provider,"Senior secured loan ($7,498 par due 3/2017)",7.75% (Libor + 6.50%/Q),3/15/2011,7498.0,7498
19,"CT Technologies Intermediate Holdings, Inc. and CT Technologies Holdings LLC (6)",Healthcare analysis services provider,"Senior secured loan ($7,108 par due 3/2017)",7.75% (Libor + 6.50%/Q),3/15/2011,7108.0,7108
20,"CT Technologies Intermediate Holdings, Inc. and CT Technologies Holdings LLC (6)",Healthcare analysis services provider,"Class A common stock (9,679 shares)",0,6/15/2007,4000.0,5723
21,"CT Technologies Intermediate Holdings, Inc. and CT Technologies Holdings LLC (6)",Healthcare analysis services provider,"Class C common stock (1,546 shares)",0,6/15/2007,0.0,1578
22,"INC Research, Inc.",Pharmaceutical and biotechnology consulting services,"Common stock (1,410,000 shares)",0,9/27/2010,1513.0,910
23,Intermedix Corporation,Revenue cycle management provider to the emergency healthcare industry,"Junior secured loan ($112,000 par due 6/2019)",10.25% (Libor + 9.00%/Q),12/27/2012,112000.0,112000
24,"JHP Group Holdings, Inc.",Marketer and manufacturer of branded and generic specialty pharmaceutical products,"Series A preferred stock (1,000,000 shares)",6.00% PIK,2/19/2013,1000.0,1455
25,"Magnacare Holdings, Inc., Magnacare Administrative Services, LLC, and Magnacare, LLC",Healthcare professional provider,"Senior secured loan ($137,104 par due 3/2018)",9.00% (Libor + 8.00%/Q),9/15/2010,137781.0,137104
26,"Magnacare Holdings, Inc., Magnacare Administrative Services, LLC, and Magnacare, LLC",Healthcare professional provider,"Senior secured loan ($57,900 par due 3/2018)",9.00% (Libor + 8.00%/Q),9/15/2010,57900.0,57900
27,"Magnacare Holdings, Inc., Magnacare Administrative Services, LLC, and Magnacare, LLC",Healthcare professional provider,"Senior secured loan ($4,825 par due 3/2018)",9.00% (Libor + 8.00%/Q),3/16/2012,4825.0,4825
28,MW Dental Holding Corp.,Dental services provider,"Senior secured revolving loan ($3,500 par due 4/2017)",8.50% (Libor + 7.00%/M),4/12/2011,3500.0,3500
29,MW Dental Holding Corp.,Dental services provider,"Senior secured loan ($55,746 par due 4/2017)",8.50% (Libor + 7.00%/M),4/12/2011,55746.0,55746
30,MW Dental Holding Corp.,Dental services provider,"Senior secured loan ($49,005 par due 4/2017)",8.50% (Libor + 7.00%/M),4/12/2011,49005.0,49005
31,MW Dental Holding Corp.,Dental services provider,"Senior secured loan ($9,850 par due 4/2017)",8.50% (Libor + 7.00%/M),4/12/2011,9850.0,9850
32,Napa Management Services Corporation,Anesthesia management services provider,"Senior secured revolving loan ($2,880 par due 4/2018)",6.50% (Libor + 5.25%/M),4/15/2011,2880.0,2880
33,Napa Management Services Corporation,Anesthesia management services provider,"Senior secured loan ($23,615 par due 4/2018)",6.50% (Libor + 5.25%/M),4/15/2011,23615.0,23615
34,Napa Management Services Corporation,Anesthesia management services provider,"Senior secured loan ($33,434 par due 4/2018)",6.50% (Libor + 5.25%/M),4/15/2011,33364.0,33434
35,Napa Management Services Corporation,Anesthesia management services provider,"Common units (5,000 units)",0,4/15/2011,5000.0,6486
36,"Netsmart Technologies, Inc. and NS Holdings, Inc.",Healthcare technology provider,Senior secured loan ($232 par due 12/2017),8.25% (Base Rate + 5.00%/Q),12/18/2012,232.0,232
37,"Netsmart Technologies, Inc. and NS Holdings, Inc.",Healthcare technology provider,Senior secured loan ($40 par due 12/2017),8.25% (Base Rate + 5.00%/Q),12/18/2012,40.0,40
38,"Netsmart Technologies, Inc. and NS Holdings, Inc.",Healthcare technology provider,"Senior secured loan ($36,725 par due 12/2017)",7.25% (Libor + 6.00%/Q),12/18/2012,36725.0,36725
39,"Netsmart Technologies, Inc. and NS Holdings, Inc.",Healthcare technology provider,"Senior secured loan ($2,847 par due 12/2017)",7.25% (Libor + 6.00%/Q),12/18/2012,2847.0,2847
40,"Netsmart Technologies, Inc. and NS Holdings, Inc.",Healthcare technology provider,"Common stock (2,500,000 shares)",0,6/21/2010,2500.0,2441
41,OnCURE Medical Corp.,Radiation oncology care provider,"Common stock (857,143 shares)",0,8/18/2006,3000.0,0
42,"Passport Health Communications, Inc., Passport Holding Corp. and Prism Holding Corp.",Healthcare technology provider,"Series A preferred stock (1,594,457 shares)",10.00% PIK,7/30/2008,5312.0,6417
43,"Passport Health Communications, Inc., Passport Holding Corp. and Prism Holding Corp.",Healthcare technology provider,"Common stock (16,106 shares)",0,7/30/2008,100.0,0
44,"PG Mergersub, Inc. and PGA Holdings, Inc.","Provider of patient surveys, management reports and national databases for the integrated healthcare delivery system","Junior secured loan ($21,316 par due 10/2018)",8.25% (Libor + 7.00%/Q),4/19/2012,21316.0,21316
45,"PG Mergersub, Inc. and PGA Holdings, Inc.","Provider of patient surveys, management reports and national databases for the integrated healthcare delivery system",Preferred stock (333 shares),0,3/12/2008,125.0,16
46,"PG Mergersub, Inc. and PGA Holdings, Inc.","Provider of patient surveys, management reports and national databases for the integrated healthcare delivery system","Common stock (16,667 shares)",0,3/12/2008,167.0,792
47,"POS I Corp. (fka Vantage Oncology, Inc.)",Radiation oncology care provider,"Common stock (62,157 shares)",0,2/3/2011,4670.0,2357
48,"RCHP, Inc.",Operator of general acute care hospitals,"Senior secured loan ($14,963 par due 11/2018)",7.00% (Libor + 5.75%/Q),11/4/2011,14963.0,14963
49,"RCHP, Inc.",Operator of general acute care hospitals,"Senior secured loan ($60,823 par due 11/2018)",7.00% (Libor + 5.75%/Q),11/4/2011,60799.0,60823
50,"RCHP, Inc.",Operator of general acute care hospitals,"Junior secured loan ($85,000 par due 5/2019)",11.50% (Libor + 10.00%/Q),11/4/2011,85000.0,85000
51,"Reed Group, Ltd.",Medical disability management services provider,Equity interests,0,4/1/2010,0.0,0
52,"Respicardia, Inc.",Developer of implantable therapies to improve cardiovascular health,"Senior secured loan ($5,000 par due 7/2015)",11.00%,6/28/2012,4978.0,5000
53,"Respicardia, Inc.",Developer of implantable therapies to improve cardiovascular health,"Warrants to purchase up to 99,094 shares of Series C preferred stock",0,6/26/2012,38.0,15
54,"Sage Products Holdings III, LLC",Patient infection control and preventive care solutions provider,"Junior secured loan ($75,000 par due 6/2020)",9.25% (Libor + 8.00%/Q),12/13/2012,75000.0,75000
55,"Sorbent Therapeutics, Inc.",Orally-administered drug developer,"Senior secured loan ($6,500 par due 9/2016)",10.25%,4/23/2013,6500.0,6435
56,"Sorbent Therapeutics, Inc.",Orally-administered drug developer,"Warrant to purchase up to 727,272 shares of Series C Preferred Stock",0,4/23/2013,0.0,5
57,"Soteria Imaging Services, LLC (6)",Outpatient medical,"Junior secured loan ($2,504",0,4/1/2010,2037.0,682
58,"Soteria Imaging Services, LLC (6)",imaging provider,"par due 11/2010) Preferred member units (1,823,179 units)",0,4/1/2010,0.0,0
59,"SurgiQuest, Inc.",Medical device company,"Senior secured loan ($7,000 par due 10/2016)",10.00%,9/28/2012,6823.0,7000
60,"SurgiQuest, Inc.",Medical device company,"Warrants to purchase up to 54,672 shares of Series D-4 convertible preferred stock",0,9/28/2012,0.0,0
61,"U.S. Anesthesia Partners, Inc.",Anesthesiology service provider,"Senior secured loan ($14,925 par due 12/2018)",6.50% (Libor + 5.50%/Q),12/27/2012,14925.0,14925
62,"Young Innovations, Inc.",Dental supplier and equipment manufacturer,Senior secured loan ($78 par due 1/2019),6.75% (Base Rate + 3.50%/Q),1/31/2013,78.0,78
63,"Young Innovations, Inc.",Dental supplier and equipment manufacturer,Senior secured loan ($115 par due 1/2019),6.75% (Base Rate + 3.50%/Q),1/31/2013,115.0,115
64,"Young Innovations, Inc.",Dental supplier and equipment manufacturer,"Senior secured loan ($14,423 par due 1/2019)",5.75% (Libor + 4.50%/Q),1/31/2013,14423.0,14423
65,"Young Innovations, Inc.",Dental supplier and equipment manufacturer,"Senior secured loan ($21,291 par due 1/2019)",5.75% (Libor + 4.50%/Q),1/31/2013,21291.0,21291
66,"American Academy Holdings, LLC","Provider of education, training, certification, networking, and consulting services to medical coders and other healthcare professionals","Senior secured revolving loan ($4,850 par due 3/2019)",6.00% (Libor + 5.00%/Q),3/18/2011,4850.0,4850
67,"American Academy Holdings, LLC","Provider of education, training, certification, networking, and consulting services to medical coders and other healthcare professionals","Senior secured loan ($7,781 par due 3/2019)",6.00% (Libor + 5.00%/Q),3/18/2011,7781.0,7781
68,"American Academy Holdings, LLC","Provider of education, training, certification, networking, and consulting services to medical coders and other healthcare professionals","Senior secured loan ($60,600 par due 3/2019)",6.00% (Libor + 5.00%/Q),3/18/2011,60600.0,60600
69,"American Academy Holdings, LLC","Provider of education, training, certification, networking, and consulting services to medical coders and other healthcare professionals","Senior secured loan ($4,759 par due 3/2019)",6.00% (Libor + 5.00%/Q),3/18/2011,4759.0,4759
70,"American Academy Holdings, LLC","Provider of education, training, certification, networking, and consulting services to medical coders and other healthcare professionals","Senior secured loan ($10,306 par due 3/2019)",6.00% (Libor + 5.00%/Q),3/18/2011,10306.0,10306
71,"American Academy Holdings, LLC","Provider of education, training, certification, networking, and consulting services to medical coders and other healthcare professionals","Senior secured loan ($5,970 par due 3/2019)",6.00% (Libor + 5.00%/Q),3/18/2011,5970.0,5970
72,Campus Management Corp. and Campus Management Acquisition Corp. (6),Education software developer,"Preferred stock (485,159 shares)",0,2/8/2008,10520.0,2044
73,"Community Education Centers, Inc.",Offender re-entry and in-prison treatment services provider,"Senior secured loan ($14,643 par due 12/2014)",6.25% (Libor + 5.25%/Q),12/10/2010,14643.0,14643
74,"Community Education Centers, Inc.",Offender re-entry and in-prison treatment services provider,Senior secured loan ($357 par due 12/2014),7.50% (Base Rate + 4.25%/Q),12/10/2010,357.0,357
75,"Community Education Centers, Inc.",Offender re-entry and in-prison treatment services provider,"Junior secured loan ($10,304 par due 12/2015)","15.27% (Libor + 8.50% Cash, 6.50% PIK/Q)",12/10/2010,10304.0,9480
76,"Community Education Centers, Inc.",Offender re-entry and in-prison treatment services provider,"Junior secured loan ($34,145 par due 12/2015)","15.28% (Libor + 8.50% Cash, 6.50% PIK/Q)",12/10/2010,34145.0,31414
77,"Community Education Centers, Inc.",Offender re-entry and in-prison treatment services provider,"Warrants to purchase up to 654,618 shares",0,12/10/2010,0.0,7
78,eInstruction Corporation,"Developer, manufacturer and retailer of educational products","Senior secured loan ($17,000 par due 7/2014)",0,4/1/2010,15257.0,0
79,eInstruction Corporation,"Developer, manufacturer and retailer of educational products","Senior subordinated loan ($34,637 par due 1/2015)",0,4/1/2010,24151.0,0
80,eInstruction Corporation,"Developer, manufacturer and retailer of educational products","Common stock (2,406 shares)",0,4/1/2010,926.0,0
81,"ELC Acquisition Corp., ELC Holdings Corporation, and Excelligence Learning Corporation (6)","Developer, manufacturer and retailer of educational products","Preferred stock (99,492 shares)",12.00% PIK,8/1/2011,11208.0,12482
82,"ELC Acquisition Corp., ELC Holdings Corporation, and Excelligence Learning Corporation (6)","Developer, manufacturer and retailer of educational products","Common stock (50,800 shares)",0,8/1/2011,51.0,4546
83,"Infilaw Holding, LLC",Operator of for-profit law schools,Senior secured revolving loan,0,8/25/2011,0.0,0
84,"Infilaw Holding, LLC",Operator of for-profit law schools,Senior secured loan ($1 par due 8/2016),9.50% (Libor + 8.50%/Q),8/25/2011,1.0,1
85,"Infilaw Holding, LLC",Operator of for-profit law schools,"Senior secured loan ($19,014 par due 8/2016)",9.50% (Libor + 8.50%/Q),8/25/2011,19014.0,19014
86,"Infilaw Holding, LLC",Operator of for-profit law schools,"Series A preferred units (124,890 units)",9.50% (Libor + 8.50%/Q),8/25/2011,124890.0,124890
87,"Infilaw Holding, LLC",Operator of for-profit law schools,Series B preferred stock (3.91 units),0,10/19/2012,9245.0,10258
88,"Instituto de Banca y Comercio, Inc.",Private school operator,"Senior secured loan ($15,000 par due 6/2015)",10.50% (Libor + 8.25%/Q),4/24/2013,14966.0,15000
89,"Instituto de Banca y Comercio, Inc.",Private school operator,"Senior secured loan ($40,062 par due 6/2015)",10.50% (Libor + 8.25%/Q),4/24/2013,39971.0,40062
90,"Instituto de Banca y Comercio, Inc.",Private school operator,"Series B preferred stock (1,750,000 shares)",0,8/5/2010,5000.0,7695
91,"Instituto de Banca y Comercio, Inc.",Private school operator,"Series C preferred stock (2,512,586 shares)",0,6/7/2010,689.0,0
92,"Instituto de Banca y Comercio, Inc.",Private school operator,Common stock (20 shares),0,6/7/2010,0.0,0
93,"Lakeland Tours, LLC",Educational travel provider,"Senior secured revolving loan ($9,844 par due 12/2016)",5.25% (Libor + 4.25%/Q),10/4/2011,9844.0,9844
94,"Lakeland Tours, LLC",Educational travel provider,"Senior secured loan ($58,826 par due 12/2016)",9.25% (Libor + 8.25%/Q),10/4/2011,58685.0,58826
95,"Lakeland Tours, LLC",Educational travel provider,"Senior secured loan ($1,726 par due 12/2016)",5.25% (Libor + 4.25%/Q),10/4/2011,1722.0,1727
96,"Lakeland Tours, LLC",Educational travel provider,"Senior secured loan ($40,362 par due 12/2016)",9.25% (Libor + 8.25%/Q),10/4/2011,40265.0,40362
97,"Lakeland Tours, LLC",Educational travel provider,"Senior secured loan ($8,632 par due 12/2016)",5.25% (Libor + 4.25%/Q),10/4/2011,8612.0,8632
98,"Lakeland Tours, LLC",Educational travel provider,"Common stock (5,000 shares)",0,10/4/2011,5000.0,5112
99,"R3 Education, Inc. and EIC Acquisitions Corp.",Medical school operator,"Preferred stock (8,800 shares)",0,7/30/2008,2200.0,1936
100,"R3 Education, Inc. and EIC Acquisitions Corp.",Medical school operator,Common membership interest (26.27% interest),0,9/21/2007,15800.0,29905
101,"R3 Education, Inc. and EIC Acquisitions Corp.",Medical school operator,"Warrants to purchase up to 27,890 shares",0,12/8/2009,0.0,0
102,"RuffaloCODY, LLC",Provider of student fundraising and enrollment management services,"Senior secured loan ($53,268 par due 5/2019)",5.50% (Libor + 4.25%/Q),5/29/2013,53268.0,53268
103,Capital Investments and Ventures Corp.,SCUBA diver training and certification provider,"Senior secured loan ($52,586 par due 8/2018)",8.50% (Libor + 7.25%/Q),8/9/2012,52586.0,52586
104,Capital Investments and Ventures Corp.,SCUBA diver training and certification provider,"Senior secured loan ($9,589 par due 8/2018)",8.50% (Libor + 7.25%/Q),8/9/2012,9589.0,9589
105,Capital Investments and Ventures Corp.,SCUBA diver training and certification provider,"Senior secured loan ($9,565 par due 8/2018)",8.50% (Libor + 7.25%/Q),8/9/2012,9565.0,9565
106,"Competitor Group, Inc. and Calera XVI, LLC",Endurance sports media and event operator,"Senior secured revolving loan ($2,850 par due 11/2018)",10.00% (Base Rate + 6.75%/Q),11/30/2012,2850.0,2707
107,"Competitor Group, Inc. and Calera XVI, LLC",Endurance sports media and event operator,Senior secured revolving loan ($900 par due 11/2018),9.00% (Libor + 7.75%/Q),11/30/2012,900.0,855
108,"Competitor Group, Inc. and Calera XVI, LLC",Endurance sports media and event operator,"Senior secured loan ($24,377 par due 11/2018)",9.00% (Libor + 7.75%/Q),11/30/2012,24377.0,23159
109,"Competitor Group, Inc. and Calera XVI, LLC",Endurance sports media and event operator,"Senior secured loan ($29,850 par due 11/2018)",9.00% (Libor + 7.75%/Q),11/30/2012,29850.0,28357
110,"Competitor Group, Inc. and Calera XVI, LLC",Endurance sports media and event operator,"Membership units (2,500,000 units)",0,11/30/2012,2510.0,1282
111,"ISS #2, LLC","Provider of repairs, refurbishments and services to the broader industrial end user markets","Senior secured loan ($60,000 par due 6/2018)",6.50% (Libor + 5.50%/Q),6/5/2013,60000.0,60000
112,"Massage Envy, LLC",Franchisor in the massage industry,"Senior secured loan ($29,554 par due 9/2018)",8.50% (Libor + 7.25%/A),9/27/2012,29554.0,29554
113,"Massage Envy, LLC",Franchisor in the massage industry,"Senior secured loan ($49,927 par due 9/2018)",8.50% (Libor + 7.25%/A),9/27/2012,49927.0,49927
114,"Massage Envy, LLC",Franchisor in the massage industry,"Common stock (3,000,000 shares)",0,9/27/2012,3000.0,3281
115,"McKenzie Sports Products, LLC","Designer, manufacturer and distributor of taxidermy forms and supplies",Senior secured loan ($35 par due 3/2017),7.00% (Base Rate + 3.75%/Q),3/30/2012,35.0,35
116,"McKenzie Sports Products, LLC","Designer, manufacturer and distributor of taxidermy forms and supplies","Senior secured loan ($1,782",6.00% (Libor + 4.75%/Q),3/30/2012,1782.0,1782
117,"McKenzie Sports Products, LLC","Designer, manufacturer and distributor of taxidermy forms and supplies",Senior secured loan ($59 par due 3/2017),7.00% (Base Rate + 3.75%/M),3/30/2012,59.0,59
118,"McKenzie Sports Products, LLC","Designer, manufacturer and distributor of taxidermy forms and supplies","Senior secured loan ($9,314 par due 3/2017)",6.00% (Libor + 4.75%/Q),3/30/2012,9314.0,9314
119,Spin Holdco Inc.,Laundry service and equipment provider,"Junior secured loan ($140,000 par due 5/2020)",9.00% (Libor + 7.75%/M),5/14/2013,140000.0,140000
120,The Dwyer Group (6),Operator of multiple franchise concepts primarily related to home maintenance or repairs,"Senior subordinated loan ($25,590 par due 6/2018)","12.00% Cash, 1.50% PIK",12/22/2010,25590.0,25590
121,The Dwyer Group (6),Operator of multiple franchise concepts primarily related to home maintenance or repairs,"Series A preferred units (13,292,377 units)",8.00% PIK,12/22/2010,6591.0,15967
122,"Wash Multifamily Laundry Systems, LLC",Laundry service and equipment provider,"Junior secured loan ($78,000 par due 2/2020)",9.75% (Libor + 8.50%/Q),2/21/2013,78000.0,78000
123,"Access CIG, LLC",Records and information management services provider,Senior secured loan ($995 par due 10/2017),7.00% (Libor + 5.75%/Q),10/5/2012,995.0,995
124,"Access CIG, LLC",Records and information management services provider,Senior secured loan ($3 par due 10/2017),8.00% (Base Rate + 4.75%/Q),10/5/2012,3.0,3
125,"Cast & Crew Payroll, LLC and Centerstage Co-Investors, L.L.C. (6)",Payroll and accounting services provider to the entertainment industry,"Senior secured loan ($19,500 par due 12/2017)",7.50% (Libor + 6.50%/Q),12/24/2012,19500.0,19500
126,"Cast & Crew Payroll, LLC and Centerstage Co-Investors, L.L.C. (6)",Payroll and accounting services provider to the entertainment industry,"Senior secured loan ($48,750 par due 12/2017)",7.50% (Libor + 6.50%/Q),12/24/2012,48750.0,48750
127,"Cast & Crew Payroll, LLC and Centerstage Co-Investors, L.L.C. (6)",Payroll and accounting services provider to the entertainment industry,"Class A membership units (2,500,000 units)",0,12/24/2012,2500.0,2521
128,"Cast & Crew Payroll, LLC and Centerstage Co-Investors, L.L.C. (6)",Payroll and accounting services provider to the entertainment industry,"Class B membership units (2,500,000 units)",0,12/24/2012,2500.0,2521
129,"CIBT Investment Holdings, LLC",Expedited travel document processing services,"Class A shares (2,500 shares)",0,12/15/2011,2500.0,3615
130,CitiPostal Inc. (7),Document storage and management services,Senior secured loan ($528 par due 12/2013),"8.50% Cash, 5.50% PIK",4/1/2010,528.0,504
131,CitiPostal Inc. (7),Document storage and management services,"Senior secured loan ($54,044 par due 12/2013)","8.50% Cash, 5.50% PIK",4/1/2010,54044.0,51672
132,CitiPostal Inc. (7),Document storage and management services,"Senior subordinated loan ($18,645 par due 12/2015)",0,4/1/2010,13038.0,0
133,CitiPostal Inc. (7),Document storage and management services,"Common stock (37,024 shares)",0,4/1/2010,0.0,0
134,"Command Alkon, Inc.",Software solutions provider to the ready-mix concrete industry,"Junior secured loan ($39,130 par due 3/2018)",9.75% (Libor + 8.50%/Q),9/28/2012,39130.0,39130
135,"Cornerstone Records Management, LLC",Physical records storage and management service provider,"Senior secured loan ($16,737 par due 12/2015)",9.50% (Libor + 8.00%/Q),8/12/2011,16737.0,16402
136,"Coverall North America, Inc.",Commercial janitorial services provider,Letter of credit facility,0,1/17/2013,0.0,0
137,"HCPro, Inc. and HCP Acquisition Holdings, LLC (7)",Healthcare compliance advisory services,"Senior subordinated loan ($17,470 par due 8/2014)",0,3/5/2013,5500.0,5500
138,"HCPro, Inc. and HCP Acquisition Holdings, LLC (7)",Healthcare compliance advisory services,"Class A units (15,043,110 units)",0,6/26/2008,13543.0,0
139,IfByPhone Inc.,Voice-based marketing automation software provider,"Senior secured loan ($1,933 par due 11/2015)",11.00%,10/15/2012,1866.0,1933
140,IfByPhone Inc.,Voice-based marketing automation software provider,"Senior secured loan ($1,000 par due 1/2016)",11.00%,10/15/2012,1000.0,1000
141,IfByPhone Inc.,Voice-based marketing automation software provider,"Warrant to purchase up to 124,300 shares of Series C preferred stock",0,10/15/2012,88.0,88
142,"Impact Innovations Group, LLC",IT consulting and outsourcing services,Member interest (50.00% interest),0,4/1/2010,0.0,200
143,"Investor Group Services, LLC (6)",Business consulting for private equity and corporate clients,Limited liability company membership interest (8.5% interest),0,6/22/2006,0.0,632
144,"Itel Laboratories, Inc.",Data services provider for building materials to property insurance industry,"Senior secured loan ($21,550 par due 6/2018)",6.00% (Libor + 4.75%/Q),6/29/2012,21550.0,21550
145,"Itel Laboratories, Inc.",Data services provider for building materials to property insurance industry,"Preferred units (1,798,391 units)",0,6/29/2012,1000.0,998
146,"Multi-Ad Services, Inc. (6)",Marketing services and software provider,"Preferred units (1,725,280 units)",0,4/1/2010,788.0,2071
147,"Multi-Ad Services, Inc. (6)",Marketing services and software provider,"Common units (1,725,280 units)",0,4/1/2010,0.0,0
148,"MVL Group, Inc. (7)",Marketing research provider,"Senior subordinated loan ($37,232 par due 7/2012)",0,4/1/2010,34636.0,5683
149,"MVL Group, Inc. (7)",Marketing research provider,Junior subordinated loan ($185 par due 7/2012),0,4/1/2010,0.0,0
150,"MVL Group, Inc. (7)",Marketing research provider,"Common stock (560,716 shares)",0,4/1/2010,0.0,0
151,"NComputing, Inc.",Desktop virtualization hardware and software technology service provider,"Senior secured loan ($6,500 par due 7/2016)",10.50%,3/20/2013,6500.0,6500
152,"NComputing, Inc.",Desktop virtualization hardware and software technology service provider,"Warrant to purchase up to 462,726 shares of Series C preferred stock",0,3/20/2013,0.0,39
153,"Pillar Processing LLC and PHL Investors, Inc. (6)",Mortgage services,"Senior secured loan ($6,375 par due 11/2018)",0,7/31/2008,5887.0,6375
154,"Pillar Processing LLC and PHL Investors, Inc. (6)",Mortgage services,"Senior secured loan ($7,375 par due 5/2019)",0,11/20/2007,6137.0,487
155,"Pillar Processing LLC and PHL Investors, Inc. (6)",Mortgage services,Class A common stock (576 shares),0,7/31/2012,3768.0,0
156,"Powersport Auctioneer Holdings, LLC",Powersport vehicle auction operator,"Common units (1,972 units)",0,3/2/2012,1000.0,749
157,"Prommis Holdings, LLC",Bankruptcy and foreclosure processing services,"Class B common units (1,727 units)",0,6/12/2012,0.0,0
158,R2 Acquisition Corp.,Marketing services,"Common stock (250,000 shares)",0,5/29/2007,250.0,169
159,"Rainstor, Inc.",Database solution provider designed to manage Big Data for large enterprises at the lowest total cost,"Senior secured loan ($3,000 par due 4/2016)",11.25%,3/28/2013,2919.0,3000
160,"Rainstor, Inc.",Database solution provider designed to manage Big Data for large enterprises at the lowest total cost,"Warrant to purchase up to 142,210 shares of Series C preferred stock",0,3/28/2013,88.0,91
161,"Strident Holding, Inc.",Recovery audit services provider to commercial and governmental healthcare payors,"Senior secured loan ($7,639 par due 7/2018)",6.50% (Libor + 5.25%/Q),7/26/2012,7639.0,7639
162,"Strident Holding, Inc.",Recovery audit services provider to commercial and governmental healthcare payors,"Senior secured loan ($9,603 par due 7/2018)",6.50% (Libor + 5.25%/Q),7/26/2012,9603.0,9603
163,Summit Business Media Parent Holding Company LLC,Business media consulting services,Limited liability company membership interest (45.98% interest),0,5/20/2011,0.0,1479
164,"TOA Technologies, Inc.","Cloud based, mobile workforce management applications provider","Senior secured loan ($13,000 par due 11/2016)",10.25%,10/31/2012,12477.0,13000
165,"TOA Technologies, Inc.","Cloud based, mobile workforce management applications provider","Warrant to purchase up to 2,509,770 shares of Series D preferred stock",0,10/31/2012,605.0,677
166,"Tradesmen International, Inc.",Construction labor support,"Warrants to purchase up to 771,036 shares",0,4/1/2010,0.0,11028
167,"Tripwire, Inc.",IT security software provider,"Senior secured loan ($104,950 par due 5/2018)",8.00% (Libor + 6.75%/Q),5/23/2011,104950.0,104950
168,"Tripwire, Inc.",IT security software provider,"Senior secured loan ($49,875 par due 5/2018)",8.00% (Libor + 6.75%/Q),5/23/2011,49875.0,49875
169,"Tripwire, Inc.",IT security software provider,"Senior secured loan ($9,975 par due 5/2018)",8.00% (Libor + 6.75%/Q),5/23/2011,9975.0,9975
170,"Tripwire, Inc.",IT security software provider,"Class B common stock (2,655,638 shares)",0,5/23/2011,30.0,81
171,"Tripwire, Inc.",IT security software provider,"Class A common stock (2,970 shares)",0,5/23/2011,2970.0,8060
172,"Venturehouse-Cibernet Investors, LLC",Financial settlement services for intercarrier wireless roaming,Equity interest,0,4/1/2010,0.0,0
173,"VSS-Tranzact Holdings, LLC (6)",Management consulting services,Common membership interest (5.98% interest),0,10/26/2007,10204.0,2785
174,"X Plus Two Solutions, Inc. and X Plus One Solutions, Inc.",Provider of open and integrated software for digital marketing optimization,"Senior secured revolving loan ($5,640 par due 9/2014)",8.50%,4/1/2013,5640.0,5640
175,"X Plus Two Solutions, Inc. and X Plus One Solutions, Inc.",Provider of open and integrated software for digital marketing optimization,"Senior secured loan ($3,500 par due 10/2016)",10.00%,4/1/2013,3166.0,3220
176,"X Plus Two Solutions, Inc. and X Plus One Solutions, Inc.",Provider of open and integrated software for digital marketing optimization,"Warrant to purchase up to 999,167 shares of Series C preferred stock",0,4/1/2013,284.0,284
177,"AllBridge Financial, LLC (7)",Asset management services,Equity interests,0,4/1/2010,5077.0,7365
178,Callidus Capital Corporation (7),Asset management services,Common stock (100 shares),0,4/1/2010,3000.0,1730
179,Ciena Capital LLC (7),Real estate and small business loan servicer,"Senior secured revolving loan ($14,000 par due 12/2014)",6.00%,11/29/2010,14000.0,14000
180,Ciena Capital LLC (7),Real estate and small business loan servicer,"Senior secured loan ($28,000 par due 12/2016)",12.00%,11/29/2010,28000.0,28000
181,Ciena Capital LLC (7),Real estate and small business loan servicer,Equity interests,0,11/29/2010,53374.0,12708
182,"Commercial Credit Group, Inc.",Commercial equipment finance and leasing company,"Senior subordinated loan ($28,000 par due 5/2018)",12.75%,5/10/2012,28000.0,28000
183,"Cook Inlet Alternative Risk, LLC",Risk management services,"Senior subordinated loan ($2,250 par due 9/2015)",9.00%,9/30/2011,2250.0,2250
184,Financial Pacific Company,Commercial finance leasing,"Preferred stock (6,500 shares)",8.00% PIK,10/13/2010,3883.0,20940
185,Financial Pacific Company,Commercial finance leasing,"Common stock (650,000 shares)",0,10/13/2010,0.0,0
186,Gordian Acquisition Corp.,Financial services firm,Common stock (526 shares),0,11/30/2012,0.0,0
187,Imperial Capital Group LLC,Investment services,"Class A common units (7,710 units)",0,5/10/2007,14997.0,18919
188,Imperial Capital Group LLC,Investment services,"2006 Class B common units (2,526 units)",0,5/10/2007,3.0,4
189,Imperial Capital Group LLC,Investment services,2007 Class B common units (315 units),0,5/10/2007,0.0,1
190,"Ivy Hill Asset Management, L.P. (7)(9)",Asset management services,Member interest (100.00% interest),0,6/15/2009,170961.0,274886
191,"ADF Capital, Inc. & ADF Restaurant Group, LLC",Restaurant owner and operator,"Senior secured revolving loan ($1,118 par due 11/2014)",6.50% (Libor + 3.50%/Q),11/27/2006,1118.0,1118
192,"ADF Capital, Inc. & ADF Restaurant Group, LLC",Restaurant owner and operator,"Senior secured loan ($9,136 par due 11/2015)",12.50% (Libor + 9.50%/Q),11/27/2006,9136.0,9136
193,"ADF Capital, Inc. & ADF Restaurant Group, LLC",Restaurant owner and operator,"Senior secured loan ($10,957 par due 11/2015)",12.50% (Libor + 9.50%/Q),11/27/2006,10960.0,10957
194,"ADF Capital, Inc. & ADF Restaurant Group, LLC",Restaurant owner and operator,"Promissory note ($20,621 par due 11/2016)",12.00% PIK,11/27/2006,17185.0,20577
195,"ADF Capital, Inc. & ADF Restaurant Group, LLC",Restaurant owner and operator,Warrants to purchase up to 0.61 shares,0,6/1/2006,0.0,1426
196,"Benihana, Inc.",Restaurant owner and operator,"Senior secured loan ($11,685 par due 2/2018)",9.25% (Libor + 8.00%/Q),8/21/2012,11685.0,11685
197,"Benihana, Inc.",Restaurant owner and operator,"Senior secured loan ($9,975 par due 2/2018)",9.25% (Libor + 8.00%/Q),8/21/2012,9975.0,9975
198,"Benihana, Inc.",Restaurant owner and operator,"Senior secured loan ($9,950 par due 2/2018)",9.25% (Libor + 8.00%/Q),8/21/2012,9950.0,9950
199,"Hojeij Branded Foods, Inc.",Airport restaurant operator,"Senior secured revolving loan ($1,900 par due 2/2017)",9.00% (Libor + 8.00%/Q),2/15/2012,1900.0,1900
200,"Hojeij Branded Foods, Inc.",Airport restaurant operator,"Senior secured loan ($25,600 par due 2/2017)",9.00% (Libor + 8.00%/Q),2/15/2012,25082.0,25600
201,"Hojeij Branded Foods, Inc.",Airport restaurant operator,Warrants to purchase up to 7.5% of membership interest,0,2/15/2012,0.0,257
202,"Hojeij Branded Foods, Inc.",Airport restaurant operator,Warrants to purchase up to 324 shares of Class A common stock,0,2/15/2012,669.0,3710
203,"Orion Foods, LLC (fka Hot Stuff Foods, LLC) (7)",Convenience food service retailer,"Senior secured revolving loan ($9,000 par due",10.75% (Base Rate + 7.50%/Q),4/1/2010,9000.0,9000
204,"Orion Foods, LLC (fka Hot Stuff Foods, LLC) (7)",Convenience food service retailer,"9/2014) Senior secured loan ($33,257 par due 9/2014)",10.00% (Libor + 8.50%/Q),4/1/2010,33257.0,33257
205,"Orion Foods, LLC (fka Hot Stuff Foods, LLC) (7)",Convenience food service retailer,"Junior secured loan ($37,552 par due 9/2014)",0,4/1/2010,21081.0,19622
206,"Orion Foods, LLC (fka Hot Stuff Foods, LLC) (7)",Convenience food service retailer,"Preferred units (10,000 units)",0,10/28/2010,0.0,0
207,"Orion Foods, LLC (fka Hot Stuff Foods, LLC) (7)",Convenience food service retailer,"Class A common units (25,001 units)",0,4/1/2010,0.0,0
208,"Orion Foods, LLC (fka Hot Stuff Foods, LLC) (7)",Convenience food service retailer,"Class B common units (1,122,452 units)",0,4/1/2010,0.0,0
209,"OTG Management, LLC",Airport restaurant operator,"Senior secured loan ($29,250 par due 12/2017)",8.75% (Libor + 7.25%/Q),12/11/2012,29250.0,29250
210,"OTG Management, LLC",Airport restaurant operator,"Common units (3,000,000 units)",0,1/5/2011,3000.0,1497
211,"OTG Management, LLC",Airport restaurant operator,Warrants to purchase up to 7.73% of common units,0,6/19/2008,100.0,3178
212,"Performance Food Group, Inc. and Wellspring Distribution Corp",Food service distributor,"Junior secured loan ($75,000 par due 11/2019)",6.25% (Libor + 5.25%/Q),5/14/2013,74631.0,75000
213,"Performance Food Group, Inc. and Wellspring Distribution Corp",Food service distributor,"Class A non-voting common stock (1,366,120 shares)",0,5/3/2008,6303.0,5960
214,"Restaurant Holding Company, LLC",Fast food restaurant operator,"Senior secured loan ($60,667 par due 2/2017)",9.00% (Libor + 7.50%/M),2/17/2012,59727.0,60667
215,"Restaurant Holding Company, LLC",Fast food restaurant operator,"Senior secured loan ($9,333 par due 2/2017)",9.00% (Libor + 7.50%/M),2/17/2012,9187.0,9333
216,S.B. Restaurant Company,Restaurant owner and operator,"Preferred stock (46,690 shares)",0,4/1/2010,0.0,0
217,S.B. Restaurant Company,Restaurant owner and operator,"Warrants to purchase up to 257,429 shares of common stock",0,4/1/2010,0.0,0
218,"Gilchrist & Soames, Inc.",Personal care manufacturer,"Senior secured revolving loan ($9,200 par due 10/2013)",6.25% (Libor + 5.00%/M),4/1/2010,9200.0,9200
219,"Gilchrist & Soames, Inc.",Personal care manufacturer,"Senior secured loan ($22,281 par due 10/2013)","13.44% Cash, 2.00% PIK",4/1/2010,22195.0,21167
220,"Implus Footcare, LLC",Provider of footwear and other accessories,Preferred stock (455 shares),6.00% PIK,10/31/2011,5019.0,5019
221,"Implus Footcare, LLC",Provider of footwear and other accessories,Common stock (455 shares),0,10/31/2011,455.0,867
222,Insight Pharmaceuticals Corporation (6),OTC drug products manufactuer,"Junior secured loan ($19,310 par due 8/2017)",13.25% (Libor + 11.75%/Q),8/26/2011,19150.0,19310
223,Insight Pharmaceuticals Corporation (6),OTC drug products manufactuer,"Class A common stock (155,000 shares)",0,8/26/2011,6035.0,8669
224,Insight Pharmaceuticals Corporation (6),OTC drug products manufactuer,"Class B common stock (155,000 shares)",0,8/26/2011,6035.0,8669
225,"Matrixx Initiatives, Inc. and Wonder Holdings Acquisition Corp.",Developer and marketer of over-the-counter healthcare products,"Senior secured revolving loan ($5,200 par due 6/2016)",13.00% (Libor + 12.00%/Q),6/30/2011,5200.0,5200
226,"Matrixx Initiatives, Inc. and Wonder Holdings Acquisition Corp.",Developer and marketer of over-the-counter healthcare products,"Senior secured loan ($37,187 par due 6/2016)",13.00% (Libor + 12.00%/Q),6/30/2011,37018.0,37188
227,"Matrixx Initiatives, Inc. and Wonder Holdings Acquisition Corp.",Developer and marketer of over-the-counter healthcare products,"Warrants to purchase up to 1,654,678 shares of common stock",0,7/27/2011,0.0,0
228,"Matrixx Initiatives, Inc. and Wonder Holdings Acquisition Corp.",Developer and marketer of over-the-counter healthcare products,"Warrants to purchase up to 1,489 shares of preferred stock",0,7/27/2011,0.0,552
229,"Oak Parent, Inc.",Manufacturer of athletic apparel,Senior secured loan ($5 par due 4/2018),9.25% (Base Rate + 6.00%/Q),4/2/2012,5.0,5
230,"Oak Parent, Inc.",Manufacturer of athletic apparel,"Senior secured loan ($5,679 par due 4/2018)",7.50% (Libor + 7.00%/Q),4/2/2012,5657.0,5679
231,"Oak Parent, Inc.",Manufacturer of athletic apparel,Senior secured loan ($27 par due 4/2018),9.25% (Base Rate + 6.00%/Q),4/2/2012,27.0,27
232,"Oak Parent, Inc.",Manufacturer of athletic apparel,"Senior secured loan ($33,710 par due 4/2018)",7.50% (Libor + 7.00%/Q),4/2/2012,33579.0,33710
233,"Oak Parent, Inc.",Manufacturer of athletic apparel,Senior secured loan ($7 par due 4/2018),9.25% (Base Rate + 6.00%/Q),4/2/2012,7.0,7
234,"Oak Parent, Inc.",Manufacturer of athletic apparel,"Senior secured loan ($8,992 par due 4/2018)",7.50% (Libor + 7.00%/Q),4/2/2012,8957.0,8992
235,"PG-ACP Co-Invest, LLC","Supplier of medical uniforms, specialized medical footwear and accessories","Class A membership units (1,000,0000 units)",0,8/29/2012,1000.0,1645
236,"The Step2 Company, LLC",Toy manufacturer,"Junior secured loan ($25,600 par due 4/2015)",10.00%,4/1/2010,24908.0,25600
237,"The Step2 Company, LLC",Toy manufacturer,"Junior secured loan ($32,045 par due 4/2015)",10.00%,4/1/2010,30889.0,25657
238,"The Step2 Company, LLC",Toy manufacturer,"Common units (1,116,879 units)",0,4/1/2010,24.0,0
239,"The Step2 Company, LLC",Toy manufacturer,"Warrants to purchase up to 3,157,895 units",0,4/1/2010,0.0,0
240,"The Thymes, LLC (7)",Cosmetic products manufacturer,"Preferred units (6,283 units)",8.00% PIK,6/21/2007,5102.0,4789
241,"The Thymes, LLC (7)",Cosmetic products manufacturer,"Common units (5,400 units)",0,6/21/2007,0.0,4635
242,Woodstream Corporation,Pet products manufacturer,"Senior secured loan ($2,992 par due 8/2016)",6.00% (Libor + 5.00%/Q),4/18/2012,2993.0,2993
243,Woodstream Corporation,Pet products manufacturer,"Senior secured loan ($14,962 par due 8/2016)",6.00% (Libor + 5.00%/Q),4/18/2012,14963.0,14963
244,Woodstream Corporation,Pet products manufacturer,"Senior subordinated loan ($80,000 par due 2/2017)",11.00%,1/22/2010,77092.0,80000
245,Woodstream Corporation,Pet products manufacturer,"Common stock (4,254 shares)",0,1/22/2010,1222.0,2535
246,"Centinela Funding, LLC",Solar power generation facility developer and operator,"Senior secured loan ($56,000 par due 11/2020)",10.00% (Libor + 8.75%/Q),11/14/2012,56000.0,56000
247,"EquiPower Resources Holdings, LLC",Gas-fired power generation facilities operator,"Junior secured loan ($22,500 par due 6/2019)",10.00% (Libor + 8.50%/M),6/27/2012,22097.0,22500
248,"La Paloma Generating Company, LLC","Natural gas fired, combined cycle plant operator","Junior secured loan ($68,000 par due 8/2018)",10.25% (Libor + 8.75%/S),8/9/2011,66983.0,67320
249,"Panda Sherman Power, LLC",Developer and operator of a gas turbine power plant,"Senior secured loan ($32,500 par due 9/2018)",9.00% (Libor + 7.50%/Q),9/14/2012,32500.0,32500
250,"Panda Temple Power II, LLC",Developer and operator of a gas turbine power plant,"Senior secured loan ($20,000 par due 4/2019)",7.25% (Libor + 6.00%/Q),4/3/2013,19806.0,20000
251,"Panda Temple Power, LLC",Developer and operator of large-scale energy facilities,"Senior secured loan ($60,000 par due 7/2018)",11.50% (Libor + 10.00%/Q),7/17/2012,58276.0,60000
252,"Sunrun Solar Owner Holdco X, LLC",Residential solar energy provider,"Senior secured loan ($60,000 par due 6/2019)",9.50% (Libor + 8.25%/Q),6/7/2013,60000.0,60000
253,"ICSH, Inc.","Industrial container manufacturer, reconditioner and servicer",Senior secured revolving loan,0,8/31/2011,0.0,0
254,"ICSH, Inc.","Industrial container manufacturer, reconditioner and servicer","Senior secured loan ($3,713 par due 8/2016)",8.00% (Libor + 7.00%/Q),8/31/2011,3713.0,3713
255,"ICSH, Inc.","Industrial container manufacturer, reconditioner and servicer","Senior secured loan ($23,331 par due 8/2016)",8.00% (Libor + 7.00%/Q),8/31/2011,22331.0,22331
256,"ICSH, Inc.","Industrial container manufacturer, reconditioner and servicer",Senior secured loan ($19 par due 8/2016),8.00% (Libor + 7.00%/Q),8/31/2011,19.0,19
257,"ICSH, Inc.","Industrial container manufacturer, reconditioner and servicer","Senior secured loan ($30,338 par due 8/2016)",8.04% (Libor + 7.00%/Q),8/31/2011,30338.0,30338
258,"ICSH, Inc.","Industrial container manufacturer, reconditioner and servicer","Senior secured loan ($61,839 par due 8/2016)",8.04% (Libor + 7.00%/Q),8/31/2011,61839.0,61839
259,"ICSH, Inc.","Industrial container manufacturer, reconditioner and servicer","Senior secured loan ($14,795 par due 8/2016)",8.04% (Libor + 7.00%/Q),8/31/2011,14795.0,14795
260,"Microstar Logistics LLC, Microstar Global Asset Management LLC and MStar Holding Corporation",Keg management solutions provider,"Junior secured loan ($165,000 par due 12/2018)",8.50% (Libor + 7.50%/Q),12/14/2012,165000.0,165000
261,"Microstar Logistics LLC, Microstar Global Asset Management LLC and MStar Holding Corporation",Keg management solutions provider,"Common Stock (50,000 shares)",0,12/14/2012,5000.0,5896
262,"Pregis Corporation, Pregis Intellipack Corp. and Pregis Innovative Packaging Inc.","Provider of highly-customized, tailored protective packaging solutions",Senior secured loan ($985 par due 3/2017),7.75% (Libor + 6.25%/M),4/25/2012,985.0,985
263,"Pregis Corporation, Pregis Intellipack Corp. and Pregis Innovative Packaging Inc.","Provider of highly-customized, tailored protective packaging solutions",Senior secured loan ($5 par due 3/2017),8.50% (Base Rate + 5.25%/Q),4/25/2012,5.0,5
264,"Driven Holdings, LLC",Automotive aftermarket car care franchisor,"Preferred stock (247,500 units)",0,12/16/2011,2475.0,2742
265,"Driven Holdings, LLC",Automotive aftermarket car care franchisor,"Common stock (25,000 units)",0,12/16/2011,25.0,130
266,"Eckler Industries, Inc.",Restoration parts and accessories provider for classic automobiles,"Senior secured loan ($1,000 par due 7/2017)",8.25% (Base Rate + 5.00%/Q),7/12/2012,1000.0,1000
267,"Eckler Industries, Inc.",Restoration parts and accessories provider for classic automobiles,"Senior secured loan ($8,269 par due 7/2017)",7.25% (Libor + 6.00%/M),7/12/2012,8270.0,8270
268,"Eckler Industries, Inc.",Restoration parts and accessories provider for classic automobiles,"Senior secured loan ($41,021 par due 7/2017)",7.25% (Libor + 6.00%/Q),0,41021.0,41021
269,"Eckler Industries, Inc.",Restoration parts and accessories provider for classic automobiles,"Series A preferred stock (1,800 shares)",0,7/12/2012,1800.0,1948
270,"Eckler Industries, Inc.",Restoration parts and accessories provider for classic automobiles,"Common stock (20,000 shares)",0,7/12/2012,200.0,234
271,"EcoMotors, Inc.",Engine developer,"Senior secured loan ($5,000 par due 10/2016)",10.83%,12/28/2012,5000.0,5000
272,"EcoMotors, Inc.",Engine developer,"Senior secured loan ($5,000 par due 7/2016)",10.13%,12/28/2012,4869.0,5000
273,"EcoMotors, Inc.",Engine developer,"Warrant to purchase up to 321,888 shares of Series C preferred stock",0,12/28/2012,0.0,40
274,"Service King Paint & Body, LLC",Collision repair site operators,"Senior secured loan ($127,850 par due 8/2017)",7.25% (Libor + 6.25%/Q),8/20/2012,127850.0,127850
275,"Service King Paint & Body, LLC",Collision repair site operators,"Senior secured loan ($4,887 par due 8/2017)",4.50% (Libor + 3.50%/Q),8/20/2012,4887.0,4887
276,"Service King Paint & Body, LLC",Collision repair site operators,"Senior secured loan ($9,774 par due 8/2017)",4.50% (Libor + 3.50%/Q),8/20/2012,9774.0,9774
277,"Service King Paint & Body, LLC",Collision repair site operators,Membership interest,0,8/20/2012,5000.0,6690
278,"Argotec, LLC",Thermoplastic polyurethane films,"Senior secured revolving loan ($2,000 par due 5/2018)",5.75% (Libor + 4.75%/S),5/31/2013,2000.0,2000
279,"Argotec, LLC",Thermoplastic polyurethane films,"Senior secured loan ($20,000 par due 5/2019)",5.75% (Libor + 4.75%/S),5/31/2013,20000.0,20000
280,Cambrios Technologies Corporation,Nanotechnology-based solutions for electronic devices and computers,"Senior secured loan ($3,939 par due 8/2015)",12.00%,8/7/2012,3939.0,3939
281,Cambrios Technologies Corporation,Nanotechnology-based solutions for electronic devices and computers,"Warrants to purchase up to 400,000 shares of Series D-4 convertible preferred stock",0,8/7/2012,0.0,1
282,"Component Hardware Group, Inc.",Commercial equipment,"Junior secured loan ($3,251 par due 12/2014)","7.00% Cash, 3.00% PIK",8/4/2010,3251.0,3251
283,"Component Hardware Group, Inc.",Commercial equipment,"Senior subordinated loan ($11,424 par due 12/2014)","7.50% Cash, 5.00% PIK",4/1/2010,9174.0,11425
284,"Component Hardware Group, Inc.",Commercial equipment,"Warrants to purchase up to 1,462,500 shares of common stock",0,8/4/2010,0.0,14656
285,Lighting Science Group Corporation,Advanced lighting products,Letter of credit facility,0,9/20/2011,0.0,0
286,"MWI Holdings, Inc.","Engineered springs, fasteners, and other precision components","Senior secured loan ($38,274 par due 3/2019)",9.38% (Libor + 8.13%/Q),6/15/2011,38274.0,38274
287,"MWI Holdings, Inc.","Engineered springs, fasteners, and other precision components","Senior secured loan ($10,000 par due 3/2019)",9.38% (Libor + 8.13%/Q),6/15/2011,10000.0,10000
288,"NetShape Technologies, Inc.",Metal precision engineered components,Senior secured revolving loan ($408 par due 12/2014),7.50% (Libor + 6.50%/S),4/1/2010,408.0,408
289,"Pelican Products, Inc.",Flashlights,"Senior secured loan ($7,920",7.00% (Libor + 5.50%/Q),7/13/2012,7920.0,7920
290,"Pelican Products, Inc.",Flashlights,"Junior secured loan ($32,000 par due 6/2019)",11.50% (Libor + 10.00%/Q),7/13/2012,32000.0,32000
291,"Protective Industries, Inc. dba Caplugs",Plastic protection products,Senior secured revolving loan ($408 par due 5/2016),6.25% (Base Rate + 3.00%/Q),5/23/2011,408.0,408
292,"Protective Industries, Inc. dba Caplugs",Plastic protection products,"Senior secured loan ($1,462 par due 5/2017)",5.75% (Libor + 4.25%/M),11/30/2012,1462.0,1462
293,"Protective Industries, Inc. dba Caplugs",Plastic protection products,Senior subordinated loan ($720 par due 5/2018),"8.00% Cash, 7.25% PIK",5/23/2011,720.0,720
294,"Protective Industries, Inc. dba Caplugs",Plastic protection products,"Preferred stock (2,379,361 shares)",0,5/23/2011,2307.0,5303
295,Saw Mill PCG Partners LLC,Metal precision engineered components,"Common units (1,000 units)",0,1/30/2007,1000.0,0
296,"SSH Environmental Industries, Inc. and SSH Non-Destructive Testing, Inc.",Magnetic sensors and supporting sensor products,"Senior secured loan ($11,383 par due 12/2016)",9.00% (Libor + 7.50%/Q),3/23/2012,11206.0,11383
297,"Cadence Aerospace, LLC (fka PRV Aerospace, LLC)",Aerospace precision components manufacturer,"Senior secured loan ($1,130 par due 5/2018)",6.50% (Libor + 5.25%/Q),5/15/2012,1125.0,1130
298,"Cadence Aerospace, LLC (fka PRV Aerospace, LLC)",Aerospace precision components manufacturer,Senior secured loan ($3 par due 5/2018),7.50% (Base Rate + 4.25%/Q),0,3.0,3
299,"Cadence Aerospace, LLC (fka PRV Aerospace, LLC)",Aerospace precision components manufacturer,"Senior secured loan ($8,417 par due 5/2018)",6.50% (Libor + 5.25%/Q),5/15/2012,8346.0,8417
300,"Cadence Aerospace, LLC (fka PRV Aerospace, LLC)",Aerospace precision components manufacturer,Senior secured loan ($21 par due 5/2018),7.50% (Base Rate + 4.25%/Q),0,21.0,21
301,"Cadence Aerospace, LLC (fka PRV Aerospace, LLC)",Aerospace precision components manufacturer,"Junior secured loan ($79,657 par due 5/2019)",10.50% (Libor + 9.25%/Q),5/10/2012,79657.0,79657
302,"ILC Industries, LLC",Designer and manufacturer of protective cases and technically advanced lighting systems,"Senior secured loan ($4,900 par due 7/2018)",7.50% (Libor + 6.00%/Q),7/13/2012,4819.0,4900
303,"ILC Industries, LLC",Designer and manufacturer of protective cases and technically advanced lighting systems,"Senior secured loan ($19,850 par due 7/2018)",7.50% (Libor + 6.00%/Q),7/13/2012,19503.0,19850
304,"TurboCombuster Technology, Inc.","Manufacturer of complex fabrications for the commercial aerospace, military aerospace and industrial gas turbine markets","Senior secured loan ($9,975 par due 12/2017)",6.00% (Libor + 5.00%/Q),1/31/2013,9929.0,9976
305,"Wyle Laboratories, Inc. and Wyle Holdings, Inc.","Provider of specialized engineering, scientific and technical services",Senior preferred stock (775 shares),8.00% PIK,1/17/2008,107.0,107
306,"Wyle Laboratories, Inc. and Wyle Holdings, Inc.","Provider of specialized engineering, scientific and technical services","Common stock (1,885,195 shares)",0,1/17/2008,2291.0,1851
307,Fulton Holdings Corp.,Airport restaurant operator,"Senior secured loan ($42,892 par due 5/2018)",8.50%,5/10/2013,42892.0,42892
308,Fulton Holdings Corp.,Airport restaurant operator,"Senior secured loan ($39,900 par due 5/2018)",8.50%,5/28/2010,39900.0,39900
309,Fulton Holdings Corp.,Airport restaurant operator,"Common stock (19,672 shares)",0,5/28/2010,1461.0,1588
310,Things Remembered Inc. and TRM Holdings Corporation,Personalized gifts retailer,"Senior secured loan ($14,888 par due 5/2018)",8.00% (Libor + 6.50%/Q),5/24/2012,14888.0,14888
311,Bushnell Inc.,Sports optics manufacturer,"Junior secured loan ($48,825 par due 2/2016)",9.00% (Libor + 7.50%/Q),4/1/2010,44618.0,48826
312,Bushnell Inc.,Sports optics manufacturer,"Junior secured loan ($43,675 par due 2/2016)",9.50% (Libor + 8.00%/Q),4/30/2012,43675.0,43675
313,"American Broadband Communications, LLC, American Broadband Holding Company and Cameron Holdings of NC, Inc.",Broadband communication services,"Senior secured revolving loan ($2,500 par due 8/2014)",7.50% (Libor + 5.50%/Q),9/1/2010,2500.0,2500
314,"American Broadband Communications, LLC, American Broadband Holding Company and Cameron Holdings of NC, Inc.",Broadband communication services,"Senior secured loan ($6,540 par due 8/2014)",7.50% (Libor + 5.50%/Q),9/1/2010,6540.0,6540
315,"American Broadband Communications, LLC, American Broadband Holding Company and Cameron Holdings of NC, Inc.",Broadband communication services,"Senior subordinated loan ($34,666 par due 11/2014)","12.00% Cash, 2.00% PIK",11/7/2007,34666.0,33973
316,"American Broadband Communications, LLC, American Broadband Holding Company and Cameron Holdings of NC, Inc.",Broadband communication services,"Senior subordinated loan ($10,847 par due 11/2014)","12.00% Cash, 2.00% PIK",9/1/2010,10847.0,10630
317,"American Broadband Communications, LLC, American Broadband Holding Company and Cameron Holdings of NC, Inc.",Broadband communication services,"Senior subordinated loan ($24,210 par due 11/2014)","10.00% Cash, 4.00% PIK",11/7/2007,24210.0,23726
318,"American Broadband Communications, LLC, American Broadband Holding Company and Cameron Holdings of NC, Inc.",Broadband communication services,Warrants to purchase up to 378 shares,0,11/7/2007,0.0,4500
319,"American Broadband Communications, LLC, American Broadband Holding Company and Cameron Holdings of NC, Inc.",Broadband communication services,Warrants to purchase up to 200 shares,0,9/1/2010,0.0,2381
320,"Startec Equity, LLC (7)",Communication services,Member interest,0,4/1/2010,0.0,0
321,"Batanga, Inc.",Independent digital media company,"Senior secured loan ($5,500 par due 11/2016)",9.60%,10/31/2012,5500.0,5595
322,"Batanga, Inc.",Independent digital media company,"Senior secured loan ($4,500 par due 9/2017)",9.60%,10/31/2012,4500.0,4500
323,"Earthcolor Group, LLC",Printing management services,Limited liability company interests (9.30%),0,5/18/2012,0.0,0
324,"National Print Group, Inc.",Printing management services,Senior secured revolving loan ($685 par due 10/2013),9.00% (Libor + 6.00%/Q),3/2/2006,685.0,685
325,"National Print Group, Inc.",Printing management services,"Senior secured revolving loan ($1,119 par due 10/2013)",9.00% (Base Rate + 5.00%/Q),3/2/2006,1119.0,1119
326,"National Print Group, Inc.",Printing management services,"Senior secured loan ($6,782 par due 10/2013)","9.00% (Libor + 8.00% Cash, 1.00% PIK /Q)",3/2/2006,6516.0,6782
327,"National Print Group, Inc.",Printing management services,Senior secured loan ($244 par due 10/2013),"9.00% (Base Rate + 8.00% Cash, 1.00% PIK /Q)",3/2/2006,235.0,244
328,"National Print Group, Inc.",Printing management services,"Preferred stock (9,344 shares)",0,3/2/2006,2000.0,0
329,"The Teaching Company, LLC and The Teaching Company Holdings, Inc.",Education publications provider,"Senior secured loan ($21,103 par due 3/2017)",9.00% (Libor + 7.50%/Q),9/29/2006,21103.0,21103
330,"The Teaching Company, LLC and The Teaching Company Holdings, Inc.",Education publications provider,"Senior secured loan ($9,801 par due 3/2017)",9.00% (Libor + 7.50%/Q),9/29/2006,9801.0,9801
331,"The Teaching Company, LLC and The Teaching Company Holdings, Inc.",Education publications provider,"Preferred stock (10,663 shares)",0,9/29/2006,1066.0,3309
332,"The Teaching Company, LLC and The Teaching Company Holdings, Inc.",Education publications provider,"Common stock (15,393 shares)",0,9/29/2006,3.0,8
333,"Geotrace Technologies, Inc.",Reservoir processing and development,"Warrants to purchase up to 69,978 shares of common stock",0,4/1/2010,88.0,0
334,"Geotrace Technologies, Inc.",Reservoir processing and development,"Warrants to purchase up to 210,453 shares of preferred stock",0,4/1/2010,2805.0,2015
335,"UL Holding Co., LLC and Universal Lubricants, LLC (6)",Petroleum product manufacturer,"Junior secured loan ($2,904 par due 12/2014)",7.15% (Libor + 6.875%/Q),4/30/2012,2887.0,2312
336,"UL Holding Co., LLC and Universal Lubricants, LLC (6)",Petroleum product manufacturer,"Junior secured loan ($2,032 par due 12/2014)",9.125% (Base + 5.875%/Q),4/30/2012,2020.0,1618
337,"UL Holding Co., LLC and Universal Lubricants, LLC (6)",Petroleum product manufacturer,"Junior secured loan ($4,960 par due 12/2014)",12.00%,4/30/2012,4931.0,3949
338,"UL Holding Co., LLC and Universal Lubricants, LLC (6)",Petroleum product manufacturer,"Junior secured loan ($5,144 par due 12/2014)",12.00%,4/30/2012,5090.0,4095
339,"UL Holding Co., LLC and Universal Lubricants, LLC (6)",Petroleum product manufacturer,"Junior secured loan ($25,363 par due 12/2014)",7.15% (Libor + 6.875%/Q),4/30/2012,25204.0,20194
340,"UL Holding Co., LLC and Universal Lubricants, LLC (6)",Petroleum product manufacturer,"Junior secured loan ($18,812 par due 12/2014)",12.00%,4/30/2012,18694.0,14978
341,"UL Holding Co., LLC and Universal Lubricants, LLC (6)",Petroleum product manufacturer,"Class A common units (151,236 units)",0,6/17/2011,1512.0,0
342,"UL Holding Co., LLC and Universal Lubricants, LLC (6)",Petroleum product manufacturer,"Class B-5 common units (599,200 units)",0,4/25/2008,5472.0,0
343,"UL Holding Co., LLC and Universal Lubricants, LLC (6)",Petroleum product manufacturer,"Class B-4 common units (50,000 units)",0,6/17/2011,500.0,0
344,"UL Holding Co., LLC and Universal Lubricants, LLC (6)",Petroleum product manufacturer,"Class C common units (758,546 units)",0,4/25/2008,0.0,0
345,"10th Street, LLC (6)",Real estate holding,Senior subordinated loan,"8.93% Cash, 4.07% PIK",4/1/2010,25724.0,25724
346,"10th Street, LLC (6)",Real estate holding,Member interest (10.00% interest),0,4/1/2010,594.0,7263
347,"10th Street, LLC (6)",Real estate holding,"Option (25,000 units)",0,4/1/2010,25.0,25
348,"American Commercial Coatings, Inc.",Real estate property,"Commercial mortgage loan ($2,442 par due 12/2025)",8.75% (Libor + 7.25%/Q),4/1/2010,746.0,2061
349,"Cleveland East Equity, LLC",Hotel operator,Real estate equity interests,0,4/1/2010,1026.0,4064
350,"Commons R-3, LLC",Real estate developer,Real estate equity interests,0,4/1/2010,0.0,0
351,"Crescent Hotels & Resorts, LLC and affiliates (7)",Hotel operator,"Senior subordinated loan ($2,236 par due 9/2011)",0,4/1/2010,0.0,0
352,"Crescent Hotels & Resorts, LLC and affiliates (7)",Hotel operator,"Senior subordinated loan ($2,092 par due 6/2017)",0,4/1/2010,0.0,0
353,"Crescent Hotels & Resorts, LLC and affiliates (7)",Hotel operator,Common equity interest,0,4/1/2010,0.0,0
354,"Crescent Hotels & Resorts, LLC and affiliates (7)",Hotel operator,Limited liability company membership interest (100% interest),0,6/19/2012,0.0,0
355,"Hot Light Brands, Inc. (7)",Real estate holding company,"Senior secured loan ($32,957 par due 2/2011)",0,4/1/2010,1665.0,1495
356,"Hot Light Brands, Inc. (7)",Real estate holding company,"Common stock (93,500 shares)",0,4/1/2010,0.0,0
357,"NPH, Inc.",Hotel property,Real estate equity interests,0,4/1/2010,5291.0,6978
358,"AWTP, LLC (7)",Water treatment services,"Junior secured loan ($4,212 par due 6/2015)",10.00%,4/18/2011,4212.0,4212
359,"AWTP, LLC (7)",Water treatment services,"Junior secured loan ($6,121 par due 6/2015)",15.00%,4/18/2011,6121.0,6121
360,"AWTP, LLC (7)",Water treatment services,Membership interests (90% interest),0,4/18/2011,0.0,7644
361,"Genomatica, Inc.",Developer of a biotechnology platform for the production of chemical products,"Senior secured loan ($1,500 par due 10/2016)",9.26%,3/28/2013,1430.0,1500
362,"Genomatica, Inc.",Developer of a biotechnology platform for the production of chemical products,"Warrant to purchase 322,422 shares of Series D preferred stock",0,3/28/2013,0.0,5
363,"RE Community Holdings II, Inc.and Pegasus Community Energy, LLC.",Operator of municipal recycling facilities,"Preferred stock (1,000 shares)",0,3/1/2011,8839.0,1750
364,"Waste Pro USA, Inc",Waste management services,"Preferred Class A common equity (611,615 shares)",0,11/9/2006,12263.0,26059
365,PODS Funding Corp.,Storage and warehousing,"Junior subordinated loan ($40,777 par due 5/2017)","12.75% Cash, 2.75% PIK",11/29/2011,40777.0,40777
366,"United Road Towing, Inc.",Towing company,Warrants to purchase up to 607 shares,0,4/1/2010,0.0,0
367,"Athletic Club Holdings, Inc.",Premier health club operator,"Senior secured loan ($34,000 par due 3/2019)",7.25% (Libor + 6.00%/M),10/11/2007,34000.0,34000
368,"CFW Co-Invest, L.P. and NCP Curves, L.P.",Health club franchisor,"Limited partnership interest (4,152,165 shares)",0,7/31/2012,4152.0,3306
369,"CFW Co-Invest, L.P. and NCP Curves, L.P.",Health club franchisor,"Limited partnership interest (1,847,835 shares)",0,7/31/2012,1848.0,1471
370,"Apple & Eve, LLC and US Juice Partners, LLC (6)",Juice manufacturer,"Senior units (50,000 units)",0,10/5/2007,5000.0,3776
371,"Charter Baking Company, Inc.",Baked goods manufacturer,"Senior subordinated loan ($2,096 par due 6/2015)",17.50% PIK,2/6/2008,2096.0,2096
372,"Charter Baking Company, Inc.",Baked goods manufacturer,"Preferred stock (6,258 shares)",0,9/1/2006,2567.0,1735
373,Distant Lands Trading Co.,Coffee manufacturer,"Class A common stock (1,294 shares)",0,4/1/2010,980.0,0
374,Distant Lands Trading Co.,Coffee manufacturer,"Class A-1 common stock (2,157 shares)",0,4/1/2010,0.0,0
375,"BECO Holding Company, Inc.",Wholesale distributor of first response fire protection equipment and related parts,"Common stock (25,000 shares)",0,7/30/2010,2500.0,2554
