,Company(1),Business Description,Investment,Interest(5)(11),Acquisition  Date,Amortized  Cost,Fair Value
0,"CIC Flex, LP (10)",Investment partnership,Limited partnership units (0.94 units),0,9/7/2007,0.0,248
1,"Covestia Capital Partners, LP (10)",Investment partnership,Limited partnership interest (47.00% interest),0,6/17/2008,487.0,1863
2,"HCI Equity, LLC (8)(9)(10)",Investment company,Member interest (100.00% interest),0,4/1/2010,0.0,128
3,"Imperial Capital Private Opportunities, LP (10)(29)",Investment partnership,Limited partnership interest (80.00% interest),0,5/10/2007,4214.0,20380
4,"Partnership Capital Growth Fund I, L.P. (10)",Investment partnership,Limited partnership interest (25.00% interest),0,6/16/2006,0.0,873
5,"Partnership Capital Growth Investors III, L.P. (10)(29)",Investment partnership,Limited partnership interest (2.50% interest),0,10/5/2011,2722.0,2861
6,"PCG-Ares Sidecar Investment, L.P. (10)(29)",Investment partnership,Limited partnership interest (100.00% interest),0,5/22/2014,6500.0,8042
7,"PCG-Ares Sidecar Investment II, L.P. (10)(29)",Investment partnership,Limited partnership interest (100.00% interest),0,10/31/2014,2147.0,1279
8,"Piper Jaffray Merchant Banking Fund I, L.P. (10)(29)",Investment partnership,Limited partnership interest (2.00% interest),0,8/16/2012,1240.0,1342
9,Senior Secured Loan Fund LLC (8)(11)(30),Co-investment vehicle,"Subordinated certificates ($2,089,348 par due 12/2024)",8.27% (Libor + 8.00%/M)(24),10/30/2009,2089348.0,2099796
10,Senior Secured Loan Fund LLC (8)(11)(30),Co-investment vehicle,Member interest (87.50% interest),0,10/30/2009,0.0,0
11,VSC Investors LLC (10),Investment company,Membership interest (1.95% interest),0,1/24/2008,879.0,1661
12,Alegeus Technologies Holdings Corp.,Benefits administration and transaction processing provider,"Preferred stock (2,997 shares)",0,12/13/2013,3087.0,1913
13,Alegeus Technologies Holdings Corp.,Benefits administration and transaction processing provider,Common stock (3 shares),0,12/13/2013,3.0,0
14,"American Academy Holdings, LLC","Provider of education, training, certification, networking, and consulting services to medical coders and other healthcare professionals","First lien senior secured loan ($8,810 par due 6/2019)",7.00% (Libor + 6.00%/Q),6/27/2014,8810.0,8810
15,"American Academy Holdings, LLC","Provider of education, training, certification, networking, and consulting services to medical coders and other healthcare professionals","First lien senior secured loan ($52,039 par due 6/2019)",7.00% (Libor + 6.00%/Q),6/27/2014,52039.0,52039
16,"American Academy Holdings, LLC","Provider of education, training, certification, networking, and consulting services to medical coders and other healthcare professionals","First lien senior secured loan ($3,540 par due 6/2019)",4.00% (Libor + 3.00%/Q),6/27/2014,3540.0,3540
17,AwarePoint Corporation,Healthcare technology platform developer,"First lien senior secured loan ($10,000 par due 6/2018)",9.50%,9/5/2014,9920.0,9900
18,AwarePoint Corporation,Healthcare technology platform developer,"Warrant to purchase up to 3,213,367 shares of Series 1 preferred stock",0,11/14/2014,0.0,609
19,"AxelaCare Holdings, Inc. and AxelaCare Investment Holdings, L.P.",Provider of home infusion services,"Preferred units (8,664,072 units)",0,4/12/2013,866.0,726
20,"AxelaCare Holdings, Inc. and AxelaCare Investment Holdings, L.P.",Provider of home infusion services,"Common units (87,514 units)",0,4/12/2013,17.0,7
21,"California Forensic Medical Group, Incorporated (28)",Correctional facility healthcare operator,"First lien senior secured loan ($44,707 par due 11/2018)",9.25% (Libor + 8.00%/Q),11/16/2012,44707.0,44707
22,"CCS Intermediate Holdings, LLC and CCS Group Holdings, LLC (28)",Correctional facility healthcare operator,"First lien senior secured revolving loan ($2,625 par due 7/2019)",6.25% (Base Rate + 3.00%/Q),7/23/2014,2625.0,2572
23,"CCS Intermediate Holdings, LLC and CCS Group Holdings, LLC (28)",Correctional facility healthcare operator,"First lien senior secured loan ($6,685 par due 7/2021)",5.00% (Libor + 4.00%/Q),7/23/2014,6657.0,6551
24,"CCS Intermediate Holdings, LLC and CCS Group Holdings, LLC (28)",Correctional facility healthcare operator,"Second lien senior secured loan ($135,000 par due 7/2022)",9.38% (Libor + 8.38%/Q),7/23/2014,133805.0,129600
25,"CCS Intermediate Holdings, LLC and CCS Group Holdings, LLC (28)",Correctional facility healthcare operator,"Class A units (601,937 units)",0,8/19/2010,0.0,1023
26,"DNAnexus, Inc.",Bioinformatics company,"First lien senior secured loan ($10,500 par due 10/2018)",9.25% (Libor + 8.25%/M),3/21/2014,10151.0,10500
27,"DNAnexus, Inc.",Bioinformatics company,"Warrant to purchase up to 909,092 units of Series C preferred stock",0,3/21/2014,0.0,347
28,"Global Healthcare Exchange, LLC and GHX Ultimate Parent Corp. (28)",On-demand supply chain automation solutions provider,"First lien senior secured loan ($220,118 par due 3/2020)",8.50% (Libor + 7.50%/Q),3/11/2014,218762.0,220118
29,"Global Healthcare Exchange, LLC and GHX Ultimate Parent Corp. (28)",On-demand supply chain automation solutions provider,"First lien senior secured loan ($9,975 par due 3/2020)",8.50% (Libor + 7.50%/Q),3/11/2014,9873.0,9975
30,"Global Healthcare Exchange, LLC and GHX Ultimate Parent Corp. (28)",On-demand supply chain automation solutions provider,"Class A common stock (2,991 shares)",0,3/11/2014,2991.0,2991
31,"Global Healthcare Exchange, LLC and GHX Ultimate Parent Corp. (28)",On-demand supply chain automation solutions provider,Class B common stock (980 shares),0,3/11/2014,30.0,3027
32,"Greenphire, Inc. and RMCF III CIV XXIX, L.P (28)",Software provider for clinical trial management,"First lien senior secured loan ($4,000 par due 12/2018)",9.00% (Libor + 8.00%/M),12/19/2014,4000.0,4000
33,"Greenphire, Inc. and RMCF III CIV XXIX, L.P (28)",Software provider for clinical trial management,Limited partnership interest (99.90% interest),0,12/19/2014,999.0,999
34,"INC Research Mezzanine Co-Invest, LLC",Pharmaceutical and biotechnology consulting services,"Common units (1,410,000 units)",0,9/27/2010,255.0,4994
35,Intermedix Corporation,Revenue cycle management provider to the emergency healthcare industry,"Second lien senior secured loan ($112,000 par due 6/2020)",9.25% (Libor + 8.25%/Q),12/27/2012,112000.0,110880
36,"LM Acquisition Holdings, LLC (9)",Developer and manufacturer of medical equipment,Class A units (426 units),0,9/27/2013,660.0,1610
37,"MC Acquisition Holdings I, LLC",Healthcare professional provider,"Class A units (1,338,314 shares)",0,1/17/2014,1338.0,1756
38,"Monte Nido Holdings, LLC",Outpatient eating disorder treatment provider,"First lien senior secured loan ($44,750 par due 12/2019)",8.50% (Libor + 7.50%/Q),12/20/2013,44750.0,44302
39,MW Dental Holding Corp. (28),Dental services provider,"First lien senior secured revolving loan ($2,000 par due 4/2017)",8.50% (Libor + 7.00%/M),4/12/2011,2000.0,2000
40,MW Dental Holding Corp. (28),Dental services provider,"First lien senior secured loan ($13,094 par due 4/2017)",8.50% (Libor + 7.00%/M),4/12/2011,13094.0,13094
41,MW Dental Holding Corp. (28),Dental services provider,"First lien senior secured loan ($24,358 par due 4/2017)",8.50% (Libor + 7.00%/M),4/12/2011,24358.0,24358
42,MW Dental Holding Corp. (28),Dental services provider,"First lien senior secured loan ($47,990 par due 4/2017)",8.50% (Libor + 7.00%/M),4/12/2011,47990.0,47990
43,MW Dental Holding Corp. (28),Dental services provider,"First lien senior secured loan ($19,846 par due 4/2017)",8.50% (Libor + 7.00%/M),4/12/2011,19846.0,19846
44,"My Health Direct, Inc. (28)",Healthcare scheduling exchange software solution provider,"First lien senior secured loan ($3,000 par due 1/2018)",10.75%,9/18/2014,2924.0,3000
45,"My Health Direct, Inc. (28)",Healthcare scheduling exchange software solution provider,"Warrant to purchase up to 4,548 shares of Series D preferred stock",0,9/18/2014,39.0,39
46,Napa Management Services Corporation,Anesthesia management services provider,"First lien senior secured loan ($36,734 par due 2/2019)",9.61% (Libor + 8.61%/Q),4/15/2011,36734.0,36734
47,Napa Management Services Corporation,Anesthesia management services provider,"First lien senior secured loan ($33,266 par due 2/2019)",9.61% (Libor + 8.61%/Q),4/15/2011,33221.0,33266
48,Napa Management Services Corporation,Anesthesia management services provider,"Common units (5,345 units)",0,4/15/2011,5764.0,12558
49,"Netsmart Technologies, Inc. and NS Holdings, Inc.",Healthcare technology provider,"Second lien senior secured loan ($90,000 par due 8/2019)",10.50% (Libor + 9.50%/Q),2/27/2015,90000.0,90000
50,"Netsmart Technologies, Inc. and NS Holdings, Inc.",Healthcare technology provider,"Common stock (2,500,000 shares)",0,6/21/2010,760.0,2970
51,"New Trident Holdcorp, Inc.",Outsourced mobile diagnostic healthcare service provider,"Second lien senior secured loan ($80,000 par due 7/2020)",10.25% (Libor + 9.00%/Q),8/6/2013,78785.0,76000
52,"Nodality, Inc.",Biotechnology company,"First lien senior secured loan ($7,680 par due 2/2018)",8.90%,4/25/2014,7494.0,7680
53,"Nodality, Inc.",Biotechnology company,"First lien senior secured loan ($3,000 par due 8/2018)",8.90%,4/25/2014,2916.0,3000
54,"Nodality, Inc.",Biotechnology company,"Warrant to purchase up to 164,179 shares of Series B preferred stock",0,4/25/2014,0.0,41
55,"OmniSYS Acquisition Corporation, OmniSYS, LLC, and OSYS Holdings, LLC (28)",Provider of technology-enabled solutions to pharmacies,"First lien senior secured loan ($19,456 par due 11/2018)",8.50% (Libor + 7.50%/Q),11/21/2013,19456.0,19456
56,"OmniSYS Acquisition Corporation, OmniSYS, LLC, and OSYS Holdings, LLC (28)",Provider of technology-enabled solutions to pharmacies,Limited liability company membership interest (1.57)%,0,11/21/2013,1000.0,1238
57,"PerfectServe, Inc. (28)",Communications software platform provider for hospitals and physician practices,"First lien senior secured revolving loan ($1,500 par due 6/2016)",7.50%,12/26/2013,1500.0,1500
58,"PerfectServe, Inc. (28)",Communications software platform provider for hospitals and physician practices,"First lien senior secured loan ($2,408 par due 10/2017)",10.00%,12/26/2013,2392.0,2408
59,"PerfectServe, Inc. (28)",Communications software platform provider for hospitals and physician practices,"First lien senior secured loan ($2,855 par due 4/2017)",10.00%,12/26/2013,2840.0,2855
60,"PerfectServe, Inc. (28)",Communications software platform provider for hospitals and physician practices,"Warrant to purchase up to 34,113 units of Series C preferred stock",0,12/26/2013,0.0,106
61,PhyMED Management LLC,Provider of anesthesia services,"First lien senior secured loan ($9,950 par due 11/2020)",5.25% (Libor + 4.25%/M),11/18/2014,9887.0,9950
62,"Physiotherapy Associates Holdings, Inc.",Physical therapy provider,"Class A common stock (100,000 shares)",0,12/31/2013,3090.0,4665
63,"POS I Corp. (fka Vantage Oncology, Inc.)",Radiation oncology care provider,"Common stock (62,157 shares)",0,2/3/2011,4670.0,1043
64,"Press Ganey Holdings, Inc.","Provider of patient surveys, management reports and national databases for the integrated healthcare delivery system","Common stock (47,987 shares)",0,5/27/2015,292.0,1381
65,"Reed Group Holdings, LLC",Medical disability management services provider,Equity interests,0,4/1/2010,0.0,0
66,"Respicardia, Inc.",Developer of implantable therapies to improve cardiovascular health,"Warrant to purchase up to 99,094 shares of Series C preferred stock",0,6/28/2012,38.0,28
67,"Sage Products Holdings III, LLC",Patient infection control and preventive care solutions provider,"Second lien senior secured loan ($108,679 par due 6/2020)",9.25% (Libor + 8.00%/Q),12/13/2012,108494.0,108679
68,"Sarnova HC, LLC, Tri-Anim Health Services, Inc., and BEMS Holdings, LLC",Distributor of emergency medical service and respiratory products,"Second lien senior secured loan ($60,000 par due 9/2018)",8.75% (Libor + 8.00%/M),6/30/2014,60000.0,60000
69,"SurgiQuest, Inc.",Medical device company,"Warrant to purchase up to 54,672 shares of Series D-4 convertible preferred stock",0,9/28/2012,0.0,0
70,"Transaction Data Systems, Inc.",Pharmacy management software provider,"Second lien senior secured loan ($27,500 par due 6/2022)",9.25% (Libor + 8.25%/M),6/15/2015,27500.0,27500
71,"U.S. Anesthesia Partners, Inc.",Anesthesiology service provider,"Second lien senior secured loan ($50,000 par due 9/2020)",9.00% (Libor + 8.00%/Q),9/24/2014,50000.0,50000
72,"Urgent Cares of America Holdings I, LLC",Operator of urgent care clinics,"Preferred units (6,000,000 units)",0,6/11/2015,6000.0,6000
73,"Urgent Cares of America Holdings I, LLC",Operator of urgent care clinics,"Series A common units (2,000,000 units)",0,6/11/2015,2000.0,1830
74,"Urgent Cares of America Holdings I, LLC",Operator of urgent care clinics,"Series C common units (800,507 units)",0,6/11/2015,0.0,612
75,"Young Innovations, Inc.",Dental supplies and equipment manufacturer,"Second lien senior secured loan ($45,000 par due 7/2019)",9.00% (Libor + 8.00%/Q),5/30/2014,45000.0,45000
76,American Residential Services L.L.C.,"Heating, ventilation and air conditioning services provider","Second lien senior secured loan ($50,000 par due 12/2021)",9.00% (Libor + 8.00%/Q),6/30/2014,49567.0,50000
77,"Community Education Centers, Inc. and CEC Parent Holdings LLC (8)",Offender re-entry and in-prison treatment services provider,"First lien senior secured loan ($13,657 par due 12/2017)",6.25% (Libor + 5.25%/Q),12/10/2010,13657.0,13657
78,"Community Education Centers, Inc. and CEC Parent Holdings LLC (8)",Offender re-entry and in-prison treatment services provider,First lien senior secured loan ($629 par due 12/2017),7.50% (Base Rate + 4.25%/Q),12/10/2010,629.0,629
79,"Community Education Centers, Inc. and CEC Parent Holdings LLC (8)",Offender re-entry and in-prison treatment services provider,"Second lien senior secured loan ($21,985 par due 6/2018)",15.28% (Libor + 15.00%/Q),12/10/2010,21895.0,21895
80,"Community Education Centers, Inc. and CEC Parent Holdings LLC (8)",Offender re-entry and in-prison treatment services provider,"Class A senior preferred units (7,846 units)",0,3/27/2015,9384.0,8445
81,"Community Education Centers, Inc. and CEC Parent Holdings LLC (8)",Offender re-entry and in-prison treatment services provider,"Class A junior preferred units (26,154 units)",0,3/27/2015,19833.0,12437
82,"Community Education Centers, Inc. and CEC Parent Holdings LLC (8)",Offender re-entry and in-prison treatment services provider,Class A common units (134 units),0,3/27/2015,0.0,0
83,"Competitor Group, Inc. and Calera XVI, LLC (28)",Endurance sports media and event operator,"First lien senior secured revolving loan ($3,750 par due 11/2018)",9.00% (Libor + 7.75%/Q),11/30/2012,3750.0,3375
84,"Competitor Group, Inc. and Calera XVI, LLC (28)",Endurance sports media and event operator,"First lien senior secured loan ($24,506 par due 11/2018)","10.50% (Libor + 7.75% Cash, 1.50% PIK /Q)",11/30/2012,24506.0,22055
85,"Competitor Group, Inc. and Calera XVI, LLC (28)",Endurance sports media and event operator,"First lien senior secured loan ($30,007 par due 11/2018)","10.50% (Libor + 7.75% Cash, 1.50% PIK /Q)",11/30/2012,30007.0,27006
86,"Competitor Group, Inc. and Calera XVI, LLC (28)",Endurance sports media and event operator,"Membership units (2,500,000 units)",0,11/30/2012,2523.0,198
87,"Crown Health Care Laundry Services, Inc. and Crown Laundry Holdings, LLC (7)(28)",Provider of outsourced healthcare linen management solutions,First lien senior secured revolving loan,0,3/13/2014,0.0,0
88,"Crown Health Care Laundry Services, Inc. and Crown Laundry Holdings, LLC (7)(28)",Provider of outsourced healthcare linen management solutions,"First lien senior secured loan ($24,194 par due 3/2019)",7.75% (Libor + 6.50%/Q),3/13/2014,24194.0,24194
89,"Crown Health Care Laundry Services, Inc. and Crown Laundry Holdings, LLC (7)(28)",Provider of outsourced healthcare linen management solutions,"Class A preferred units (2,475,000 units)",0,3/13/2014,2475.0,3592
90,"Crown Health Care Laundry Services, Inc. and Crown Laundry Holdings, LLC (7)(28)",Provider of outsourced healthcare linen management solutions,"Class B common units (275,000 units)",0,3/13/2014,275.0,399
91,"Dwyer Acquisition Parent, Inc. and TDG Group Holding Company",Operator of multiple franchise concepts primarily related to home maintenance or repairs,"Senior subordinated loan ($52,670 par due 2/2020)",11.00%,8/15/2014,52670.0,52670
92,"Dwyer Acquisition Parent, Inc. and TDG Group Holding Company",Operator of multiple franchise concepts primarily related to home maintenance or repairs,"Senior subordinated loan ($31,500 par due 2/2020)",11.00%,6/12/2015,31500.0,31500
93,"Dwyer Acquisition Parent, Inc. and TDG Group Holding Company",Operator of multiple franchise concepts primarily related to home maintenance or repairs,"Common stock (32,843 shares)",0,8/15/2014,3378.0,3797
94,"Massage Envy, LLC (28)",Franchisor in the massage industry,"First lien senior secured loan ($8,017 par due 9/2018)",8.50% (Libor + 7.25%/Q),9/27/2012,8017.0,8017
95,"Massage Envy, LLC (28)",Franchisor in the massage industry,"First lien senior secured loan ($46,434 par due 9/2018)",8.50% (Libor + 7.25%/Q),9/27/2012,46434.0,46434
96,"Massage Envy, LLC (28)",Franchisor in the massage industry,"First lien senior secured loan ($19,469 par due 9/2018)",8.50% (Libor + 7.25%/Q),9/27/2012,19469.0,19469
97,"Massage Envy, LLC (28)",Franchisor in the massage industry,"Common stock (3,000,000 shares)",0,9/27/2012,3000.0,4742
98,"McKenzie Sports Products, LLC (28)","Designer, manufacturer and distributor of hunting-related supplies","First lien senior secured loan ($84,500 par due 9/2020)",6.75% (Libor + 5.75%/M),9/18/2014,84500.0,84500
99,"OpenSky Project, Inc.",Social commerce platform operator,"First lien senior secured loan ($2,700 par due 9/2017)",15.00%,6/4/2014,2671.0,2565
100,"OpenSky Project, Inc.",Social commerce platform operator,First lien senior secured loan ($200 par due 9/2017),17.50%,6/4/2014,198.0,190
101,"OpenSky Project, Inc.",Social commerce platform operator,"Warrant to purchase up to 159,496 shares of Series D preferred stock",0,6/29/2015,48.0,0
102,"PODS, LLC",Storage and warehousing,"Second lien senior secured loan ($17,500 par due 2/2023)",9.25% (Libor + 8.25%/Q),2/2/2015,17332.0,17500
103,Spin HoldCo Inc.,Laundry service and equipment provider,"Second lien senior secured loan ($140,000 par due 5/2020)",8.00% (Libor + 7.00%/M),5/14/2013,140000.0,138600
104,"Surface Dive, Inc.",SCUBA diver training and certification provider,"Second lien senior secured loan ($72,000 par due 1/2022)",10.25% (Libor + 9.25%/Q),1/29/2015,71580.0,72000
105,"TWH Water Treatment Industries, Inc., TWH Filtration Industries, Inc. and TWH Infrastructure Industries, Inc. (28)","Wastewater infrastructure repair, treatment and filtration holding company","First lien senior secured loan ($2,240 par due 10/2019)",10.25% (Libor + 9.25%/Q),10/10/2014,2240.0,2240
106,"TWH Water Treatment Industries, Inc., TWH Filtration Industries, Inc. and TWH Infrastructure Industries, Inc. (28)","Wastewater infrastructure repair, treatment and filtration holding company","First lien senior secured loan ($36,400 par due 10/2019)",10.25% (Libor + 9.25%/Q),10/10/2014,36400.0,36400
107,"United Road Towing, Inc.",Towing company,Warrant to purchase up to 607 shares,0,4/1/2010,0.0,0
108,Wash Multifamily Acquisition Inc. and Coinmatic Canada Inc.,Laundry service and equipment provider,"Second lien senior secured loan ($3,726 par due 5/2023)",8.00% (Libor + 7.00%/M),5/14/2015,3652.0,3726
109,Wash Multifamily Acquisition Inc. and Coinmatic Canada Inc.,Laundry service and equipment provider,"Second lien senior secured loan ($21,274 par due 5/2023)",8.00% (Libor + 7.00%/M),5/14/2015,20853.0,21274
110,"Feradyne Outdoors, LLC and Bowhunter Holdings, LLC",Provider of branded archery and bowhunting accessories,"First lien senior secured loan ($13,500 par due 3/2019)",4.00% (Libor + 3.00%/Q),4/24/2014,13500.0,13500
111,"Feradyne Outdoors, LLC and Bowhunter Holdings, LLC",Provider of branded archery and bowhunting accessories,"First lien senior secured loan ($25,500 par due 3/2019)",6.55% (Libor + 5.55%/Q),4/24/2014,25500.0,25500
112,"Feradyne Outdoors, LLC and Bowhunter Holdings, LLC",Provider of branded archery and bowhunting accessories,"First lien senior secured loan ($6,742 par due 3/2019)",4.00% (Libor + 3.00%/Q),4/24/2014,6742.0,6742
113,"Feradyne Outdoors, LLC and Bowhunter Holdings, LLC",Provider of branded archery and bowhunting accessories,"First lien senior secured loan ($50,100 par due 3/2019)",6.55% (Libor + 5.55%/Q),4/24/2014,50100.0,50100
114,"Feradyne Outdoors, LLC and Bowhunter Holdings, LLC",Provider of branded archery and bowhunting accessories,Common units (373 units),0,4/24/2014,3733.0,4228
115,"Implus Footcare, LLC",Provider of footwear and other accessories,"First lien senior secured loan ($20,000 par due 4/2021)",7.00% (Libor + 6.00%/Q),4/30/2015,19888.0,20000
116,Indra Holdings Corp.,"Designer, marketer, and distributor of rain and cold weather products","Second lien senior secured loan ($80,000 par due 11/2021)",8.50% (Libor + 7.50%/Q),5/1/2014,78900.0,76800
117,"Matrixx Initiatives, Inc. and Wonder Holdings Acquisition Corp.",Developer and marketer of OTC healthcare products,"Warrant to purchase up to 1,489 shares of preferred stock",0,7/27/2011,0.0,1289
118,"Matrixx Initiatives, Inc. and Wonder Holdings Acquisition Corp.",Developer and marketer of OTC healthcare products,"Warrant to purchase up to 1,654,678 shares of common stock",0,7/27/2011,0.0,86
119,"Oak Parent, Inc.",Manufacturer of athletic apparel,"First lien senior secured loan ($2,631 par due 4/2018)",7.50% (Libor + 7.00%/Q),4/2/2012,2627.0,2631
120,"Oak Parent, Inc.",Manufacturer of athletic apparel,"First lien senior secured loan ($8,377 par due 4/2018)",7.50% (Libor + 7.00%/Q),4/2/2012,8358.0,8377
121,"PG-ACP Co-Invest, LLC","Supplier of medical uniforms, specialized medical footwear and accessories","Class A membership units (1,000,0000 units)",0,8/29/2012,1000.0,1388
122,"Plantation Products, LLC, Seed Holdings, Inc. and Flora Parent, Inc.",Provider of branded lawn and garden products,"Second lien senior secured loan ($66,000 par due 6/2021)",9.94% (Libor + 8.94%/Q),12/23/2014,65651.0,66000
123,"Plantation Products, LLC, Seed Holdings, Inc. and Flora Parent, Inc.",Provider of branded lawn and garden products,"Common stock (30,000 shares)",0,12/23/2014,3000.0,3773
124,"Shock Doctor, Inc. and Shock Doctor Holdings, LLC (7)","Developer, marketer and distributor of sports protection equipment and accessories","Second lien senior secured loan ($75,000 par due 10/2021)",11.50% (Libor + 10.50%/Q),4/22/2015,75000.0,75000
125,"Shock Doctor, Inc. and Shock Doctor Holdings, LLC (7)","Developer, marketer and distributor of sports protection equipment and accessories","Class A preferred units (50,000 units)",0,3/14/2014,5000.0,5350
126,"Shock Doctor, Inc. and Shock Doctor Holdings, LLC (7)","Developer, marketer and distributor of sports protection equipment and accessories","Class C preferred units (50,000 units)",0,4/22/2015,5000.0,5350
127,The Hygenic Corporation,"Designer, manufacturer and marketer of branded wellness products","Second lien senior secured loan ($70,000 par due 4/2021)",9.75% (Libor + 8.75%/Q),2/27/2015,70000.0,70000
128,"The Step2 Company, LLC (8)",Toy manufacturer,"Second lien senior secured loan ($27,583 par due 9/2019)",10.00%,4/1/2010,27473.0,27583
129,"The Step2 Company, LLC (8)",Toy manufacturer,"Second lien senior secured loan ($4,500 par due 9/2019)",10.00%,3/13/2014,4500.0,4500
130,"The Step2 Company, LLC (8)",Toy manufacturer,"Second lien senior secured loan ($40,082 par due 9/2019)",0,4/1/2010,30802.0,12005
131,"The Step2 Company, LLC (8)",Toy manufacturer,"Common units (1,116,879 units)",0,4/1/2011,24.0,0
132,"The Step2 Company, LLC (8)",Toy manufacturer,"Class B common units (126,278,000 units)",0,10/30/2014,0.0,0
133,"The Step2 Company, LLC (8)",Toy manufacturer,"Warrant to purchase up to 3,157,895 units",0,4/1/2010,0.0,0
134,"Varsity Brands Holding Co., Inc., Hercules Achievement, Inc., Hercules Achievement Holdings, Inc. and Hercules VB Holdings, Inc.","Leading manufacturer and distributor of textiles, apparel & luxury goods","Second lien senior secured loan ($91,697 par due 12/2022)",9.75% (Libor + 8.75%/Q),12/11/2014,90843.0,91697
135,"Varsity Brands Holding Co., Inc., Hercules Achievement, Inc., Hercules Achievement Holdings, Inc. and Hercules VB Holdings, Inc.","Leading manufacturer and distributor of textiles, apparel & luxury goods","Second lien senior secured loan ($55,576 par due 12/2022)",9.75% (Libor + 8.75%/Q),12/11/2014,55056.0,55576
136,"Varsity Brands Holding Co., Inc., Hercules Achievement, Inc., Hercules Achievement Holdings, Inc. and Hercules VB Holdings, Inc.","Leading manufacturer and distributor of textiles, apparel & luxury goods","Common stock (3,353,371 shares)",0,12/11/2014,4147.0,4906
137,"Varsity Brands Holding Co., Inc., Hercules Achievement, Inc., Hercules Achievement Holdings, Inc. and Hercules VB Holdings, Inc.","Leading manufacturer and distributor of textiles, apparel & luxury goods","Common stock (3,353,371 shares)",0,12/11/2014,3353.0,3967
138,2329497 Ontario Inc. (9),Outsourced data center infrastructure and related services provider,"Second lien senior secured loan ($42,480 par due 6/2019)",10.50% (Libor + 9.25%/M),12/13/2013,43211.0,31705
139,"BlackArrow, Inc.",Advertising and data solutions software platform provider,"First lien senior secured loan ($6,545 par due 9/2017)",9.25%,3/13/2014,6402.0,6545
140,"BlackArrow, Inc.",Advertising and data solutions software platform provider,"Warrant to purchase up to 517,386 units of Series C preferred stock",0,3/13/2014,0.0,0
141,Brandtone Holdings Limited (9)(28),Mobile communications and marketing services provider,"First lien senior secured loan ($5,674 par due 11/2018)",9.50% (Libor + 8.50%/M),5/11/2015,5508.0,5674
142,Brandtone Holdings Limited (9)(28),Mobile communications and marketing services provider,"Warrant to purchase up to 115,002 units of Series Three participating convertible preferred ordinary shares",0,5/11/2015,0.0,1
143,"CallMiner, Inc.",Provider of cloud-based conversational analytics solutions,"First lien senior secured loan ($4,000 par due 5/2018)",10.00%,7/23/2014,3977.0,4000
144,"CallMiner, Inc.",Provider of cloud-based conversational analytics solutions,"First lien senior secured loan ($2,000 par due 9/2018)",10.00%,7/23/2014,1988.0,2000
145,"CallMiner, Inc.",Provider of cloud-based conversational analytics solutions,"Warrant to purchase up to 2,350,636 shares of Series 1 preferred stock",0,7/23/2014,0.0,0
146,"Cast & Crew Payroll, LLC and Centerstage Co-Investors, L.L.C. (7)",Payroll and accounting services provider to the entertainment industry,"First lien senior secured loan ($45,069 par due 10/2019)",7.00% (Libor + 6.00%/Q),12/24/2012,45069.0,45069
147,"Cast & Crew Payroll, LLC and Centerstage Co-Investors, L.L.C. (7)",Payroll and accounting services provider to the entertainment industry,"First lien senior secured loan ($41,813 par due 10/2019)",7.00% (Libor + 6.00%/Q),12/24/2012,41813.0,41813
148,"Cast & Crew Payroll, LLC and Centerstage Co-Investors, L.L.C. (7)",Payroll and accounting services provider to the entertainment industry,"Class A membership units (2,500,000 units)",0,12/24/2012,57.0,14687
149,"Cast & Crew Payroll, LLC and Centerstage Co-Investors, L.L.C. (7)",Payroll and accounting services provider to the entertainment industry,"Class B membership units (2,500,000 units)",0,12/24/2012,57.0,14687
150,"CIBT Investment Holdings, LLC",Expedited travel document processing services,"Class A shares (2,500 shares)",0,12/15/2011,2500.0,4411
151,"Command Alkon, Incorporated and CA Note Issuer, LLC",Software solutions provider to the ready-mix concrete industry,"Second lien senior secured loan ($10,000 par due 8/2020)",9.25% (Libor + 8.25%/Q),9/28/2012,10000.0,10000
152,"Command Alkon, Incorporated and CA Note Issuer, LLC",Software solutions provider to the ready-mix concrete industry,"Second lien senior secured loan ($26,500 par due 8/2020)",9.25% (Libor + 8.25%/Q),9/28/2012,26500.0,26500
153,"Command Alkon, Incorporated and CA Note Issuer, LLC",Software solutions provider to the ready-mix concrete industry,"Second lien senior secured loan ($11,500 par due 8/2020)",9.25% (Libor + 8.25%/Q),9/28/2012,11500.0,11500
154,"Command Alkon, Incorporated and CA Note Issuer, LLC",Software solutions provider to the ready-mix concrete industry,"Senior subordinated loan ($18,909 par due 8/2021)",14.00% PIK,8/8/2014,18909.0,18909
155,"Compuware Parent, LLC",Web and mobile cloud performance testing and monitoring services provider,"Class A-1 common stock (4,132 units)",0,12/15/2014,2250.0,2527
156,"Compuware Parent, LLC",Web and mobile cloud performance testing and monitoring services provider,"Class B-1 common stock (4,132 units)",0,12/15/2014,450.0,505
157,"Compuware Parent, LLC",Web and mobile cloud performance testing and monitoring services provider,"Class C-1 common stock (4,132 units)",0,12/15/2014,300.0,337
158,"Compuware Parent, LLC",Web and mobile cloud performance testing and monitoring services provider,"Class A-2 common stock (4,132 units)",0,12/15/2014,0.0,0
159,"Compuware Parent, LLC",Web and mobile cloud performance testing and monitoring services provider,"Class B-2 common stock (4,132 units)",0,12/15/2014,0.0,0
160,"Compuware Parent, LLC",Web and mobile cloud performance testing and monitoring services provider,"Class C-2 common stock (4,132 units)",0,12/15/2014,0.0,0
161,"Coverall North America, Inc.",Commercial janitorial services provider,Letter of credit facility,0,1/17/2013,0.0,0
162,"Directworks, Inc. and Co-Exprise Holdings, Inc. (28)",Provider of cloud-based software solutions for direct materials sourcing and supplier management for manufacturers,"First lien senior secured loan ($2,500 par due 4/2018)",10.25% (Libor + 9.25%/M),12/19/2014,2500.0,2500
163,"Directworks, Inc. and Co-Exprise Holdings, Inc. (28)",Provider of cloud-based software solutions for direct materials sourcing and supplier management for manufacturers,"Warrant to purchase up to 1,875,000 shares of Series 1 preferred stock",0,12/19/2014,0.0,0
164,"DTI Holdco, Inc. and OPE DTI Holdings, Inc.",Provider of legal process outsourcing and managed services,First lien senior secured loan ($995 par due 8/2020),5.75% (Libor + 4.75%/Q),8/19/2014,995.0,995
165,"DTI Holdco, Inc. and OPE DTI Holdings, Inc.",Provider of legal process outsourcing and managed services,"Class A common stock (7,500 shares)",0,8/19/2014,7500.0,8586
166,"DTI Holdco, Inc. and OPE DTI Holdings, Inc.",Provider of legal process outsourcing and managed services,"Class B common stock (7,500 shares)",0,8/19/2014,0.0,0
167,"EN Engineering, L.L.C (28)","National utility services firm providing engineering and consulting services to natural gas, electric power and other energy & industrial end markets","First lien senior secured loan ($75,000 par due 6/2021)",7.00% (Libor + 6.00%/Q),6/30/2015,74467.0,75000
168,"Faction Holdings, Inc. and The Faction Group LLC (fka PeakColo Holdings, Inc.) (28)",Wholesaler of cloud-based software applications and services,First lien senior secured revolving loan ($500 par due 10/2016),7.50% (Base + 4.25%/M),11/3/2014,500.0,500
169,"Faction Holdings, Inc. and The Faction Group LLC (fka PeakColo Holdings, Inc.) (28)",Wholesaler of cloud-based software applications and services,"First lien senior secured loan ($4,000 par due 11/2018)",9.75% (Libor + 8.75%/M),11/3/2014,3920.0,4000
170,"Faction Holdings, Inc. and The Faction Group LLC (fka PeakColo Holdings, Inc.) (28)",Wholesaler of cloud-based software applications and services,"Warrant to purchase up to 2,037 shares of Series A preferred stock",0,11/3/2014,93.0,93
171,"First Insight, Inc.",Software company providing merchandising and pricing solutions to companies worldwide,"First lien senior secured loan ($2,567 par due 4/2017)",9.50%,3/20/2014,2523.0,2567
172,"First Insight, Inc.",Software company providing merchandising and pricing solutions to companies worldwide,"Warrant to purchase up to 122,827 units of Series C preferred stock",0,3/20/2014,0.0,14
173,"HCPro, Inc. and HCP Acquisition Holdings, LLC (8)",Healthcare compliance advisory services,"Senior subordinated loan ($9,498 par due 5/2015)",0,3/5/2013,2691.0,0
174,"HCPro, Inc. and HCP Acquisition Holdings, LLC (8)",Healthcare compliance advisory services,"Class A units (14,293,110 units)",0,6/26/2008,12793.0,0
175,"iControl Networks, Inc. and uControl Acquisition, LLC",Software and services company for the connected home market,"Second lien senior secured loan ($20,000 par due 3/2019)",9.50% (Libor + 8.50%/Q),2/19/2015,19633.0,20075
176,"iControl Networks, Inc. and uControl Acquisition, LLC",Software and services company for the connected home market,"Warrant to purchase up to 385,616 shares of Series D preferred stock",0,2/19/2015,0.0,173
177,IfByPhone Inc.,Voice-based marketing automation software provider,"Warrant to purchase up to 124,300 shares of Series C preferred stock",0,10/15/2012,88.0,71
178,Interactions Corporation,Developer of a speech recognition software based customer interaction system,"First lien senior secured loan ($2,500 par due 7/2019)",9.85% (Libor + 8.85%/Q),6/16/2015,2153.0,2475
179,Interactions Corporation,Developer of a speech recognition software based customer interaction system,"First lien senior secured loan ($22,500 par due 7/2019)",9.85% (Libor + 8.85%/Q),6/16/2015,22106.0,22275
180,Interactions Corporation,Developer of a speech recognition software based customer interaction system,"Warrant to purchase up to 68,187 shares of Series G-3 convertible preferred stock",0,6/16/2015,303.0,303
181,"Investor Group Services, LLC (7)",Business consulting for private equity and corporate clients,Limited liability company membership interest (5.17% interest),0,6/22/2006,0.0,382
182,"IronPlanet, Inc. (28)",Online auction platform provider for used heavy equipment,First lien senior secured revolving loan,0,9/24/2013,0.0,0
183,"IronPlanet, Inc. (28)",Online auction platform provider for used heavy equipment,"Warrant to purchase to up to 133,333 shares of Series C preferred stock",0,9/24/2013,214.0,203
184,"Itel Laboratories, Inc. (28)",Data services provider for building materials to property insurance industry,"Preferred units (1,798,391 units)",0,6/29/2012,1000.0,1146
185,"Market Track Holdings, LLC",Business media consulting services company,"Preferred stock (1,500 shares)",0,12/13/2013,1982.0,2004
186,"Market Track Holdings, LLC",Business media consulting services company,"Common stock (15,000 shares)",0,12/13/2013,1982.0,2027
187,"Maximus Holdings, LLC",Provider of software simulation tools and related services,"Warrant to purchase up to 1,050,013 shares of common stock",0,12/13/2013,0.0,0
188,"Multi-Ad Services, Inc. (7)",Marketing services and software provider,"Preferred units (1,725,280 units)",0,4/1/2010,788.0,2395
189,"Multi-Ad Services, Inc. (7)",Marketing services and software provider,"Common units (1,725,280 units)",0,4/1/2010,0.0,0
190,"MVL Group, Inc. (8)",Marketing research provider,Senior subordinated loan ($436 par due 7/2012),0,4/1/2010,226.0,226
191,"MVL Group, Inc. (8)",Marketing research provider,"Common stock (560,716 shares)",0,4/1/2010,0.0,0
192,"NAS, LLC, Nationwide Marketing Group, LLC and Nationwide Administrative Services, Inc.","Buying and marketing services organization for appliance, furniture and consumer electronics dealers","First lien senior secured loan ($7,500 par due 6/2021)",5.75% (Libor + 4.75%/Q),6/1/2015,7500.0,7500
193,"NAS, LLC, Nationwide Marketing Group, LLC and Nationwide Administrative Services, Inc.","Buying and marketing services organization for appliance, furniture and consumer electronics dealers","Second lien senior secured loan ($24,100 par due 12/2021)",9.75% (Libor + 8.75%/Q),6/1/2015,24100.0,24100
194,"PHL Investors, Inc., and PHL Holding Co. (8)",Mortgage services,Class A common stock (576 shares),0,7/31/2012,3768.0,0
195,Poplicus Incorporated,Business intelligence and market analytics platform provider,"First lien senior secured loan ($5,000 par due 7/2019)",8.50% (Libor + 7.50%/M),6/25/2015,4725.0,4850
196,Poplicus Incorporated,Business intelligence and market analytics platform provider,"Warrant to purchase up to 2,402,991 shares of Series C preferred stock",0,6/25/2015,125.0,125
197,"PowerPlan, Inc.",Fixed asset financial management software provider,"Second lien senior secured loan ($80,000 par due 2/2023)",10.75% (Libor + 9.75%/Q),2/23/2015,79270.0,80000
198,"PowerPlan, Inc.",Fixed asset financial management software provider,"Class A common stock (1,980 shares)",0,2/23/2015,1980.0,2386
199,"PowerPlan, Inc.",Fixed asset financial management software provider,"Class B common stock (989,011 shares)",0,2/23/2015,20.0,24
200,"Powersport Auctioneer Holdings, LLC",Powersport vehicle auction operator,"Common units (1,972 units)",0,3/2/2012,1000.0,881
201,R2 Acquisition Corp.,Marketing services,"Common stock (250,000 shares)",0,5/29/2007,250.0,177
202,Rocket Fuel Inc.,Provider of open and integrated software for digital marketing optimization,"Common stock (11,405 units)",0,9/9/2014,40.0,48
203,Ship Investor & Cy S.C.A. (9),Payment processing company,"Common stock (936,693 shares)",0,12/13/2013,1729.0,3454
204,"TraceLink, Inc. (28)",Supply chain management software provider for the pharmaceutical industry,"First lien senior secured loan ($4,500 par due 1/2019)",8.50% (Libor + 7.00%/M),1/2/2015,4399.0,4500
205,"TraceLink, Inc. (28)",Supply chain management software provider for the pharmaceutical industry,"Warrant to purchase up to 283,353 shares of Series A-2 preferred stock",0,1/2/2015,146.0,1040
206,Velocity Holdings Corp.,Hosted enterprise resource planning application management services provider,"Common units (1,713,546 units)",0,12/13/2013,4503.0,3049
207,"Alphabet Energy, Inc.",Technology developer to convert waste-heat into electricity,"First lien senior secured loan ($1,680 par due 7/2017)",9.50%,12/16/2013,1635.0,1680
208,"Alphabet Energy, Inc.",Technology developer to convert waste-heat into electricity,"First lien senior secured loan ($2,420 par due 7/2017)",9.62%,12/16/2013,2287.0,2420
209,"Alphabet Energy, Inc.",Technology developer to convert waste-heat into electricity,"Series B preferred stock (74,449 shares)",0,2/26/2014,250.0,403
210,"Alphabet Energy, Inc.",Technology developer to convert waste-heat into electricity,"Warrant to purchase up to 59,524 shares of Series B preferred stock",0,12/16/2013,146.0,123
211,Bicent (California) Holdings LLC,Gas turbine power generation facilities operator,"Senior subordinated loan ($49,550 par due 2/2021)",8.25% (Libor + 7.25%/Q),2/6/2014,49550.0,49550
212,"Brush Power, LLC",Gas turbine power generation facilities operator,First lien senior secured loan ($156 par due 8/2020),7.50% (Base Rate + 4.25%/Q),8/1/2013,156.0,156
213,"Brush Power, LLC",Gas turbine power generation facilities operator,"First lien senior secured loan ($58,440 par due 8/2020)",6.25% (Libor + 5.25%/Q),8/1/2013,58440.0,58440
214,"CPV Maryland Holding Company II, LLC",Gas turbine power generation facilities operator,"Senior subordinated loan ($43,907 par due 12/2020)","5.00% Cash, 5.00% PIK",8/8/2014,43907.0,43907
215,"CPV Maryland Holding Company II, LLC",Gas turbine power generation facilities operator,Warrant to purchase up to 4 units of common stock,0,8/8/2014,0.0,200
216,"DESRI VI Management Holdings, LLC",Wind power generation facility operator,"Senior subordinated loan ($26,500 par due 12/2021)",9.75%,12/24/2014,26500.0,26500
217,"DESRI VI Management Holdings, LLC",Wind power generation facility operator,Non-controlling units (10.0 units),0,12/24/2014,1483.0,1483
218,"DESRI Wind Development Acquisition Holdings, L.L.C",Wind and solar power generation facility operator,"Senior subordinated loan ($14,750 par due 8/2021)",9.25%,8/26/2014,14750.0,14750
219,"DESRI Wind Development Acquisition Holdings, L.L.C",Wind and solar power generation facility operator,Non-controlling units (7.5 units),0,8/26/2014,806.0,806
220,"Green Energy Partners, Stonewall LLC and Panda Stonewall Intermediate Holdings II LLC (28)",Gas turbine power generation facilities operator,"Senior subordinated loan ($84,244 par due 12/2021)","8.00% Cash, 5.25% PIK",11/13/2014,84244.0,84244
221,"Joule Unlimited Technologies, Inc. and Stichting Joule Global Foundation (28)",Renewable fuel and chemical production developer,"First lien senior secured loan ($10,000 par due 10/2018)",10.00% (Libor + 9.00%/M),3/31/2015,9860.0,10000
222,"Joule Unlimited Technologies, Inc. and Stichting Joule Global Foundation (28)",Renewable fuel and chemical production developer,"Warrant to purchase up to 32,051 shares of Series C-2 preferred stock",0,7/25/2013,0.0,35
223,"Kay Wind Holdings II, LLC",Wind power generation facility,"Senior subordinated loan ($28,760 par due 12/2015)",10.25%,3/31/2015,28621.0,28760
224,"La Paloma Generating Company, LLC","Natural gas fired, combined cycle plant operator","Second lien senior secured loan ($10,000 par due 2/2020)",9.25% (Libor + 8.25%/Q),2/20/2014,9685.0,8000
225,Moxie Liberty LLC,Gas turbine power generation facilities operator,"First lien senior secured loan ($35,000 par due 8/2020)",7.50% (Libor + 6.50%/Q),8/21/2013,34682.0,35000
226,Moxie Patriot LLC,Gas turbine power generation facilities operator,"First lien senior secured loan ($35,000 par due 12/2020)",6.75% (Libor + 5.75%/Q),12/19/2013,34692.0,35000
227,"Panda Sherman Power, LLC",Gas turbine power generation facilities operator,"First lien senior secured loan ($32,266 par due 9/2018)",9.00% (Libor + 7.50%/Q),9/14/2012,32266.0,32266
228,"Panda Temple Power II, LLC",Gas turbine power generation facilities operator,"First lien senior secured loan ($20,000 par due 4/2019)",7.25% (Libor + 6.00%/Q),4/3/2013,19869.0,19400
229,"Panda Temple Power, LLC",Gas turbine power generation facilities operator,"First lien senior secured loan ($24,938 par due 3/2022)",7.25% (Libor + 6.25%/Q),3/6/2015,23678.0,24189
230,PERC Holdings 1 LLC,"Operator of recycled energy, combined heat and power, and energy efficiency facilities","Class B common units (21,653,543 units)",0,10/20/2014,21654.0,21654
231,"AllBridge Financial, LLC (8)",Asset management services,Equity interests,0,4/1/2010,1140.0,7155
232,Callidus Capital Corporation (8),Asset management services,Common stock (100 shares),0,4/1/2010,3000.0,1678
233,Ciena Capital LLC (8)(28),Real estate and small business loan servicer,"First lien senior secured revolving loan ($14,000 par due 12/2016)",6.00%,11/29/2010,14000.0,14000
234,Ciena Capital LLC (8)(28),Real estate and small business loan servicer,First lien senior secured loan ($750 par due 12/2016),12.00%,11/29/2010,750.0,750
235,Ciena Capital LLC (8)(28),Real estate and small business loan servicer,"First lien senior secured loan ($7,500 par due 12/2016)",12.00%,11/29/2010,7500.0,7500
236,Ciena Capital LLC (8)(28),Real estate and small business loan servicer,"First lien senior secured loan ($3,750 par due 12/2016)",12.00%,11/29/2010,3750.0,3750
237,Ciena Capital LLC (8)(28),Real estate and small business loan servicer,Equity interests,0,11/29/2010,46374.0,24204
238,"Commercial Credit Group, Inc.",Commercial equipment finance and leasing company,"Senior subordinated loan ($28,000 par due 5/2018)",12.75%,5/10/2012,28000.0,28000
239,Gordian Acquisition Corp.,Financial services firm,Common stock (526 shares),0,11/30/2012,0.0,0
240,Imperial Capital Group LLC,Investment services,"Class A common units (17,307 units)",0,5/10/2007,9832.0,14208
241,Imperial Capital Group LLC,Investment services,"2006 Class B common units (5,670 units)",0,5/10/2007,2.0,3
242,Imperial Capital Group LLC,Investment services,2007 Class B common units (707 units),0,5/10/2007,0.0,0
243,"Ivy Hill Asset Management, L.P. (8)(10)",Asset management services,Member interest (100.00% interest),0,6/15/2009,170961.0,244492
244,"Javlin Three LLC, Javlin Four LLC, and Javlin Five LLC (10)(28)",Asset-backed financial services company,"First lien senior secured revolving loan ($49,600 par due 6/2017)",9.43% (Libor + 9.25%/M),6/24/2014,49600.0,49600
245,"LSQ Funding Group, L.C. and LM LSQ Investors LLC (10)(28)",Asset based lender,"Senior subordinated loan ($30,000 par due 6/2021)",10.50%,6/25/2015,30000.0,30000
246,"LSQ Funding Group, L.C. and LM LSQ Investors LLC (10)(28)",Asset based lender,"Membership units (3,000,000 units)",0,6/25/2015,3000.0,3000
247,Campus Management Corp. and Campus Management Acquisition Corp. (7),Education software developer,"Preferred stock (485,159 shares)",0,2/8/2008,10520.0,11487
248,"Infilaw Holding, LLC (28)",Operator of for-profit law schools,First lien senior secured revolving loan,0,8/25/2011,0.0,0
249,"Infilaw Holding, LLC (28)",Operator of for-profit law schools,"First lien senior secured loan ($6,430 par due 8/2016)",9.50% (Libor + 8.50%/Q),8/25/2011,6430.0,6430
250,"Infilaw Holding, LLC (28)",Operator of for-profit law schools,"Series A preferred units (124,890 units)",9.50% (Libor + 8.50%/Q),8/25/2011,124890.0,121143
251,"Infilaw Holding, LLC (28)",Operator of for-profit law schools,Series B preferred units (3.91 units),0,10/19/2012,9245.0,13827
252,"Instituto de Banca y Comercio, Inc. & Leeds IV Advisors, Inc.",Private school operator,"First lien senior secured loan ($61,187 par due 12/2016)",0,4/24/2013,52225.0,45156
253,"Instituto de Banca y Comercio, Inc. & Leeds IV Advisors, Inc.",Private school operator,"First lien senior secured loan ($1,996 par due 12/2016)",0,6/13/2014,1878.0,1473
254,"Instituto de Banca y Comercio, Inc. & Leeds IV Advisors, Inc.",Private school operator,"Series B preferred stock (1,750,000 shares)",0,8/5/2010,5000.0,0
255,"Instituto de Banca y Comercio, Inc. & Leeds IV Advisors, Inc.",Private school operator,"Series C preferred stock (2,512,586 shares)",0,6/7/2010,689.0,0
256,"Instituto de Banca y Comercio, Inc. & Leeds IV Advisors, Inc.",Private school operator,Common stock (20 shares),0,6/7/2010,0.0,0
257,"Lakeland Tours, LLC (28)",Educational travel provider,"First lien senior secured loan ($5,275 par due 6/2020)",5.00% (Libor + 4.00%/Q),6/9/2015,5274.0,5275
258,"Lakeland Tours, LLC (28)",Educational travel provider,"First lien senior secured loan ($49,295 par due 6/2020)",10.70% (Libor + 9.70%/Q),6/9/2015,49285.0,49295
259,"Lakeland Tours, LLC (28)",Educational travel provider,"First lien senior secured loan ($40,362 par due 6/2020)",10.70% (Libor + 9.70%/Q),6/9/2015,40319.0,40362
260,"Lakeland Tours, LLC (28)",Educational travel provider,"Common stock (5,000 shares)",0,10/4/2011,5000.0,5871
261,PIH Corporation (28),Franchisor of education-based early childhood centers,First lien senior secured revolving loan ($207 par due 6/2017),6.50% (Libor + 5.50%/M),12/13/2013,207.0,207
262,"R3 Education, Inc. and EIC Acquisitions Corp.",Medical school operator,"Preferred stock (1,977 shares)",0,7/30/2008,494.0,494
263,"R3 Education, Inc. and EIC Acquisitions Corp.",Medical school operator,Common membership interest (15.76% interest),0,9/21/2007,15800.0,23815
264,"R3 Education, Inc. and EIC Acquisitions Corp.",Medical school operator,"Warrant to purchase up to 27,890 shares",0,12/8/2009,0.0,0
265,"Regent Education, Inc. (28)",Provider of software solutions designed to optimize the financial aid and enrollment processes,"First lien senior secured revolving loan ($1,000 par due 7/2016)",7.75% (Base Rate + 4.50%/M),7/1/2014,1000.0,1000
266,"Regent Education, Inc. (28)",Provider of software solutions designed to optimize the financial aid and enrollment processes,"First lien senior secured loan ($3,000 par due 1/2018)",10.00%,7/1/2014,2945.0,3000
267,"Regent Education, Inc. (28)",Provider of software solutions designed to optimize the financial aid and enrollment processes,"Warrant to purchase up to 987,771 shares of Series CC preferred stock",0,7/1/2014,0.0,69
268,"RuffaloCODY, LLC (28)",Provider of student fundraising and enrollment management services,"First lien senior secured revolving loan ($1,498 par due 5/2019)",6.50% (Base + 3.25%/Q),5/29/2013,1498.0,1483
269,"WCI-Quantum Holdings, Inc.","Distributor of instructional products, services and resources","Series A preferred stock (1,272 shares)",0,10/24/2014,1000.0,1090
270,"ADF Capital, Inc., ADF Restaurant Group, LLC, and ARG Restaurant Holdings, Inc.",Restaurant owner and operator,"First lien senior secured loan ($28,581 par due 12/2018)",9.25% (Libor + 8.25%/Q),11/27/2006,28581.0,24866
271,"ADF Capital, Inc., ADF Restaurant Group, LLC, and ARG Restaurant Holdings, Inc.",Restaurant owner and operator,"First lien senior secured loan ($10,919 par due 12/2018)",9.25% (Libor + 8.25%/Q),11/27/2006,10922.0,9499
272,"ADF Capital, Inc., ADF Restaurant Group, LLC, and ARG Restaurant Holdings, Inc.",Restaurant owner and operator,"Promissory note ($20,413 par due 12/2023)",0,11/27/2006,13770.0,0
273,"ADF Capital, Inc., ADF Restaurant Group, LLC, and ARG Restaurant Holdings, Inc.",Restaurant owner and operator,"Warrant to purchase up to 23,750 units of Series D common stock",0,12/18/2013,24.0,0
274,"Benihana, Inc. (28)",Restaurant owner and operator,First lien senior secured revolving loan ($323 par due 7/2018),8.00% (Base Rate + 4.75%/Q),8/21/2012,323.0,310
275,"Benihana, Inc. (28)",Restaurant owner and operator,"First lien senior secured loan ($4,863 par due 1/2019)",7.25% (Libor + 6.00%/Q),8/21/2012,4863.0,4669
276,"DineInFresh, Inc.",Meal-delivery provider,"First lien senior secured loan ($7,500 par due 7/2018)",9.75% (Libor + 8.75%/M),12/19/2014,7432.0,7500
277,"DineInFresh, Inc.",Meal-delivery provider,"Warrant to purchase up to 143,079 shares of Series A preferred stock",0,12/19/2014,0.0,3
278,Garden Fresh Restaurant Corp. (28),Restaurant owner and operator,"First lien senior secured revolving loan ($1,100 par due 7/2018)",10.50% (Libor + 9.00%/M),10/3/2013,1100.0,1100
279,Garden Fresh Restaurant Corp. (28),Restaurant owner and operator,"First lien senior secured loan ($41,453 par due 7/2018)",10.50% (Libor + 9.00%/M),10/3/2013,41453.0,41453
280,"Global Franchise Group, LLC and GFG Intermediate Holding, Inc.",Worldwide franchisor of quick service restaurants,"First lien senior secured loan ($62,500 par due 12/2019)",10.55% (Libor + 9.55%/Q),12/18/2014,62500.0,62500
281,"Hojeij Branded Foods, Inc. (28)",Airport restaurant operator,"First lien senior secured revolving loan ($2,350 par due 2/2017)",9.00% (Libor + 8.00%/Q),2/15/2012,2350.0,2350
282,"Hojeij Branded Foods, Inc. (28)",Airport restaurant operator,"First lien senior secured loan ($9,661 par due 2/2017)",9.00% (Libor + 8.00%/Q),2/15/2012,9661.0,9661
283,"Hojeij Branded Foods, Inc. (28)",Airport restaurant operator,"First lien senior secured loan ($14,083 par due 2/2017)",9.00% (Libor + 8.00%/Q),2/15/2012,14083.0,14083
284,"Hojeij Branded Foods, Inc. (28)",Airport restaurant operator,"First lien senior secured loan ($14,083 par due 2/2017)",9.00% (Libor + 8.00%/Q),2/15/2012,13855.0,14083
285,"Hojeij Branded Foods, Inc. (28)",Airport restaurant operator,Warrant to purchase up to 7.5% of membership interest,0,2/15/2012,0.0,543
286,"Hojeij Branded Foods, Inc. (28)",Airport restaurant operator,Warrant to purchase up to 324 shares of Class A common stock,0,2/15/2012,669.0,7822
287,"Orion Foods, LLC (8)",Convenience food service retailer,"First lien senior secured loan ($7,536 par due 9/2015)",0,4/1/2010,7536.0,1967
288,"Orion Foods, LLC (8)",Convenience food service retailer,"Second lien senior secured loan ($19,420 par due 9/2015)",0,4/1/2010,0.0,0
289,"Orion Foods, LLC (8)",Convenience food service retailer,"Preferred units (10,000 units)",0,10/28/2010,0.0,0
290,"Orion Foods, LLC (8)",Convenience food service retailer,"Class A common units (25,001 units)",0,4/1/2010,0.0,0
291,"Orion Foods, LLC (8)",Convenience food service retailer,"Class B common units (1,122,452 units)",0,4/1/2010,0.0,0
292,"OTG Management, LLC (28)",Airport restaurant operator,"First lien senior secured revolving loan ($2,500 par due 12/2017)",8.75% (Libor + 7.25%/M),12/11/2012,2500.0,2500
293,"OTG Management, LLC (28)",Airport restaurant operator,First lien senior secured loan ($6.250 par due 12/2017),8.75% (Libor + 7.25%/Q),12/11/2012,6250.0,6250
294,"OTG Management, LLC (28)",Airport restaurant operator,"First lien senior secured loan ($15,425 par due 12/2017)",8.75% (Libor + 7.25%/Q),12/11/2012,15425.0,15425
295,"OTG Management, LLC (28)",Airport restaurant operator,"First lien senior secured loan ($24,688 par due 12/2017)",8.75% (Libor + 7.25%/Q),12/11/2012,24688.0,24688
296,"OTG Management, LLC (28)",Airport restaurant operator,"Common units (3,000,000 units)",0,1/5/2011,3000.0,3149
297,"OTG Management, LLC (28)",Airport restaurant operator,Warrant to purchase up to 7.73% of common units,0,6/19/2008,100.0,6283
298,"Restaurant Holding Company, LLC",Fast food restaurant operator,"First lien senior secured loan ($37,125 par due 2/2019)",8.75% (Libor + 7.75%/M),3/13/2014,36849.0,34155
299,Wellspring Distribution Corp,Food service distributor,"Class A non-voting common stock (1,366,120 shares)",0,5/3/2008,6303.0,10537
300,Cambrios Technologies Corporation,Nanotechnology-based solutions for electronic devices and computers,First lien senior secured loan ($303 par due 8/2015),12.00%,8/7/2012,303.0,303
301,Cambrios Technologies Corporation,Nanotechnology-based solutions for electronic devices and computers,"Warrant to purchase up to 400,000 shares of Series D-4 convertible preferred stock",0,8/7/2012,0.0,13
302,"Component Hardware Group, Inc. (28)",Commercial equipment,"First lien senior secured revolving loan ($2,241 par due 7/2019)",5.50% (Libor + 4.50%/M),7/1/2013,2241.0,2241
303,"Component Hardware Group, Inc. (28)",Commercial equipment,"First lien senior secured loan ($8,103 par due 7/2019)",5.50% (Libor + 4.50%/M),7/1/2013,8103.0,8103
304,"Harvey Tool Company, LLC and Harvey Tool Holding, LLC (28)",Cutting tool provider to the metalworking industry,Class A membership units (750 units),0,3/28/2014,750.0,1100
305,"Ioxus, Inc.",Energy storage devices,"First lien senior secured loan ($10,000 par due 11/2017)",11.00%,4/29/2014,9731.0,8500
306,"Ioxus, Inc.",Energy storage devices,"Warrant to purchase up to 717,751 shares of Series AA preferred stock",0,4/29/2014,0.0,0
307,Mac Lean-Fogg Company,Intelligent transportation systems products in the traffic and rail industries,"Senior subordinated loan ($102,521 par due 10/2023)","9.50% Cash, 1.50% PIK",10/31/2013,102521.0,102521
308,"MWI Holdings, Inc.","Engineered springs, fasteners, and other precision components","First lien senior secured loan ($28,274 par due 3/2019)",9.38% (Libor + 8.13%/Q),6/15/2011,28274.0,28274
309,"MWI Holdings, Inc.","Engineered springs, fasteners, and other precision components","First lien senior secured loan ($20,000 par due 3/2019)",9.38% (Libor + 8.13%/Q),6/15/2011,20000.0,20000
310,Niagara Fiber Intermediate Corp. (28),Insoluble fiber filler products,"First lien senior secured revolving loan ($1,881 par due 5/2018)",6.75% (Libor + 5.50%/M),5/8/2014,1867.0,1712
311,Niagara Fiber Intermediate Corp. (28),Insoluble fiber filler products,"First lien senior secured loan ($15,271 par due 5/2018)",6.75% (Libor + 5.50%/M),5/8/2014,15161.0,13897
312,"Pelican Products, Inc.",Flashlights,"Second lien senior secured loan ($40,000 par due 4/2021)",9.25% (Libor + 8.25%/Q),4/11/2014,39951.0,40000
313,Saw Mill PCG Partners LLC,Metal precision engineered components,"Common units (1,000 units)",0,1/30/2007,1000.0,0
314,"SI Holdings, Inc.","Elastomeric parts, mid-sized composite structures, and composite tooling","Common stock (1,500 shares)",0,5/30/2014,1500.0,1449
315,TPTM Merger Corp. (28),Time temperature indicator products,First lien senior secured revolving loan ($750 par due 9/2018),7.25% (Libor + 6.25%/Q),9/12/2013,750.0,750
316,TPTM Merger Corp. (28),Time temperature indicator products,"First lien senior secured loan ($32,000 par due 9/2018)",9.42% (Libor + 8.42%/Q),9/12/2013,32000.0,32000
317,"Charter NEX US Holdings, Inc.",Producer of high-performance specialty films used in flexible packaging,"Second lien senior secured loan ($16,000 par due 2/2023)",9.25% (Libor + 8.25%/Q),2/5/2015,15772.0,16000
318,"GS Pretium Holdings, Inc.",Manufacturer and supplier of high performance plastic containers,"Common stock (500,000 shares)",0,6/2/2014,500.0,428
319,"ICSH, Inc. (28)","Industrial container manufacturer, reconditioner and servicer",First lien senior secured revolving loan,0,8/31/2011,0.0,0
320,"ICSH, Inc. (28)","Industrial container manufacturer, reconditioner and servicer","First lien senior secured loan ($25,538 par due 8/2016)",6.75% (Libor + 5.75%/Q),8/31/2011,25538.0,25538
321,"ICSH, Inc. (28)","Industrial container manufacturer, reconditioner and servicer","First lien senior secured loan ($53,233 par due 8/2016)",6.75% (Libor + 5.75%/Q),8/31/2011,53233.0,53233
322,"ICSH, Inc. (28)","Industrial container manufacturer, reconditioner and servicer","First lien senior secured loan ($12,649 par due 8/2016)",6.75% (Libor + 5.75%/Q),8/31/2011,12641.0,12649
323,"Microstar Logistics LLC, Microstar Global Asset Management LLC, and MStar Holding Corporation",Keg management solutions provider,"Second lien senior secured loan ($142,500 par due 12/2018)",8.50% (Libor + 7.50%/Q),12/14/2012,142500.0,142500
324,"Microstar Logistics LLC, Microstar Global Asset Management LLC, and MStar Holding Corporation",Keg management solutions provider,"Common stock (50,000 shares)",0,12/14/2012,3951.0,5804
325,"Lonestar Prospects, Ltd.",Sand proppant producer and distributor to the oil and natural gas industry,"First lien senior secured loan ($75,562 par due 9/2018)","8.50% (Libor + 6.50% Cash, 1.00% PIK/Q)",9/18/2014,75562.0,74051
326,Petroflow Energy Corporation,Oil and gas exploration and production company,"First lien senior secured loan ($51,923 par due 7/2017)","12.00% (Libor + 8.00% Cash, 3.00% PIK/Q)",7/31/2014,50942.0,45693
327,"UL Holding Co., LLC and Universal Lubricants, LLC (7)",Manufacturer and distributor of re-refined oil products,"Second lien senior secured loan ($11,374 par due 12/2016)",0,4/30/2012,8717.0,8538
328,"UL Holding Co., LLC and Universal Lubricants, LLC (7)",Manufacturer and distributor of re-refined oil products,"Second lien senior secured loan ($48,239 par due 12/2016)",0,4/30/2012,37043.0,36212
329,"UL Holding Co., LLC and Universal Lubricants, LLC (7)",Manufacturer and distributor of re-refined oil products,"Second lien senior secured loan ($5,613 par due 12/2016)",0,4/30/2012,4272.0,4213
330,"UL Holding Co., LLC and Universal Lubricants, LLC (7)",Manufacturer and distributor of re-refined oil products,"Class A common units (533,351 units)",0,6/17/2011,4993.0,0
331,"UL Holding Co., LLC and Universal Lubricants, LLC (7)",Manufacturer and distributor of re-refined oil products,"Class B-5 common units (272,834 units)",0,6/17/2011,2492.0,0
332,"UL Holding Co., LLC and Universal Lubricants, LLC (7)",Manufacturer and distributor of re-refined oil products,"Class C common units (758,546 units)",0,4/25/2008,0.0,0
333,"UL Holding Co., LLC and Universal Lubricants, LLC (7)",Manufacturer and distributor of re-refined oil products,"Warrant to purchase up to 559,256 shares of Class A units",0,5/2/2014,0.0,0
334,"UL Holding Co., LLC and Universal Lubricants, LLC (7)",Manufacturer and distributor of re-refined oil products,"Warrant to purchase up to 22,293 shares of Class B-1 units",0,5/2/2014,0.0,0
335,"UL Holding Co., LLC and Universal Lubricants, LLC (7)",Manufacturer and distributor of re-refined oil products,"Warrant to purchase up to 44,586 shares of Class B-2 units",0,5/2/2014,0.0,0
336,"UL Holding Co., LLC and Universal Lubricants, LLC (7)",Manufacturer and distributor of re-refined oil products,"Warrant to purchase up to 23,057 shares of Class B-3 units",0,5/2/2014,0.0,0
337,"UL Holding Co., LLC and Universal Lubricants, LLC (7)",Manufacturer and distributor of re-refined oil products,"Warrant to purchase up to 62,511 shares of Class B-5 units",0,5/2/2014,0.0,0
338,"UL Holding Co., LLC and Universal Lubricants, LLC (7)",Manufacturer and distributor of re-refined oil products,"Warrant to purchase up to 46,398 shares of Class B-6 units",0,5/2/2014,0.0,0
339,"UL Holding Co., LLC and Universal Lubricants, LLC (7)",Manufacturer and distributor of re-refined oil products,"Warrant to purchase up to 814,110 shares of Class C units",0,5/2/2014,0.0,0
340,"ChargePoint, Inc. (28)",Developer and operator of electric vehicle charging stations,"First lien senior secured loan ($10,000 par due 1/2019)",9.75% (Libor + 8.75%/M),12/24/2014,9520.0,10000
341,"ChargePoint, Inc. (28)",Developer and operator of electric vehicle charging stations,"Warrant to purchase up to 404,563 shares of Series E preferred stock",0,12/24/2014,327.0,327
342,"Dent Wizard International Corporation and DWH Equity Investors, L.P.",Automotive reconditioning services,"Second lien senior secured loan ($50,000 par due 10/2020)",10.25% (Libor + 9.25%/Q),4/7/2015,50000.0,50000
343,"Dent Wizard International Corporation and DWH Equity Investors, L.P.",Automotive reconditioning services,"Class A common stock (10,000 shares)",0,4/7/2015,333.0,333
344,"Dent Wizard International Corporation and DWH Equity Investors, L.P.",Automotive reconditioning services,"Class B common stock (20,000 shares)",0,4/7/2015,667.0,667
345,"Eckler Industries, Inc. (28)",Restoration parts and accessories provider for classic automobiles,"First lien senior secured revolving loan ($4,800 par due 7/2017)",10.25% (Base Rate + 7.00%/Q),7/12/2012,4800.0,4560
346,"Eckler Industries, Inc. (28)",Restoration parts and accessories provider for classic automobiles,"First lien senior secured loan ($7,878 par due 7/2017)",10.25% (Base Rate + 7.00%/M),7/12/2012,7878.0,7484
347,"Eckler Industries, Inc. (28)",Restoration parts and accessories provider for classic automobiles,"First lien senior secured loan ($29,638 par due 7/2017)",10.25% (Base Rate + 7.00%/M),7/12/2012,29638.0,28156
348,"Eckler Industries, Inc. (28)",Restoration parts and accessories provider for classic automobiles,"Series A preferred stock (1,800 shares)",0,7/12/2012,1800.0,0
349,"Eckler Industries, Inc. (28)",Restoration parts and accessories provider for classic automobiles,"Common stock (20,000 shares)",0,7/12/2012,200.0,0
350,"EcoMotors, Inc.",Engine developer,"First lien senior secured loan ($3,636 par due 01/2017)",10.83%,12/28/2012,3590.0,3600
351,"EcoMotors, Inc.",Engine developer,"First lien senior secured loan ($4,394 par due 6/2017)",10.83%,12/28/2012,4320.0,4350
352,"EcoMotors, Inc.",Engine developer,"First lien senior secured loan ($3,000 par due 7/2016)",10.13%,12/28/2012,2974.0,2970
353,"EcoMotors, Inc.",Engine developer,"Warrant to purchase up to 321,888 shares of Series C preferred stock",0,12/28/2012,0.0,157
354,"EcoMotors, Inc.",Engine developer,"Warrant to purchase up to 70,000 shares of Series C preferred stock",0,2/24/2015,0.0,0
355,"Simpson Performance Products, Inc.",Provider of motorsports safety equipment,"First lien senior secured loan ($19,500 par due 2/2020)",9.80% (Libor + 8.80%/Q),2/20/2015,19500.0,19500
356,"SK SPV IV, LLC",Collision repair site operators,"Series A common stock (12,500 units)",0,8/18/2014,583.0,2908
357,"SK SPV IV, LLC",Collision repair site operators,"Series B common stock (12,500 units)",0,8/18/2014,583.0,2908
358,"TA THI Buyer, Inc. and TA THI Parent, Inc.",Collision repair company,"First lien senior secured loan ($4,000 par due 7/2020)",7.75% (Base Rate + 4.50%/Q),4/24/2015,4000.0,4000
359,"TA THI Buyer, Inc. and TA THI Parent, Inc.",Collision repair company,"Series A preferred stock (50,000 shares)",0,7/28/2014,5000.0,7714
360,"Cadence Aerospace, LLC",Aerospace precision components manufacturer,"First lien senior secured loan ($4,331 par due 5/2018)",6.50% (Libor + 5.25%/Q),5/15/2012,4310.0,4331
361,"Cadence Aerospace, LLC",Aerospace precision components manufacturer,"Second lien senior secured loan ($79,657 par due 5/2019)",10.50% (Libor + 9.25%/Q),5/10/2012,79657.0,78064
362,"ILC Industries, LLC",Designer and manufacturer of protective cases and technologically advanced lighting systems,"Second lien senior secured loan ($40,000 par due 7/2021)",9.50% (Libor + 8.50%/Q),7/15/2014,40000.0,40000
363,"Wyle Laboratories, Inc. and Wyle Holdings, Inc.","Provider of specialized engineering, scientific and technical services",Senior preferred stock (775 shares),8.00% PIK,1/17/2008,125.0,124
364,"Wyle Laboratories, Inc. and Wyle Holdings, Inc.","Provider of specialized engineering, scientific and technical services","Common stock (1,885,195 shares)",0,1/17/2008,2291.0,2260
365,Fulton Holdings Corp.,Airport restaurant operator,"First lien senior secured loan ($43,000 par due 5/2018)",8.50%,5/10/2013,43000.0,43000
366,Fulton Holdings Corp.,Airport restaurant operator,"First lien senior secured loan ($40,000 par due 5/2018)",8.50%,5/28/2010,40000.0,40000
367,Fulton Holdings Corp.,Airport restaurant operator,"Common stock (19,672 shares)",0,5/28/2010,1461.0,3881
368,"Paper Source, Inc. and Pine Holdings, Inc. (28)",Retailer of fine and artisanal paper products,"First lien senior secured loan ($9,850 par due 9/2018)",7.25% (Libor + 6.25%/Q),9/23/2013,9850.0,9850
369,"Paper Source, Inc. and Pine Holdings, Inc. (28)",Retailer of fine and artisanal paper products,"Class A common stock (36,364 shares)",0,9/23/2013,6000.0,7575
370,"Things Remembered, Inc. and TRM Holdings Corporation (28)",Personalized gifts retailer,"First lien senior secured loan ($13,173 par due 5/2018)",8.25% (Libor + 6.75%/Q),5/24/2012,13173.0,11197
371,"10th Street, LLC and New 10th Street, LLC (8)",Real estate holding company,"First lien senior secured loan ($25,192 par due 11/2019)","7.00% Cash, 1.00% PIK",3/31/2014,25192.0,25192
372,"10th Street, LLC and New 10th Street, LLC (8)",Real estate holding company,"Senior subordinated loan ($27,099 par due 11/2019)","7.00% Cash, 1.00% PIK",4/1/2010,27099.0,27099
373,"10th Street, LLC and New 10th Street, LLC (8)",Real estate holding company,Member interest (10.00% interest),0,4/1/2010,594.0,49537
374,"10th Street, LLC and New 10th Street, LLC (8)",Real estate holding company,"Option (25,000 units)",0,4/1/2010,25.0,25
375,"Cleveland East Equity, LLC",Hotel operator,Real estate equity interests,0,4/1/2010,0.0,3168
376,"Commons R-3, LLC",Real estate developer,Real estate equity interests,0,4/1/2010,0.0,0
377,"Crescent Hotels & Resorts, LLC and affiliates (8)",Hotel operator,"Senior subordinated loan ($2,236 par due 9/2011)",15.00%,4/1/2010,0.0,0
378,"Crescent Hotels & Resorts, LLC and affiliates (8)",Hotel operator,Common equity interest,0,4/1/2010,0.0,0
379,"NPH, Inc.",Hotel property,Real estate equity interests,0,4/1/2010,1691.0,1632
380,"Genomatica, Inc.",Developer of a biotechnology platform for the production of chemical products,"Warrant to purchase 322,422 shares of Series D preferred stock",0,3/28/2013,0.0,6
381,"K2 Pure Solutions Nocal, L.P. (28)",Chemical producer,"First lien senior secured revolving loan ($3,756 par due 8/2019)",9.13% (Libor + 8.13%/M),8/19/2013,3756.0,3681
382,"K2 Pure Solutions Nocal, L.P. (28)",Chemical producer,"First lien senior secured revolving loan ($1,244 par due 8/2019)",10.38% (Base Rate + 7.38%/Q),8/19/2013,1244.0,1219
383,"K2 Pure Solutions Nocal, L.P. (28)",Chemical producer,"First lien senior secured loan ($20,962 par due 8/2019)",8.00% (Libor + 7.00%/M),8/19/2013,20962.0,20543
384,"K2 Pure Solutions Nocal, L.P. (28)",Chemical producer,"First lien senior secured loan ($39,000 par due 8/2019)",8.00% (Libor + 7.00%/M),8/19/2013,39000.0,38220
385,"K2 Pure Solutions Nocal, L.P. (28)",Chemical producer,"First lien senior secured loan ($19,500 par due 8/2019)",8.00% (Libor + 7.00%/M),8/19/2013,19500.0,19110
386,"Kinestral Technologies, Inc.","Designer of adaptive, dynamic glass for the commercial and residential markets","First lien senior secured loan ($10,000 par due 10/2018)",8.75% (Libor + 7.75%/M),4/22/2014,9831.0,10000
387,"Kinestral Technologies, Inc.","Designer of adaptive, dynamic glass for the commercial and residential markets","Warrant to purchase up to 325,000 shares of Series A preferred stock",0,4/22/2014,73.0,93
388,"Kinestral Technologies, Inc.","Designer of adaptive, dynamic glass for the commercial and residential markets","Warrant to purchase up to 131,883 shares of Series B preferred stock",0,4/9/2015,0.0,38
389,"Liquid Light, Inc.",Developer and licensor of process technology for the conversion of carbon dioxide into major chemicals,"First lien senior secured loan ($3,000 par due 11/2017)",10.00%,8/13/2014,2943.0,3000
390,"Liquid Light, Inc.",Developer and licensor of process technology for the conversion of carbon dioxide into major chemicals,"Warrant to purchase up to 86,009 shares of Series B preferred stock",0,8/13/2014,77.0,74
391,"RE Community Holdings II, Inc., Pegasus Community Energy, LLC., and MPH Energy Holdings, LP",Operator of municipal recycling facilities,"Preferred stock (1,000 shares)",0,3/1/2011,8839.0,0
392,"RE Community Holdings II, Inc., Pegasus Community Energy, LLC., and MPH Energy Holdings, LP",Operator of municipal recycling facilities,Limited partnership interest (3.13% interest),0,1/8/2014,0.0,0
393,"Waste Pro USA, Inc",Waste management services,"Second lien senior secured loan ($77,112 par due 10/2020)",8.50% (Libor + 7.50%/Q),10/15/2014,77112.0,77112
394,Castle Management Borrower LLC,Hotel operator,"First lien senior secured loan ($5,970 par due 9/2020)",5.50% (Libor + 4.50%/Q),10/17/2014,5970.0,5970
395,Castle Management Borrower LLC,Hotel operator,"Second lien senior secured loan ($55,000 par due 3/2021)",11.00% (Libor + 10.00%/Q),10/17/2014,55000.0,55000
396,Castle Management Borrower LLC,Hotel operator,"Second lien senior secured loan ($10,000 par due 3/2021)",11.00% (Libor + 10.00%/Q),10/17/2014,10000.0,10000
397,"Athletic Club Holdings, Inc. (28)",Premier health club operator,"First lien senior secured loan ($41,000 par due 10/2020)",9.50% (Libor + 8.50%/M),10/11/2007,41000.0,41000
398,"CFW Co-Invest, L.P., NCP Curves, L.P. and Curves International Holdings, Inc.",Health club franchisor,"Limited partnership interest (4,152,165 shares)",0,7/31/2012,4152.0,3887
399,"CFW Co-Invest, L.P., NCP Curves, L.P. and Curves International Holdings, Inc.",Health club franchisor,"Limited partnership interest (2,218,235 shares)",0,7/31/2012,2218.0,2077
400,"CFW Co-Invest, L.P., NCP Curves, L.P. and Curves International Holdings, Inc.",Health club franchisor,"Common stock (1,680 shares)",0,11/12/2014,0.0,0
401,"Batanga, Inc. (28)",Independent digital media company,"First lien senior secured revolving loan ($3,000 par due 12/2015)",10.00%,10/31/2012,3000.0,3000
402,"Batanga, Inc. (28)",Independent digital media company,"First lien senior secured loan ($6,590 par due 6/2017)",10.60%,10/31/2012,6590.0,6650
403,"Earthcolor Group, LLC",Printing management services,Limited liability company interests (9.30)%,0,5/18/2012,0.0,0
404,"The Teaching Company, LLC and The Teaching Company Holdings, Inc.",Education publications provider,"First lien senior secured loan ($20,237 par due 3/2017)",9.00% (Libor + 7.50%/Q),3/6/2011,20237.0,20237
405,"The Teaching Company, LLC and The Teaching Company Holdings, Inc.",Education publications provider,"First lien senior secured loan ($9,399 par due 3/2017)",9.00% (Libor + 7.50%/Q),3/6/2011,9399.0,9399
406,"The Teaching Company, LLC and The Teaching Company Holdings, Inc.",Education publications provider,"Preferred stock (10,663 shares)",0,9/29/2006,1066.0,3402
407,"The Teaching Company, LLC and The Teaching Company Holdings, Inc.",Education publications provider,"Common stock (15,393 shares)",0,9/29/2006,3.0,8
408,"Flow Solutions Holdings, Inc. (28)","Distributor of high value fluid handling, filtration and flow control products","Second lien senior secured loan ($5,000 par due 10/2018)",10.00% (Libor + 9.00%/M),12/16/2014,5000.0,5000
409,"Flow Solutions Holdings, Inc. (28)","Distributor of high value fluid handling, filtration and flow control products","Second lien senior secured loan ($29,500 par due 10/2018)",10.00% (Libor + 9.00%/M),12/16/2014,29500.0,29500
410,Adaptive Mobile Security Limited (9),Developer of security software for mobile communications networks,"First lien senior secured loan ($3,765 par due 7/2018)",10.00% (Libor + 9.00%/M),1/16/2015,3698.0,3676
411,Adaptive Mobile Security Limited (9),Developer of security software for mobile communications networks,First lien senior secured loan ($810 par due 7/2018),10.00% (Libor + 9.00%/M),1/16/2015,852.0,786
412,"American Broadband Communications, LLC, American Broadband Holding Company, and Cameron Holdings of NC, Inc.",Broadband communication services,Warrant to purchase up to 208 shares,0,11/7/2007,0.0,7000
413,"American Broadband Communications, LLC, American Broadband Holding Company, and Cameron Holdings of NC, Inc.",Broadband communication services,Warrant to purchase up to 200 shares,0,9/1/2010,0.0,7000
414,"Startec Equity, LLC (8)",Communication services,Member interest,0,4/1/2010,0.0,0
415,Wilcon Holdings LLC,Communications infrastructure provider,"Class A common stock (2,000,000 shares)",0,12/13/2013,1829.0,2255
416,"Everspin Technologies, Inc. (28)",Designer and manufacturer of computer memory solutions,"First lien senior secured loan ($8,000 par due 6/2019)",8.75% (Libor + 7.75%/M),6/5/2015,7465.0,7760
417,"Everspin Technologies, Inc. (28)",Designer and manufacturer of computer memory solutions,"Warrant to purchase up to 480,000 shares of Series B preferred stock",0,6/5/2015,355.0,355
418,Powervation Inc. and Powervation Limited (9),Semiconductor company focused on power control and management,"First lien senior secured loan ($3,000 par due 11/2017)",9.04%,11/13/2014,2904.0,3000
419,Powervation Inc. and Powervation Limited (9),Semiconductor company focused on power control and management,"Warrant to purchase up to 11,531 shares of Series D preferred stock",0,11/13/2014,0.0,183
420,GF Parent LLC,"Producer of low-acid, aseptic food and beverage products","Class A preferred units (2,940 units)",0,5/13/2015,2940.0,2955
421,GF Parent LLC,"Producer of low-acid, aseptic food and beverage products","Class A common units (60,000 units)",0,5/13/2015,60.0,65
