,Company(1),Business Description,Investment,Interest (5)(10),Acquisition  Date,Amortized  Cost,Fair Value
0,"CIC Flex, LP (9)",Investment partnership,Limited partnership units (0.94 units),0,9/7/2007,759.0,3518
1,"Covestia Capital Partners, LP (9)",Investment partnership,Limited partnership interest (47.00% interest),0,6/17/2008,487.0,1141
2,"Dynamic India Fund IV, LLC (8)(9)",Investment company,Member interest (5.44% interest),0,4/1/2010,4822.0,5067
3,"HCI Equity, LLC (7)(8)(9)",Investment company,Member interest (100.00% interest),0,4/1/2010,112.0,385
4,"Imperial Capital Private Opportunities, LP (9)",Investment partnership,Limited partnership interest (80.00% interest),0,5/10/2007,5134.0,17921
5,"Partnership Capital Growth Fund I, L.P. (9)",Investment partnership,Limited partnership interest (25.00% interest),0,6/16/2006,1403.0,3498
6,"Partnership Capital Growth Investors III, L.P. (9)",Investment partnership,Limited partnership interest (2.50% interest),0,10/5/2011,2244.0,2383
7,"PCG-Ares Sidecar Investment, L.P. (9)",Investment partnership,Limited partnership interest (100.00% interest),0,5/22/2014,2042.0,2042
8,"Piper Jaffray Merchant Banking Fund I, L.P. (9)",Investment partnership,Limited partnership interest (2.00% interest),0,8/16/2012,838.0,779
9,Senior Secured Loan Fund LLC (7)(10),Co-investment vehicle,"Subordinated certificates ($1,938,046 par due 12/2024)",8.23% (Libor + 8.00%/Q)(27),10/30/2009,1938046.0,1967117
10,Senior Secured Loan Fund LLC (7)(10),Co-investment vehicle,Membership interest (87.50% interest),0,10/30/2009,0.0,0
11,VSC Investors LLC (9),Investment company,Membership interest (1.95% interest),0,1/24/2008,868.0,1479
12,Alegeus Technologies Holdings Corp.,Benefits administration and transaction processing provider,"Preferred stock (2,997 shares)",0,12/13/2013,3087.0,2702
13,Alegeus Technologies Holdings Corp.,Benefits administration and transaction processing provider,Common stock (3 shares),0,12/13/2013,3.0,27
14,"AxelaCare Holdings, Inc. and AxelaCare Investment Holdings, L.P.",Provider of home infusion services,"Preferred units (8,218,160 units)",0,4/12/2013,822.0,729
15,"AxelaCare Holdings, Inc. and AxelaCare Investment Holdings, L.P.",Provider of home infusion services,"Common units (83,010 units)",0,4/12/2013,8.0,6
16,"California Forensic Medical Group, Incorporated",Correctional facility healthcare operator,"First lien senior secured loan ($48,902 par due 11/2018)",9.25% (Libor + 8.00%/Q),11/16/2012,48902.0,48902
17,"CCS Group Holdings, LLC",Correctional facility healthcare operator,"Class A units (601,937 units)",0,8/19/2010,602.0,1608
18,"CT Technologies Intermediate Holdings, Inc. and CT Technologies Holdings LLC (6)",Healthcare analysis services provider,"Class A common stock (9,679 shares)",0,6/15/2007,2543.0,3325
19,"CT Technologies Intermediate Holdings, Inc. and CT Technologies Holdings LLC (6)",Healthcare analysis services provider,"Class C common stock (1,546 shares)",0,6/15/2007,0.0,531
20,"DNAnexus, Inc.",Bioinformatics company,"First lien senior secured loan ($5,000 par due 10/2017)",9.25%,3/21/2014,4766.0,5000
21,"DNAnexus, Inc.",Bioinformatics company,"First lien senior secured loan ($5,000 par due 2/2018)",9.25%,3/21/2014,4752.0,5000
22,"DNAnexus, Inc.",Bioinformatics company,"Warrants to purchase up to 909,092 units of Series C preferred stock",0,3/21/2014,0.0,0
23,"Genocea Biosciences, Inc.",Vaccine discovery technology company,"First lien senior secured loan ($10,000 par due 4/2017)",8.00%,9/30/2013,9830.0,10000
24,"Genocea Biosciences, Inc.",Vaccine discovery technology company,"Common stock (37,250 shares)",0,2/10/2014,0.0,698
25,"GI Advo Opco, LLC",Behavioral treatment services provider,"First lien senior secured loan ($14,381 par due 6/2017)",6.00% (Libor + 4.75%/Q),12/13/2013,14745.0,14381
26,"Global Healthcare Exchange, LLC and GHX Ultimate Parent Corp.",On-demand supply chain automation solutions provider,"First lien senior secured loan ($125,000 par due 3/2020)",10.00% (Libor + 9.00%/Q),3/11/2014,123871.0,125000
27,"Global Healthcare Exchange, LLC and GHX Ultimate Parent Corp.",On-demand supply chain automation solutions provider,"Class A common stock (2,475 shares)",0,3/11/2014,2475.0,2475
28,"Global Healthcare Exchange, LLC and GHX Ultimate Parent Corp.",On-demand supply chain automation solutions provider,Class B common stock (938 shares),0,3/11/2014,25.0,146
29,"INC Research, Inc.",Pharmaceutical and biotechnology consulting services,"Common stock (1,410,000 shares)",0,9/27/2010,1512.0,2107
30,Intermedix Corporation,Revenue cycle management provider to the emergency healthcare industry,"Second lien senior secured loan ($112,000 par due 6/2020)",9.25% (Libor + 8.25%/Q),12/27/2012,112000.0,112000
31,"LM Acquisition Holdings, LLC (8)",Developer and manufacturer of medical equipment,Class A units (426 units),0,9/27/2013,1000.0,1407
32,"MC Acquisition Holdings I, LLC",Healthcare professional provider,"Class A units (1,000,000 shares)",0,1/17/2014,1000.0,1089
33,"Monte Nido Holdings, LLC",Outpatient eating disorder treatment provider,"First lien senior secured loan ($44,750 par due 12/2019)",7.75% (Libor + 6.75%/Q),12/20/2013,44750.0,44750
34,MW Dental Holding Corp.,Dental services provider,"First lien senior secured loan ($36,912 par due 4/2017)",8.50% (Libor + 7.00%/M),4/12/2011,36912.0,36912
35,MW Dental Holding Corp.,Dental services provider,"First lien senior secured loan ($48,485 par due 4/2017)",8.50% (Libor + 7.00%/M),4/12/2011,48485.0,48485
36,MW Dental Holding Corp.,Dental services provider,"First lien senior secured loan ($9,746 par due 4/2017)",8.50% (Libor + 7.00%/M),4/12/2011,9746.0,9746
37,Napa Management Services Corporation,Anesthesia management services provider,"First lien senior secured loan ($66,734 par due 2/2019)",6.00% (Libor + 5.00%/Q),4/15/2011,66734.0,66734
38,Napa Management Services Corporation,Anesthesia management services provider,"First lien senior secured loan ($33,266 par due 2/2019)",6.00% (Libor + 5.00%/Q),4/15/2011,33209.0,33266
39,Napa Management Services Corporation,Anesthesia management services provider,"Common units (5,345 units)",0,4/15/2011,5623.0,8844
40,National Healing Corporation and National Healing Holding Corp.,Wound care service and equipment provider,"Second lien senior secured loan ($10,000 par due 2/2020)",9.25% (Libor + 8.00%/Q),12/13/2013,10273.0,10000
41,National Healing Corporation and National Healing Holding Corp.,Wound care service and equipment provider,"Preferred stock (869,565 shares)",0,12/13/2013,1296.0,1472
42,"Netsmart Technologies, Inc. and NS Holdings, Inc.",Healthcare technology provider,"First lien senior secured loan ($2,796 par due 12/2017)",8.75% (Libor + 7.50%/Q),12/18/2012,2796.0,2796
43,"Netsmart Technologies, Inc. and NS Holdings, Inc.",Healthcare technology provider,"First lien senior secured loan ($35,376 par due 12/2017)",8.75% (Libor + 7.50%/Q),12/18/2012,35376.0,35376
44,"Netsmart Technologies, Inc. and NS Holdings, Inc.",Healthcare technology provider,"Common stock (2,500,000 shares)",0,6/21/2010,2500.0,4092
45,"New Trident Holdcorp, Inc.",Outsourced mobile diagnostic healthcare service provider,"Second lien senior secured loan ($80,000 par due 7/2020)",10.25% (Libor + 9.00%/Q),8/6/2013,78547.0,79200
46,"Nodality, Inc.",Biotechnology company,"First lien senior secured loan ($8,000 par due 2/2018)",8.90%,4/25/2014,7731.0,7920
47,"Nodality, Inc.",Biotechnology company,"Warrant to purchase up to 164,179 shares of Series B preferred stock",0,4/25/2014,0.0,41
48,"OmniSYS Acquisition Corporation, OmniSYS, LLC, and OSYS Holdings, LLC",Provider of technology-enabled solutions to pharmacies,"First lien senior secured loan ($20,737 par due 11/2018)",8.50% (Libor + 7.50%/Q),11/21/2013,20737.0,20737
49,"OmniSYS Acquisition Corporation, OmniSYS, LLC, and OSYS Holdings, LLC",Provider of technology-enabled solutions to pharmacies,Limited liability company membership,0,11/21/2013,1000.0,1038
50,"PerfectServe, Inc.",Communications software platform provider for hospitals and physician practices,"First lien senior secured loan ($2,500 par due 10/2017)",10.00%,12/26/2013,2475.0,2500
51,"PerfectServe, Inc.",Communications software platform provider for hospitals and physician practices,"First lien senior secured loan ($3,500 par due 4/2017)",10.00%,12/26/2013,3470.0,3500
52,"PerfectServe, Inc.",Communications software platform provider for hospitals and physician practices,"Warrants to purchase up to 34,113 units of Series C preferred stock",0,12/26/2013,0.0,67
53,"PGA Holdings, Inc.","Provider of patient surveys, management reports and national databases for the integrated healthcare delivery system",Preferred stock (333 shares),0,3/12/2008,125.0,18
54,"PGA Holdings, Inc.","Provider of patient surveys, management reports and national databases for the integrated healthcare delivery system","Common stock (16,667 shares)",0,3/12/2008,167.0,908
55,"Physiotherapy Associates Holdings, Inc.",Physical therapy provider,"Class A common stock (100,000 shares)",0,12/13/2013,3090.0,2324
56,"POS I Corp. (fka Vantage Oncology, Inc.)",Radiation oncology care provider,"Common stock (62,157 shares)",0,2/3/2011,4670.0,813
57,"RCHP, Inc.",Operator of general acute care hospitals,"First lien senior secured loan ($15,000 par due 4/2019)",6.00% (Libor + 5.00%/Q),11/4/2011,15000.0,15000
58,"RCHP, Inc.",Operator of general acute care hospitals,"Second lien senior secured loan ($11,000 par due 10/2019)",10.50% (Libor + 9.50%/Q),11/4/2011,11000.0,11000
59,"Reed Group Holdings, LLC",Medical disability management services provider,Equity interests,0,4/1/2010,0.0,0
60,"Respicardia, Inc.",Developer of implantable therapies to improve cardiovascular health,"First lien senior secured loan ($2,600 par due 7/2015)",11.00%,6/28/2012,2594.0,2600
61,"Respicardia, Inc.",Developer of implantable therapies to improve cardiovascular health,"Warrants to purchase up to 99,094 shares of Series C preferred stock",0,6/28/2012,38.0,29
62,"Sage Products Holdings III, LLC",Patient infection control and preventive care solutions provider,"Second lien senior secured loan ($75,000 par due 6/2020)",9.25% (Libor + 8.00%/Q),12/13/2012,75000.0,75000
63,"Sarnova HC, LLC, Tri-Anim Health Services, Inc., and BEMS Holdings, LLC",Distributor of emergency medical service and respiratory products,"Second lien senior secured loan ($60,000 par due 9/2018)",8.75% (Libor + 8.00%/Q),6/30/2014,60000.0,60000
64,"Sorbent Therapeutics, Inc.",Orally-administered drug developer,"First lien senior secured loan ($5,980 par due 9/2016)",10.25%,4/23/2013,5980.0,5980
65,"Sorbent Therapeutics, Inc.",Orally-administered drug developer,"Warrant to purchase up to 727,272 shares of Series C preferred stock",0,4/23/2013,0.0,0
66,"SurgiQuest, Inc.",Medical device company,"Warrants to purchase up to 54,672 shares of Series D-4 convertible preferred stock",0,9/28/2012,0.0,0
67,"U.S. Anesthesia Partners, Inc.",Anesthesiology service provider,"First lien senior secured loan ($20,000 par due 12/2019)",6.00% (Libor + 5.00%/Q),6/26/2014,20000.0,20000
68,"U.S. Anesthesia Partners, Inc.",Anesthesiology service provider,"First lien senior secured loan ($29,850 par due 12/2019)",7.25% (Base Rate + 4.00%/Q),12/31/2013,29850.0,29850
69,"Wrigley Purchaser, LLC and Wrigley Management, LLC",Provider of outpatient rehabilitation services,"First lien senior secured loan ($7,117 par due 5/2020)",6.125% (Libor + 5.375%/Q),5/19/2014,7117.0,7117
70,"Young Innovations, Inc.",Dental supplies and equipment manufacturer,"Second lien senior secured loan ($45,000 par due 7/2019)",9.00% (Libor + 8.00%/Q),5/30/2014,45000.0,45000
71,American Residential Services L.L.C.,"Heating, ventilation and air conditioning services provider","First lien senior secured loan ($17,500 par due 6/2021)",5.25% (Libor + 4.25%/Q),6/30/2014,17412.0,17500
72,American Residential Services L.L.C.,"Heating, ventilation and air conditioning services provider","Second lien senior secured loan ($50,000 par due 12/2021)",9.00% (Libor + 8.00%/Q),6/30/2014,49500.0,50000
73,Capital Investments and Ventures Corp.,SCUBA diver training and certification provider,"First lien senior secured loan ($23,539 par due 8/2018)",7.00% (Libor + 5.75%/Q),8/9/2012,23539.0,23539
74,Capital Investments and Ventures Corp.,SCUBA diver training and certification provider,"First lien senior secured loan ($8,373 par due 8/2018)",7.00% (Libor + 5.75%/Q),8/9/2012,8373.0,8373
75,"Community Education Centers, Inc.",Offender re-entry and in-prison treatment services provider,"First lien senior secured loan ($13,571 par due 12/2014)",6.25% (Libor + 5.25%/Q),12/10/2010,13571.0,13571
76,"Community Education Centers, Inc.",Offender re-entry and in-prison treatment services provider,First lien senior secured loan ($714 par due 12/2014),7.50% (Base Rate + 4.25%/S),12/10/2010,714.0,714
77,"Community Education Centers, Inc.",Offender re-entry and in-prison treatment services provider,"Second lien senior secured loan ($47,170 par due 12/2015)",10.23% (Libor + 10.00%/Q),12/10/2010,47170.0,42452
78,"Community Education Centers, Inc.",Offender re-entry and in-prison treatment services provider,"Warrants to purchase up to 654,618 shares",0,12/10/2010,0.0,0
79,"Competitor Group, Inc. and Calera XVI, LLC",Endurance sports media and event operator,"First lien senior secured revolving loan ($2,850 par due 11/2018)",10.00% (Base Rate + 6.75%/Q),11/30/2012,2850.0,2622
80,"Competitor Group, Inc. and Calera XVI, LLC",Endurance sports media and event operator,First lien senior secured revolving loan ($900 par due 11/2018),9.00% (Libor + 7.75%/Q),11/30/2012,900.0,828
81,"Competitor Group, Inc. and Calera XVI, LLC",Endurance sports media and event operator,"First lien senior secured loan ($24,362 par due 11/2018)","10.00% (Libor + 7.75% Cash, 1.00% PIK /Q)",11/30/2012,24362.0,22413
82,"Competitor Group, Inc. and Calera XVI, LLC",Endurance sports media and event operator,"First lien senior secured loan ($29,831 par due 11/2018)","10.00% (Libor + 7.75% Cash, 1.00% PIK /Q)",11/30/2012,29831.0,27444
83,"Competitor Group, Inc. and Calera XVI, LLC",Endurance sports media and event operator,"Membership units (2,500,000 units)",0,11/30/2012,2516.0,640
84,"Crown Health Care Laundry Services, Inc. and Crown Laundry Holdings, LLC (6)",Provider of outsourced linen management solutions to the healthcare industry,First lien senior secured revolving loan,0,3/13/2014,0.0,0
85,"Crown Health Care Laundry Services, Inc. and Crown Laundry Holdings, LLC (6)",Provider of outsourced linen management solutions to the healthcare industry,"First lien senior secured loan ($24,439 par due 3/2019)",8.25% (Libor + 7.00%/Q),3/13/2014,24439.0,24439
86,"Crown Health Care Laundry Services, Inc. and Crown Laundry Holdings, LLC (6)",Provider of outsourced linen management solutions to the healthcare industry,"Class A preferred units (2,475,000 units)",0,3/13/2014,2475.0,2475
87,"Crown Health Care Laundry Services, Inc. and Crown Laundry Holdings, LLC (6)",Provider of outsourced linen management solutions to the healthcare industry,"Class B common units (275,000 units)",0,3/13/2014,275.0,275
88,"Fox Hill Holdings, Inc.",Third party claims administrator on behalf of insurance carriers,"First lien senior secured loan ($72,584 par due 6/2018)",6.75% (Libor + 5.75%/Q),1/31/2014,72584.0,72584
89,"Fox Hill Holdings, Inc.",Third party claims administrator on behalf of insurance carriers,"First lien senior secured loan ($8,557 par due 6/2018)",8.00% (Base Rate + 4.75%/Q),10/31/2013,8557.0,8557
90,"ISS #2, LLC","Provider of repairs, refurbishments and services to the broader industrial end user markets","First lien senior secured loan ($24,875 par due 6/2018)",6.50% (Libor + 5.50%/Q),6/5/2013,24875.0,24875
91,"ISS #2, LLC","Provider of repairs, refurbishments and services to the broader industrial end user markets","First lien senior secured loan ($44,550 par due 6/2018)",6.50% (Libor + 5.50%/Q),6/5/2013,44550.0,44550
92,"Massage Envy, LLC",Franchisor in the massage industry,"First lien senior secured loan ($28,245 par due 9/2018)",8.50% (Libor + 7.25%/Q),9/27/2012,28245.0,28245
93,"Massage Envy, LLC",Franchisor in the massage industry,"First lien senior secured loan ($47,716 par due 9/2018)",8.50% (Libor + 7.25%/Q),9/27/2012,47716.0,47716
94,"Massage Envy, LLC",Franchisor in the massage industry,"Common stock (3,000,000 shares)",0,9/27/2012,3000.0,3740
95,"McKenzie Sports Products, LLC","Designer, manufacturer and distributor of taxidermy forms and supplies","First lien senior secured loan ($7,716 par due 3/2017)",5.75% (Libor + 4.75%/M),3/30/2012,7716.0,7716
96,"McKenzie Sports Products, LLC","Designer, manufacturer and distributor of taxidermy forms and supplies","First lien senior secured loan ($8,817 par due 3/2017)",5.75% (Libor + 4.75%/M),3/30/2012,8817.0,8817
97,Spin HoldCo Inc.,Laundry service and equipment provider,"Second lien senior secured loan ($140,000 par due 5/2020)",8.00% (Libor + 7.00%/Q),5/14/2013,140000.0,140000
98,The Dwyer Group (6),Operator of multiple franchise concepts primarily related to home maintenance or repairs,"Senior subordinated loan ($39,900 par due 6/2018)",11.75%,12/22/2010,40090.0,39900
99,The Dwyer Group (6),Operator of multiple franchise concepts primarily related to home maintenance or repairs,"Series A preferred units (13,292,377 units)",8.00% PIK,12/22/2010,4707.0,22718
100,"Wash Multifamily Laundry Systems, LLC",Laundry service and equipment provider,"Second lien senior secured loan ($78,000 par due 2/2020)",7.75% (Libor + 6.75%/S),6/26/2012,78000.0,78000
101,2329497 Ontario Inc. (8),Outsourced data center infrastructure and related services provider,"Second lien senior secured loan ($42,480 par due 6/2019)",10.50% (Libor + 9.25%/M),12/13/2013,43438.0,43038
102,"Access CIG, LLC",Records and information management services provider,First lien senior secured loan ($987 par due 10/2017),7.00% (Libor + 5.75%/M),10/5/2012,987.0,987
103,"BlackArrow, Inc.",Advertising and data solutions software platform provider,"First lien senior secured loan ($8,000 par due 9/2017)",9.25%,3/13/2014,7740.0,8000
104,"BlackArrow, Inc.",Advertising and data solutions software platform provider,"Warrant to purchase up to 517,386 units of Series C preferred stock",0,3/13/2014,0.0,76
105,"Cast & Crew Payroll, LLC and Centerstage Co-Investors, L.L.C. (6)",Payroll and accounting services provider to the entertainment industry,"First lien senior secured loan ($12,762 par due 12/2017)",5.75% (Libor + 4.75%/Q),12/24/2012,12762.0,12762
106,"Cast & Crew Payroll, LLC and Centerstage Co-Investors, L.L.C. (6)",Payroll and accounting services provider to the entertainment industry,"First lien senior secured loan ($44,076 par due 12/2017)",5.75% (Libor + 4.75%/Q),12/24/2012,44076.0,44076
107,"Cast & Crew Payroll, LLC and Centerstage Co-Investors, L.L.C. (6)",Payroll and accounting services provider to the entertainment industry,"Class A membership units (2,500,000 units)",0,12/24/2012,2500.0,5647
108,"Cast & Crew Payroll, LLC and Centerstage Co-Investors, L.L.C. (6)",Payroll and accounting services provider to the entertainment industry,"Class B membership units (2,500,000 units)",0,12/24/2012,2500.0,5647
109,"CIBT Investment Holdings, LLC",Expedited travel document processing services,"Class A shares (2,500 shares)",0,12/15/2011,2500.0,3787
110,"Command Alkon, Inc.",Software solutions provider to the ready-mix concrete industry,"Second lien senior secured loan ($10,000 par due 3/2018)",8.75% (Libor + 7.50%/Q),9/28/2012,10000.0,10000
111,"Command Alkon, Inc.",Software solutions provider to the ready-mix concrete industry,"Second lien senior secured loan ($26,500 par due 5/2019)",8.75% (Libor + 7.50%/Q),9/28/2012,26500.0,26500
112,"Coverall North America, Inc.",Commercial janitorial services provider,Letter of credit facility,0,1/17/2013,0.0,0
113,"First Insight, Inc.",SaaS company providing merchandising and pricing solutions to companies worldwide,"First lien senior secured loan ($3,500 par due 4/2017)",9.50%,3/20/2014,3403.0,3500
114,"First Insight, Inc.",SaaS company providing merchandising and pricing solutions to companies worldwide,"Warrants to purchase up to 122,827 units of Series C preferred stock",0,3/20/2014,0.0,7
115,"GHS Interactive Security, LLC and LG Security Holdings, LLC",Originates residential security alarm contracts,"First lien senior secured loan ($5,598 par due 5/2018)",7.50% (Libor + 6.00%/Q),12/13/2013,5653.0,5598
116,"GHS Interactive Security, LLC and LG Security Holdings, LLC",Originates residential security alarm contracts,"Class A membership units (1,560,000 units)",0,12/13/2013,1607.0,1446
117,"HCPro, Inc. and HCP Acquisition Holdings, LLC (7)",Healthcare compliance advisory services,"Senior subordinated loan ($9,197 par due 8/2014)",0,3/5/2013,2691.0,0
118,"HCPro, Inc. and HCP Acquisition Holdings, LLC (7)",Healthcare compliance advisory services,"Class A units (14,293,110 units)",0,6/26/2008,12793.0,0
119,IfByPhone Inc.,Voice-based marketing automation software provider,"Warrant to purchase up to 124,300 shares of Series C preferred stock",0,10/15/2012,88.0,58
120,"Investor Group Services, LLC (6)",Business consulting for private equity and corporate clients,Limited liability company membership interest (8.5% interest),0,6/22/2006,0.0,682
121,"IronPlanet, Inc.",Online auction platform provider for used heavy equipment,"First lien senior secured revolving loan ($5,000 par due 9/2015)",8.00%,9/24/2013,5000.0,5000
122,"IronPlanet, Inc.",Online auction platform provider for used heavy equipment,"First lien senior secured loan ($7,500 par due 7/2017)",9.25%,9/24/2013,7194.0,7425
123,"IronPlanet, Inc.",Online auction platform provider for used heavy equipment,"Warrant to purchase to up to 133,333 shares of Series C preferred stock",0,9/24/2013,214.0,243
124,"Itel Laboratories, Inc.",Data services provider for building materials to the property insurance industry,"Preferred units (1,798,391 units)",0,6/29/2012,1000.0,1214
125,"Keynote Systems, Inc. and Hawaii Ultimate Parent Corp., Inc.",Web and mobile cloud performance testing and monitoring services provider,"First lien senior secured loan ($182,760 par due 2/2020)",9.50% (Libor + 8.50%/Q),8/22/2013,182760.0,182760
126,"Keynote Systems, Inc. and Hawaii Ultimate Parent Corp., Inc.",Web and mobile cloud performance testing and monitoring services provider,"Class A common stock (2,970 shares)",0,8/22/2013,2970.0,4138
127,"Keynote Systems, Inc. and Hawaii Ultimate Parent Corp., Inc.",Web and mobile cloud performance testing and monitoring services provider,"Class B common stock (1,956,522 shares)",0,8/22/2013,30.0,42
128,"Market Track Holdings, LLC",Business media consulting services company,"Preferred stock (1,500 shares)",0,12/13/2013,1982.0,2367
129,"Market Track Holdings, LLC",Business media consulting services company,"Common stock (15,000 shares)",0,12/13/2013,1982.0,2367
130,"Maximus Holdings, LLC",Provider of software simulation tools and related services,"Warrants to purchase up to 1,050,013 shares of common stock",0,12/13/2013,0.0,0
131,"Multi-Ad Services, Inc. (6)",Marketing services and software provider,"Preferred units (1,725,280 units)",0,4/1/2010,788.0,2442
132,"Multi-Ad Services, Inc. (6)",Marketing services and software provider,"Common units (1,725,280 units)",0,4/1/2010,0.0,0
133,"MVL Group, Inc. (7)",Marketing research provider,Senior subordinated loan ($226 par due 7/2012),0,4/1/2010,226.0,226
134,"MVL Group, Inc. (7)",Marketing research provider,"Common stock (560,716 shares)",0,4/1/2010,0.0,0
135,"NComputing, Inc.",Desktop virtualization hardware and software technology service provider,"Warrant to purchase up to 462,726 shares of Series C preferred stock",0,3/20/2013,0.0,34
136,"OpenSky Project, Inc.",Social commerce platform operator,"First lien senior secured loan ($3,000 par due 9/2017)",10.00%,6/4/2014,2953.0,2940
137,"OpenSky Project, Inc.",Social commerce platform operator,"Warrant to purchase up to 46,996 shares of Series D preferred stock",0,6/4/2014,48.0,48
138,"Pillar Processing LLC, PHL Investors, Inc., and PHL Holding Co. (7)",Mortgage services,"First lien senior secured loan ($2,741 par due 11/2018)",0,7/31/2008,1997.0,1030
139,"Pillar Processing LLC, PHL Investors, Inc., and PHL Holding Co. (7)",Mortgage services,"First lien senior secured loan ($7,375 par due 5/2019)",0,11/20/2007,5592.0,0
140,"Pillar Processing LLC, PHL Investors, Inc., and PHL Holding Co. (7)",Mortgage services,Class A common stock (576 shares),0,7/31/2012,3768.0,0
141,"Platform Acquisition, Inc.",Data center and managed cloud services provider,"Common stock (48,604 shares)",0,12/13/2013,7536.0,8053
142,"Powersport Auctioneer Holdings, LLC",Powersport vehicle auction operator,"Common units (1,972 units)",0,3/2/2012,1000.0,1102
143,"PSSI Holdings, LLC",Provider of mission-critical outsourced cleaning and sanitation services to the food processing industry,First lien senior secured loan ($946 par due 6/2018),6.00% (Libor + 5.00%/S),8/7/2013,946.0,946
144,R2 Acquisition Corp.,Marketing services,"Common stock (250,000 shares)",0,5/29/2007,250.0,185
145,"Rainstor, Inc.",Database solution provider designed to manage Big Data for large enterprises,"First lien senior secured loan ($2,200 par due 4/2016)",11.25%,3/28/2013,2158.0,2200
146,"Rainstor, Inc.",Database solution provider designed to manage Big Data for large enterprises,"Warrant to purchase up to 142,210 shares of Series C preferred stock",0,3/28/2013,88.0,70
147,Ship Investor & Cy S.C.A. (8),Payment processing company,"Common stock (936,693 shares)",0,12/13/2013,2698.0,3079
148,Summit Business Media Parent Holding Company LLC,Business media consulting services,Limited liability company membership interest (45.98% interest),0,5/20/2011,0.0,1521
149,"TOA Technologies, Inc.","Cloud based, mobile workforce management applications provider","First lien senior secured loan ($11,917 par due 11/2016)",10.25%,10/31/2012,11561.0,11917
150,"TOA Technologies, Inc.","Cloud based, mobile workforce management applications provider","Warrant to purchase up to 2,509,770 shares of Series D preferred stock",0,10/31/2012,605.0,1176
151,"Tripwire, Inc.",IT security software provider,"First lien senior secured loan ($84,950 par due 5/2018)",7.00% (Libor + 5.75%/Q),5/23/2011,84950.0,84950
152,"Tripwire, Inc.",IT security software provider,"First lien senior secured loan ($49,875 par due 5/2018)",7.00% (Libor + 5.75%/Q),5/23/2011,49875.0,49875
153,"Tripwire, Inc.",IT security software provider,"First lien senior secured loan ($9,975 par due 5/2018)",7.00% (Libor + 5.75%/Q),5/23/2011,9975.0,9975
154,"Tripwire, Inc.",IT security software provider,"Class A common stock (2,970 shares)",0,5/23/2011,2970.0,9121
155,"Tripwire, Inc.",IT security software provider,"Class B common stock (2,655,638 shares)",0,5/23/2011,30.0,92
156,Velocity Holdings Corp.,Hosted enterprise resource planning application management services provider,"Common units (1,713,546 units)",0,12/13/2013,4503.0,4265
157,"Venturehouse-Cibernet Investors, LLC",Financial settlement services for intercarrier wireless roaming,Equity interest,0,4/1/2010,0.0,0
158,"VSS-Tranzact Holdings, LLC (6)",Management consulting services,Common membership interest (5.98% interest),0,10/26/2007,10204.0,11177
159,"X Plus Two Solutions, Inc. and X Plus One Solutions, Inc.",Provider of open and integrated software for digital marketing optimization,"First lien senior secured revolving loan ($11,100 par due 9/2014)",8.50%,4/1/2013,11100.0,11100
160,"X Plus Two Solutions, Inc. and X Plus One Solutions, Inc.",Provider of open and integrated software for digital marketing optimization,"First lien senior secured loan ($6,470 par due 3/2017)",10.00%,4/1/2013,6193.0,6405
161,"X Plus Two Solutions, Inc. and X Plus One Solutions, Inc.",Provider of open and integrated software for digital marketing optimization,"First lien senior secured loan ($2,000 par due 10/2017)",10.00%,3/28/2014,1793.0,1980
162,"X Plus Two Solutions, Inc. and X Plus One Solutions, Inc.",Provider of open and integrated software for digital marketing optimization,"Warrant to purchase up to 586,178 units of Series C preferred stock",0,3/28/2014,180.0,184
163,"X Plus Two Solutions, Inc. and X Plus One Solutions, Inc.",Provider of open and integrated software for digital marketing optimization,"Warrant to purchase up to 999,167 shares of Series C preferred stock",0,4/1/2013,284.0,313
164,"American Academy Holdings, LLC","Provider of education, training, certification, networking, and consulting services to medical coders and other healthcare professionals","First lien senior secured loan ($23,425 par due 6/2019)",8.25% (Base Rate + 5.00%/Q),6/27/2014,23425.0,23425
165,"American Academy Holdings, LLC","Provider of education, training, certification, networking, and consulting services to medical coders and other healthcare professionals",First lien senior secured,5.25% (Base,6/27/2014,14696.0,14696
166,"American Academy Holdings, LLC","Provider of education, training, certification, networking, and consulting services to medical coders and other healthcare professionals","First lien senior secured loan ($52,039 par due 6/2019)",8.25% (Base Rate + 5.00%/Q),6/27/2014,52039.0,52039
167,"American Academy Holdings, LLC","Provider of education, training, certification, networking, and consulting services to medical coders and other healthcare professionals","First lien senior secured loan ($4,304 par due 6/2019)",5.25% (Base Rate + 2.00%/Q),6/27/2014,4304.0,4304
168,Campus Management Corp. and Campus Management Acquisition Corp. (6),Education software developer,"Preferred stock (485,159 shares)",0,2/8/2008,10520.0,7601
169,"ELC Acquisition Corp., ELC Holdings Corporation, and Excelligence Learning Corporation (6)","Developer, manufacturer and retailer of educational products","Preferred stock (99,492 shares)",12.00% PIK,8/1/2011,10990.0,10929
170,"ELC Acquisition Corp., ELC Holdings Corporation, and Excelligence Learning Corporation (6)","Developer, manufacturer and retailer of educational products","Common stock (50,800 shares)",0,8/1/2011,0.0,0
171,"Infilaw Holding, LLC",Operator of for-profit law schools,First lien senior secured revolving loan,0,8/25/2011,0.0,0
172,"Infilaw Holding, LLC",Operator of for-profit law schools,First lien senior secured loan ($1 par due 8/2016),9.50% (Libor + 8.50%/Q),8/25/2011,1.0,1
173,"Infilaw Holding, LLC",Operator of for-profit law schools,"First lien senior secured loan ($14,219 par due 8/2016)",9.50% (Libor + 8.50%/Q),8/25/2011,14219.0,14219
174,"Infilaw Holding, LLC",Operator of for-profit law schools,"Series A preferred units (124,890 units)",9.50% (Libor + 8.50%/Q),8/25/2011,124890.0,124890
175,"Infilaw Holding, LLC",Operator of for-profit law schools,Series B preferred stock (3.91 units),0,10/19/2012,9245.0,11910
176,"Instituto de Banca y Comercio, Inc.  & Leeds IV Advisors, Inc.",Private school operator,"First lien senior secured loan ($15,248 par due 12/2016)",0,4/24/2013,14531.0,12656
177,"Instituto de Banca y Comercio, Inc.  & Leeds IV Advisors, Inc.",Private school operator,"First lien senior secured loan ($40,724 par due 12/2016)",0,4/24/2013,38809.0,33801
178,"Instituto de Banca y Comercio, Inc.  & Leeds IV Advisors, Inc.",Private school operator,"Series B preferred stock (1,750,000 shares)",0,8/5/2010,5000.0,0
179,"Instituto de Banca y Comercio, Inc.  & Leeds IV Advisors, Inc.",Private school operator,"Series C preferred stock (2,512,586 shares)",0,6/7/2010,689.0,0
180,"Instituto de Banca y Comercio, Inc.  & Leeds IV Advisors, Inc.",Private school operator,Common stock (20 shares),0,6/7/2010,0.0,0
181,"Lakeland Tours, LLC",Educational travel provider,"First lien senior secured revolving loan ($9,562 par due 12/2016)",5.25% (Libor + 4.25%/Q),10/4/2011,9562.0,9562
182,"Lakeland Tours, LLC",Educational travel provider,"First lien senior secured loan ($1,592 par due 12/2016)",5.25% (Libor + 4.25%/Q),10/4/2011,1591.0,1592
183,"Lakeland Tours, LLC",Educational travel provider,"First lien senior secured loan ($82,989 par due 12/2016)",8.50% (Libor + 7.50%/Q),10/4/2011,82935.0,82988
184,"Lakeland Tours, LLC",Educational travel provider,"First lien senior secured loan ($7,627 par due 12/2016)",5.25% (Libor + 4.25%/Q),10/4/2011,7613.0,7627
185,"Lakeland Tours, LLC",Educational travel provider,"First lien senior secured loan ($40,362 par due 12/2016)",8.50% (Libor + 7.50%/Q),10/4/2011,40289.0,40362
186,"Lakeland Tours, LLC",Educational travel provider,"Common stock (5,000 shares)",0,10/4/2011,5000.0,5460
187,PIH Corporation,Franchisor of education-based early childhood centers,First lien senior secured revolving loan ($621 par due 6/2016),7.25% (Libor + 6.25%/M),12/13/2013,621.0,621
188,PIH Corporation,Franchisor of education-based early childhood centers,"First lien senior secured loan ($37,709 par due 6/2016)",7.25% (Libor + 6.25%/M),12/13/2013,38593.0,38463
189,"R3 Education, Inc. and EIC Acquisitions Corp.",Medical school operator,"Preferred stock (8,800 shares)",0,7/30/2008,2200.0,1936
190,"R3 Education, Inc. and EIC Acquisitions Corp.",Medical school operator,Common membership interest (26.27% interest),0,9/21/2007,15800.0,27237
191,"R3 Education, Inc. and EIC Acquisitions Corp.",Medical school operator,"Warrants to purchase up to 27,890 shares",0,12/8/2009,0.0,0
192,"RuffaloCODY, LLC",Provider of student fundraising and enrollment management services,"First lien senior secured loan ($2,087 par due 5/2019)",5.50% (Libor + 4.25%/S),5/29/2013,2087.0,2087
193,"RuffaloCODY, LLC",Provider of student fundraising and enrollment management services,"First lien senior secured loan ($2,439 par due 5/2019)",6.50% (Base Rate + 3.25%/Q),5/29/2013,2439.0,2439
194,"RuffaloCODY, LLC",Provider of student fundraising and enrollment management services,"First lien senior secured loan ($11,759 par due 5/2019)",5.50% (Libor + 4.25%/Q),5/29/2013,11759.0,11759
195,"RuffaloCODY, LLC",Provider of student fundraising and enrollment management services,First lien senior secured loan ($30 par due 5/2019),6.50% (Base Rate + 3.25%/Q),5/29/2013,30.0,30
196,"Feradyne Outdoors, LLC and Bowhunter Holdings, LLC",Provider of branded archery and bow hunting accessories,"First lien senior secured loan ($50,100 par due 3/2019)",6.55% (Libor + 5.55%/M),4/24/2014,50100.0,50100
197,"Feradyne Outdoors, LLC and Bowhunter Holdings, LLC",Provider of branded archery and bow hunting accessories,"First lien senior secured loan ($7,050 par due 3/2019)",4.00% (Libor + 3.00%/M),4/24/2014,7050.0,7050
198,"Feradyne Outdoors, LLC and Bowhunter Holdings, LLC",Provider of branded archery and bow hunting accessories,Common units (300 units),0,4/24/2014,3000.0,3000
199,"Gilchrist & Soames, Inc.",Personal care manufacturer,"First lien senior secured revolving loan ($3,650 par due 12/2014)",7.25% (Base Rate + 4.00%/M),4/1/2010,3650.0,3650
200,"Gilchrist & Soames, Inc.",Personal care manufacturer,"First lien senior secured revolving loan ($5,050 par due 12/2014)",6.25% (Libor + 5.00%/M),4/1/2010,5050.0,5050
201,"Gilchrist & Soames, Inc.",Personal care manufacturer,"First lien senior secured loan ($22,736 par due 12/2014)","13.44% Cash, 2.00% PIK",4/1/2010,22734.0,22054
202,"Implus Footcare, LLC",Provider of footwear and other accessories,Preferred stock (455 shares),6.00% PIK,10/31/2011,4600.0,4600
203,"Implus Footcare, LLC",Provider of footwear and other accessories,Common stock (455 shares),0,10/31/2011,0.0,904
204,Indra Holdings Corp.,"Designer, marketer, and distributor of rain and cold weather products","Second lien senior secured loan ($80,000 par due 11/2021)",8.50% (Libor + 7.50%/Q),5/1/2014,78727.0,80000
205,Insight Pharmaceuticals Corporation (6),OTC drug products manufacturer,"Second lien senior secured loan ($19,310 par due 8/2017)",13.25% (Libor + 11.75%/M),8/26/2011,19180.0,19310
206,Insight Pharmaceuticals Corporation (6),OTC drug products manufacturer,"Class A common stock (155,000 shares)",0,8/26/2011,6035.0,19230
207,Insight Pharmaceuticals Corporation (6),OTC drug products manufacturer,"Class B common stock (155,000 shares)",0,8/26/2011,6035.0,19230
208,"Matrixx Initiatives, Inc. and Wonder Holdings Acquisition Corp.",Developer and marketer of OTC healthcare products,"Warrants to purchase up to 1,489 shares of preferred stock",0,7/27/2011,0.0,1046
209,"Matrixx Initiatives, Inc. and Wonder Holdings Acquisition Corp.",Developer and marketer of OTC healthcare products,"Warrants to purchase up to 1,654,678 shares of common stock",0,7/27/2011,0.0,0
210,"Oak Parent, Inc.",Manufacturer of athletic apparel,"First lien senior secured loan ($30,939 par due 4/2018)",7.50% (Libor + 7.00%/Q),4/2/2012,30841.0,30939
211,"Oak Parent, Inc.",Manufacturer of athletic apparel,First lien senior secured loan ($85 par due 4/2018),9.25% (Base Rate + 6.00%/Q),4/2/2012,85.0,85
212,"Oak Parent, Inc.",Manufacturer of athletic apparel,"First lien senior secured loan ($8,744 par due 4/2018)",7.50% (Libor + 7.00%/Q),4/2/2012,8716.0,8744
213,"Oak Parent, Inc.",Manufacturer of athletic apparel,First lien senior secured loan ($24 par due,9.25% (Base Rate + 6.00%/Q),4/2/2012,24.0,24
214,"PG-ACP Co-Invest, LLC","Supplier of medical uniforms, specialized medical footwear and accessories","Class A membership units (1,000,0000 units)",0,8/29/2012,1000.0,1726
215,"Shock Doctor, Inc. and BRP Hold 14, LLC","Developer, marketer and distributor of sports protection equipment and accessories","First lien senior secured revolving loan ($1,890 par due 3/2020)",10.00% (Base Rate + 6.75%/Q),3/14/2014,1890.0,1890
216,"Shock Doctor, Inc. and BRP Hold 14, LLC","Developer, marketer and distributor of sports protection equipment and accessories","First lien senior secured loan ($87,671 par due 3/2020)",8.75% (Libor + 7.75%/M),3/14/2014,87671.0,87671
217,"Shock Doctor, Inc. and BRP Hold 14, LLC","Developer, marketer and distributor of sports protection equipment and accessories","Class A preferred units (50,000 units)",0,3/14/2014,5000.0,4957
218,"The Step2 Company, LLC (7)",Toy manufacturer,"Second lien senior secured loan ($26,233 par due 9/2019)",10.00%,4/1/2010,25910.0,26233
219,"The Step2 Company, LLC (7)",Toy manufacturer,"Second lien senior secured loan ($34,524 par due 9/2019)",0,4/1/2010,30802.0,10787
220,"The Step2 Company, LLC (7)",Toy manufacturer,"Second lien senior secured loan ($4,500 par due 9/2019)",10.00%,3/13/2014,4500.0,4500
221,"The Step2 Company, LLC (7)",Toy manufacturer,"Common units (1,116,879 units)",0,4/1/2010,24.0,0
222,"The Step2 Company, LLC (7)",Toy manufacturer,"Warrants to purchase up to 3,157,895 units",0,4/1/2010,0.0,0
223,"The Thymes, LLC (7)",Cosmetic products manufacturer,"Preferred units (6,283 units)",8.00% PIK,6/21/2007,4014.0,4014
224,"The Thymes, LLC (7)",Cosmetic products manufacturer,"Common units (5,400 units)",0,6/21/2007,0.0,9303
225,Woodstream Corporation,Pet products manufacturer,"First lien senior secured loan ($4,841 par due 8/2016)",6.00% (Libor + 5.00%/Q),4/18/2012,4841.0,4841
226,Woodstream Corporation,Pet products manufacturer,"Senior subordinated loan ($80,000 par due 2/2017)",11.50%,4/18/2012,77749.0,80000
227,Woodstream Corporation,Pet products manufacturer,"Common stock (4,254 shares)",0,1/22/2010,1222.0,2325
228,"Alphabet Energy, Inc.",Technology developer to convert waste-heat into electricity,"First lien senior secured loan ($2,000 par due 7/2017)",9.50%,2/26/2014,1920.0,2000
229,"Alphabet Energy, Inc.",Technology developer to convert waste-heat into electricity,"First lien senior secured loan ($3,000 par due 7/2017)",9.62%,12/16/2013,2754.0,3000
230,"Alphabet Energy, Inc.",Technology developer to convert waste-heat into electricity,"Series B preferred stock (74,449 shares)",0,2/26/2014,250.0,250
231,"Alphabet Energy, Inc.",Technology developer to convert waste-heat into electricity,"Warrant to purchase up to 59,524 units of Series B preferred stock",0,12/16/2013,146.0,127
232,Bicent (California) Holdings LLC,Gas turbine power generation facilities operator,"Senior subordinated loan ($49,927 par due 2/2021)",8.25% (Libor + 7.25%/Q),2/6/2014,49927.0,49927
233,"Brush Power, LLC",Gas turbine power generation facilities operator,"First lien senior secured loan ($89,144 par due 8/2020)",6.25% (Libor + 5.25%/Q),8/1/2013,89144.0,89144
234,"Centinela Funding, LLC",Solar power generation facility developer and operator,"Senior subordinated loan ($56,000 par due 11/2020)",10.00% (Libor + 8.75%/Q),11/14/2012,56000.0,56000
235,"Freeport LNG Expansion, L.P.",Liquefied natural gas producer,"First lien senior secured loan ($12,091 par due 11/2014)",8.65% (Libor + 8.50%/Q),6/27/2014,11472.0,12091
236,"Joule Unlimited Technologies, Inc. and Stichting Joule Global Foundation",Renewable fuel and chemical production developer,"First lien senior secured loan ($7,273 par due 2/2017)",10.00%,7/25/2013,7217.0,7273
237,"Joule Unlimited Technologies, Inc. and Stichting Joule Global Foundation",Renewable fuel and chemical production developer,"Warrant to purchase up to 32,051 shares of Series C-2 preferred",0,7/25/2013,0.0,39
238,"La Paloma Generating Company, LLC","Natural gas fired, combined cycle plant operator","Second lien senior secured loan ($10,000 par due 2/2020)",9.25% (Libor + 8.25%/Q),2/20/2014,9618.0,9750
239,"Panda Sherman Power, LLC",Gas turbine power generation facilities operator,"First lien senior secured loan ($32,500 par due 9/2018)",9.00% (Libor + 7.50%/Q),9/14/2012,32500.0,32500
240,"Panda Temple Power II, LLC",Gas turbine power generation facilities operator,"First lien senior secured loan ($20,000 par due 4/2019)",7.25% (Libor + 6.00%/Q),4/3/2013,19834.0,20000
241,"Panda Temple Power, LLC",Gas turbine power generation facilities operator,"First lien senior secured loan ($60,000 par due 7/2018)",11.50% (Libor + 10.00%/Q),7/17/2012,58537.0,60000
242,"Sunrun Solar Owner Holdco X, LLC",Residential solar energy provider,"First lien senior secured loan ($59,287 par due 6/2019)",9.50% (Libor + 8.25%/Q),6/7/2013,59287.0,59287
243,"Sunrun Solar Owner Holdco XIII, LLC",Residential solar energy provider,"First lien senior secured loan ($32,846 par due 12/2019)",9.50% (Libor + 8.25%/Q),11/27/2013,32638.0,32846
244,"AllBridge Financial, LLC (7)",Asset management services,Equity interests,0,4/1/2010,5077.0,10115
245,Callidus Capital Corporation (7),Asset management services,Common stock (100 shares),0,4/1/2010,3000.0,1726
246,Ciena Capital LLC (7),Real estate and small business loan servicer,"First lien senior secured revolving loan ($14,000 par due 12/2014)",6.00%,11/29/2010,14000.0,14000
247,Ciena Capital LLC (7),Real estate and small business loan servicer,"First lien senior secured loan ($22,000 par due 12/2016)",12.00%,11/29/2010,22000.0,22000
248,Ciena Capital LLC (7),Real estate and small business loan servicer,Equity interests,0,11/29/2010,53375.0,13771
249,"Commercial Credit Group, Inc.",Commercial equipment finance and leasing company,"Senior subordinated loan ($28,000 par due 5/2018)",12.75%,5/10/2012,28000.0,28000
250,"Cook Inlet Alternative Risk, LLC",Risk management services,"Senior subordinated loan ($1,250 par due 9/2015)",9.00%,9/30/2011,1250.0,1250
251,Gordian Acquisition Corp.,Financial services firm,Common stock (526 shares),0,11/30/2012,0.0,0
252,Imperial Capital Group LLC,Investment services,"Class A common units (23,130 units)",0,5/10/2007,11248.0,15352
253,Imperial Capital Group LLC,Investment services,"2006 Class B common units (7,578 units)",0,5/10/2007,2.0,4
254,Imperial Capital Group LLC,Investment services,2007 Class B common units (945 units),0,5/10/2007,0.0,0
255,"Ivy Hill Asset Management, L.P. (7)(9)",Asset management services,Member interest (100.00% interest),0,6/15/2009,170961.0,262282
256,"Javlin Three LLC, Javlin Four LLC, and Javlin Five LLC (9)",Asset-backed financial services company,"First lien senior secured revolving loan ($37,600 par due 6/2017)",8.41% (Libor + 8.25%/Q),6/24/2014,37600.0,37600
257,Cambrios Technologies Corporation,Nanotechnology-based solutions for electronic devices and computers,"First lien senior secured loan ($2,121 par due 8/2015)",12.00%,8/7/2012,2121.0,2121
258,Cambrios Technologies Corporation,Nanotechnology-based solutions for electronic devices and computers,"Warrants to purchase up to 400,000 shares of Series D-4 convertible preferred stock",0,8/7/2012,0.0,13
259,"Component Hardware Group, Inc.",Commercial equipment,"First lien senior secured loan ($8,561 par due 7/2019)",5.50% (Libor + 4.50%/M),7/1/2013,8561.0,8561
260,"Harvey Tool Company, LLC and Harvey Tool Holding, LLC",Cutting tool provider to the metalworking industry,First lien senior secured revolving loan ($198 par due 3/2019),5.75% (Libor + 4.75%/Q),3/28/2014,198.0,198
261,"Harvey Tool Company, LLC and Harvey Tool Holding, LLC",Cutting tool provider to the metalworking industry,"First lien senior secured loan ($24,937 par due 3/2020)",5.75% (Libor + 4.75%/Q),3/28/2014,24937.0,24937
262,"Harvey Tool Company, LLC and Harvey Tool Holding, LLC",Cutting tool provider to the metalworking industry,First lien senior secured,7.00% (Base,3/28/2014,62.0,62
263,"Harvey Tool Company, LLC and Harvey Tool Holding, LLC",Cutting tool provider to the metalworking industry,Class A membership units (750 units),0,3/28/2014,750.0,823
264,"Ioxus, Inc.",Designer and manufacturer of energy storage devices,"First lien senior secured loan ($10,000 par due 11/2017)",9.00%,4/29/2014,9616.0,10000
265,"Ioxus, Inc.",Designer and manufacturer of energy storage devices,"Warrant to purchase up to 538,314 shares of Series C preferred stock",0,4/29/2014,0.0,0
266,Mac Lean-Fogg Company,Provider of intelligent transportation systems products in the traffic and rail industries,"Senior subordinated loan ($100,998 par due 10/2023)","9.50% Cash, 1.50% PIK",10/31/2013,100998.0,100998
267,"MWI Holdings, Inc.","Engineered springs, fasteners, and other precision components","First lien senior secured loan ($38,274 par due 3/2019)",9.38% (Libor + 8.13%/Q),6/15/2011,38274.0,38274
268,"MWI Holdings, Inc.","Engineered springs, fasteners, and other precision components","First lien senior secured loan ($10,000 par due 3/2019)",9.38% (Libor + 8.13%/Q),6/15/2011,10000.0,10000
269,"NetShape Technologies, Inc.",Metal precision engineered components,First lien senior secured revolving loan ($907 par due 12/2014),7.50% (Libor + 6.50%/Q),4/1/2010,907.0,907
270,Niagara Fiber Intermediate Corp.,Insoluble fiber filler products,First lien senior secured revolving loan ($45 par due 5/2018),7.75% (Base Rate + 4.50%/M),5/8/2014,43.0,45
271,Niagara Fiber Intermediate Corp.,Insoluble fiber filler products,First lien senior secured revolving loan ($452 par due 5/2018),6.75% (Libor + 5.50%/M),5/8/2014,435.0,452
272,Niagara Fiber Intermediate Corp.,Insoluble fiber filler products,"First lien senior secured loan ($15,619 par due 5/2018)",6.75% (Libor + 5.50%/M),5/8/2014,15467.0,15619
273,"Pelican Products, Inc.",Flashlights,"Second lien senior secured loan ($40,000 par due 4/2021)",9.25% (Libor + 8.25%/Q),4/11/2014,39943.0,40000
274,"Protective Industries, Inc. dba Caplugs",Plastic protection products,First lien senior secured loan ($992 par due 10/2019),6.25% (Libor + 5.25%/M),11/30/2012,992.0,992
275,"Protective Industries, Inc. dba Caplugs",Plastic protection products,"Preferred stock (2,379,361 shares)",0,5/23/2011,1298.0,6298
276,Saw Mill PCG Partners LLC,Metal precision engineered components manufacturer,"Common units (1,000 units)",0,1/30/2007,1000.0,0
277,"SI Holdings, Inc.","Elastomeric parts, mid-sized composite structures, and composite tooling","Common stock (1,500 shares)",0,5/30/2014,1500.0,1500
278,"SSH Environmental Industries, Inc. and SSH Non-Destructive Testing, Inc.",Magnetic sensors and supporting sensor products,"First lien senior secured loan ($10,447 par due 12/2016)",9.00% (Libor + 7.50%/Q),3/23/2012,10327.0,10447
279,TPTM Merger Corp.,Time temperature indicator products,"First lien senior secured loan ($15,830 par due 9/2018)",6.25% (Libor + 5.25%/Q),9/12/2013,15830.0,15830
280,TPTM Merger Corp.,Time temperature indicator products,"First lien senior secured loan ($9,975 par due 9/2018)",6.25% (Libor + 5.25%/Q),9/12/2013,9975.0,9975
281,"ADF Capital, Inc., ADF Restaurant Group, LLC, and ARG Restaurant Holdings, Inc.",Restaurant owner and operator,"First lien senior secured loan ($28,581 par due 12/2018)",9.25% (Libor + 8.25%/Q),11/27/2006,28582.0,28295
282,"ADF Capital, Inc., ADF Restaurant Group, LLC, and ARG Restaurant Holdings, Inc.",Restaurant owner and operator,"First lien senior secured loan ($10,919 par due 12/2018)",9.25% (Libor + 8.25%/Q),11/27/2006,10922.0,10810
283,"ADF Capital, Inc., ADF Restaurant Group, LLC, and ARG Restaurant Holdings, Inc.",Restaurant owner and operator,"Promissory note ($17,651 par due 12/2018)",0,11/27/2006,13770.0,9630
284,"ADF Capital, Inc., ADF Restaurant Group, LLC, and ARG Restaurant Holdings, Inc.",Restaurant owner and operator,"Warrants to purchase up to 23,750 units of Series",0,12/18/2013,24.0,0
285,"Benihana, Inc.",Restaurant owner and operator,First lien senior secured revolving loan ($646 par due 7/2018),7.50% (Base Rate + 4.25%/Q),8/21/2012,646.0,646
286,"Benihana, Inc.",Restaurant owner and operator,"First lien senior secured loan ($4,900 par due 1/2019)",6.75% (Libor + 5.50%/Q),8/21/2012,4900.0,4900
287,Garden Fresh Restaurant Corp.,Restaurant owner and operator,First lien senior secured revolving loan,0,10/3/2013,0.0,0
288,Garden Fresh Restaurant Corp.,Restaurant owner and operator,"First lien senior secured loan ($42,984 par due 7/2018)",10.00% (Libor + 8.50%/M),10/3/2013,42984.0,42984
289,"Hojeij Branded Foods, Inc.",Airport restaurant operator,First lien senior secured revolving loan ($450 par due 2/2017),9.00% (Libor + 8.00%/Q),2/15/2012,450.0,450
290,"Hojeij Branded Foods, Inc.",Airport restaurant operator,"First lien senior secured loan ($30,000 par due 2/2017)",9.00% (Libor + 8.00%/Q),2/15/2012,29606.0,30000
291,"Hojeij Branded Foods, Inc.",Airport restaurant operator,Warrants to purchase up to 7.5% of membership interest,0,2/15/2012,0.0,375
292,"Hojeij Branded Foods, Inc.",Airport restaurant operator,Warrants to purchase up to 324 shares of Class A common stock,0,2/15/2012,669.0,5401
293,"Orion Foods, LLC (fka Hot Stuff Foods, LLC) (7)",Convenience food service retailer,"First lien senior secured revolving loan ($3,000 par due 9/2014)",10.75% (Base Rate + 7.50%/M),4/1/2010,3000.0,3000
294,"Orion Foods, LLC (fka Hot Stuff Foods, LLC) (7)",Convenience food service retailer,"First lien senior secured loan ($32,588 par due 9/2014)",10.00% (Libor + 8.50%/Q),4/1/2010,32588.0,32588
295,"Orion Foods, LLC (fka Hot Stuff Foods, LLC) (7)",Convenience food service retailer,"Second lien senior secured loan ($19,471 par due 9/2014)",7.00%,4/1/2010,733.0,543
296,"Orion Foods, LLC (fka Hot Stuff Foods, LLC) (7)",Convenience food service retailer,"Preferred units (10,000 units)",0,10/28/2010,0.0,0
297,"Orion Foods, LLC (fka Hot Stuff Foods, LLC) (7)",Convenience food service retailer,"Class A common units (25,001 units)",0,4/1/2010,0.0,0
298,"Orion Foods, LLC (fka Hot Stuff Foods, LLC) (7)",Convenience food service retailer,"Class B common units (1,122,452 units)",0,4/1/2010,0.0,0
299,"OTG Management, LLC",Airport restaurant operator,"First lien senior secured loan ($42,575 par due 12/2017)",8.75% (Libor + 7.25%/Q),12/11/2012,42575.0,42575
300,"OTG Management, LLC",Airport restaurant operator,"Common units (3,000,000 units)",0,1/5/2011,3000.0,1843
301,"OTG Management, LLC",Airport restaurant operator,Warrants to purchase up to 7.73% of common units,0,6/19/2008,100.0,3677
302,"Papa Murphy’s Holdings, Inc.",Restaurant owner and operator,"Common stock (147,983 shares)",0,12/13/2013,1065.0,1418
303,"Performance Food Group, Inc. and Wellspring Distribution Corp",Food service distributor,"Second lien senior secured loan ($29,451 par due 11/2019)",6.25% (Libor + 5.25%/Q),5/14/2013,29326.0,29451
304,"Performance Food Group, Inc. and Wellspring Distribution Corp",Food service distributor,"Class A non-voting common stock (1,366,120 shares)",0,5/3/2008,6303.0,6750
305,"Restaurant Holding Company, LLC",Fast food restaurant operator,"First lien senior secured loan ($37,500 par due 2/2019)",8.75% (Libor + 7.75%/M),3/13/2014,37145.0,37500
306,S.B. Restaurant Company,Restaurant owner and operator,"Preferred stock (46,690 shares)",0,4/1/2010,0.0,0
307,S.B. Restaurant Company,Restaurant owner and operator,"Warrants to purchase up to 257,429 shares of common stock",0,4/1/2010,0.0,0
308,"GS Pretium Holdings, Inc.",Manufacturer and supplier of high performance plastic containers,"Common stock (500,000 shares)",0,6/2/2014,500.0,500
309,"ICSH, Inc.","Industrial container manufacturer, reconditioner and servicer",First lien senior secured revolving loan,0,8/31/2011,0.0,0
310,"ICSH, Inc.","Industrial container manufacturer, reconditioner and servicer","First lien senior secured loan ($42,241 par due 8/2016)",7.00% (Libor + 6.00%/Q),8/31/2011,42252.0,42252
311,"ICSH, Inc.","Industrial container manufacturer, reconditioner and servicer","First lien senior secured loan ($61,197 par due 8/2016)",7.00% (Libor + 6.00%/Q),8/31/2011,61197.0,61197
312,"Microstar Logistics LLC, Microstar Global Asset Management LLC, and MStar Holding Corporation",Keg management solutions provider,"Second lien senior secured loan ($142,500 par due 12/2018)",8.50% (Libor + 7.50%/Q),12/14/2012,142500.0,142500
313,"Microstar Logistics LLC, Microstar Global Asset Management LLC, and MStar Holding Corporation",Keg management solutions provider,"Common stock (50,000 shares)",0,12/14/2012,3970.0,6598
314,"Driven Brands, Inc. and Driven Holdings, LLC",Automotive aftermarket car care franchisor,First lien senior secured loan ($980 par due 3/2017),6.00% (Libor + 5.00%/Q),12/16/2011,980.0,980
315,"Driven Brands, Inc. and Driven Holdings, LLC",Automotive aftermarket car care franchisor,First lien senior secured loan ($15 par due 3/2017),7.25% (Base Rate + 4.00%/Q),12/16/2011,15.0,15
316,"Driven Brands, Inc. and Driven Holdings, LLC",Automotive aftermarket car care franchisor,"Preferred stock (247,500 units)",0,12/16/2011,2475.0,2968
317,"Driven Brands, Inc. and Driven Holdings, LLC",Automotive aftermarket car care franchisor,"Common stock (25,000 units)",0,12/16/2011,25.0,842
318,"Eckler Industries, Inc.",Restoration parts and accessories provider for classic automobiles,"First lien senior secured revolving loan ($2,900 par due 7/2017)",8.25% (Base Rate + 5.00%/Q),7/12/2012,2900.0,2900
319,"Eckler Industries, Inc.",Restoration parts and accessories provider for classic automobiles,"First lien senior secured loan ($8,074 par due 7/2017)",7.25% (Libor + 6.00%/M),7/12/2012,8074.0,8074
320,"Eckler Industries, Inc.",Restoration parts and accessories provider for classic automobiles,"First lien senior secured loan ($30,286 par due 7/2017)",7.25% (Libor + 6.00%/M),7/12/2012,30286.0,30286
321,"Eckler Industries, Inc.",Restoration parts and accessories provider for classic automobiles,"Series A preferred stock (1,800 shares)",0,7/12/2012,1800.0,1801
322,"Eckler Industries, Inc.",Restoration parts and accessories provider for classic automobiles,"Common stock (20,000 shares)",0,7/12/2012,200.0,0
323,"EcoMotors, Inc.",Engine developer,"First lien senior secured loan ($4,697 par due 10/2016)",10.83%,12/28/2012,4592.0,4697
324,"EcoMotors, Inc.",Engine developer,"First lien senior secured loan ($5,000 par due 6/2017)",10.83%,12/28/2012,4871.0,5000
325,"EcoMotors, Inc.",Engine developer,"First lien senior secured loan ($4,021 par due 7/2016)",10.13%,12/28/2012,3946.0,4021
326,"EcoMotors, Inc.",Engine developer,"Warrant to purchase up to 321,888 shares of Series C preferred stock",0,12/28/2012,0.0,43
327,"Service King Paint & Body, LLC",Collision repair site operators,"First lien senior secured loan ($8,525 par due 8/2017)",4.00% (Libor + 3.00%/Q),8/20/2012,8525.0,8525
328,"Service King Paint & Body, LLC",Collision repair site operators,"First lien senior secured loan ($142,464 par due 8/2017)",6.00% (Libor + 5.00%/Q),8/20/2012,142464.0,142464
329,"Service King Paint & Body, LLC",Collision repair site operators,"First lien senior secured loan ($10,000 par due 8/2017)",6.00% (Libor + 5.00%/Q),8/20/2012,10000.0,10000
330,"Service King Paint & Body, LLC",Collision repair site operators,"First lien senior secured loan ($9,540 par due 8/2017)",4.00% (Libor + 3.00%/Q),8/20/2012,9540.0,9540
331,"Service King Paint & Body, LLC",Collision repair site operators,Membership interest,0,8/20/2012,5000.0,11490
332,Fulton Holdings Corp.,Airport restaurant operator,"First lien senior secured loan ($43,000 par due 5/2018)",8.50%,5/10/2013,43000.0,43000
333,Fulton Holdings Corp.,Airport restaurant operator,"First lien senior secured loan ($40,000 par due 5/2018)",8.50%,5/28/2010,40000.0,40000
334,Fulton Holdings Corp.,Airport restaurant operator,"Common stock (19,672 shares)",0,5/28/2010,1461.0,2222
335,"Paper Source, Inc. and Pine Holdings, Inc.",Retailer of fine and artisanal paper products,"First lien senior secured loan ($8,908 par due 9/2018)",7.25% (Libor + 6.25%/Q),9/23/2013,8908.0,8908
336,"Paper Source, Inc. and Pine Holdings, Inc.",Retailer of fine and artisanal paper products,"First lien senior secured loan ($9,950 par due 9/2018)",7.25% (Libor + 6.25%/Q),9/23/2013,9950.0,9950
337,"Paper Source, Inc. and Pine Holdings, Inc.",Retailer of fine and artisanal paper products,"Class A common stock (36,364 shares)",0,9/23/2013,6000.0,7127
338,"Things Remembered, Inc.",Personalized gifts retailer,"First lien senior secured loan ($14,738 par due 5/2018)",8.00% (Libor + 6.50%/Q),5/24/2012,14738.0,14590
339,"Argotec, LLC",Thermoplastic polyurethane films,"First lien senior secured revolving loan ($1,387 par due 5/2018)",7.00% (Base Rate + 3.75%/M),5/31/2013,1387.0,1387
340,"Argotec, LLC",Thermoplastic polyurethane films,"First lien senior secured loan ($18,714 par due 5/2019)",5.25% (Libor + 4.25%/M),5/31/2013,18714.0,18714
341,"Emerald Performance Materials, LLC",Polymers and performance materials manufacturer,"First lien senior secured loan ($17,640 par due 5/2018)",6.75% (Libor + 5.50%/M),12/13/2013,18104.0,17640
342,"K2 Pure Solutions Nocal, L.P.",Chemical producer,"First lien senior secured revolving loan ($4,256 par due 8/2019)",8.13% (Libor + 7.13%/M),8/19/2013,4256.0,4213
343,"K2 Pure Solutions Nocal, L.P.",Chemical producer,"First lien senior secured loan ($21,500 par due 8/2019)",7.00% (Libor + 6.00%/M),8/19/2013,21500.0,21285
344,"K2 Pure Solutions Nocal, L.P.",Chemical producer,"First lien senior secured loan ($40,000 par due 8/2019)",7.00% (Libor + 6.00%/M),8/19/2013,40000.0,39600
345,"K2 Pure Solutions Nocal, L.P.",Chemical producer,"First lien senior secured loan ($20,000 par due 8/2019)",7.00% (Libor + 6.00%/M),8/19/2013,20000.0,19800
346,"Cadence Aerospace, LLC (fka PRV Aerospace, LLC)",Aerospace precision components manufacturer,"First lien senior secured loan ($4,436 par due 5/2018)",6.50% (Libor + 5.25%/Q),5/15/2012,4406.0,4436
347,"Cadence Aerospace, LLC (fka PRV Aerospace, LLC)",Aerospace precision components manufacturer,"Second lien senior secured loan ($79,657 par due 5/2019)",10.50% (Libor + 9.25%/Q),5/10/2012,79658.0,75674
348,"ILC Industries, LLC",Designer and manufacturer of protective cases and technically advanced lighting systems,"First lien senior secured loan ($18,347 par due 7/2018)",8.00% (Libor + 6.50%/Q),7/13/2012,18081.0,18347
349,"Wyle Laboratories, Inc. and Wyle Holdings, Inc.","Provider of specialized engineering, scientific and technical services",Senior preferred stock (775 shares),8.00% PIK,1/17/2008,116.0,116
350,"Wyle Laboratories, Inc. and Wyle Holdings, Inc.","Provider of specialized engineering, scientific and technical services","Common stock (1,885,195 shares)",0,1/17/2008,2291.0,2134
351,"10th Street, LLC and New 10th Street, LLC (7)",Real estate holding company,"First lien senior secured loan ($24,938 par due 11/2019)","7.00% Cash, 1.00% PIK",3/31/2014,24938.0,24938
352,"10th Street, LLC and New 10th Street, LLC (7)",Real estate holding company,"Senior subordinated loan ($26,829 par due 11/2019)","7.00% Cash, 1.00% PIK",4/1/2010,26829.0,26829
353,"10th Street, LLC and New 10th Street, LLC (7)",Real estate holding company,Member interest (10.00% interest),0,4/1/2010,594.0,15749
354,"10th Street, LLC and New 10th Street, LLC (7)",Real estate holding company,"Option (25,000 units)",0,4/1/2010,25.0,25
355,"American Commercial Coatings, Inc.",Real estate property,"Commercial mortgage loan ($2,038 par due 12/2025)",8.75% (Libor + 7.25%/Q),4/1/2010,595.0,1350
356,"Cleveland East Equity, LLC",Hotel operator,Real estate equity interests,0,4/1/2010,1026.0,4261
357,"Commons R-3, LLC",Real estate developer,Real estate equity interests,0,4/1/2010,0.0,0
358,"Crescent Hotels & Resorts, LLC and affiliates (7)",Hotel operator,"Senior subordinated loan ($2,236 par due 9/2011)",0,4/1/2010,0.0,0
359,"Crescent Hotels & Resorts, LLC and affiliates (7)",Hotel operator,Common equity interest,0,4/1/2010,0.0,0
360,"NPH, Inc.",Hotel property,Real estate equity interests,0,4/1/2010,5291.0,6023
361,"Batanga, Inc.",Independent digital media company,"First lien senior secured revolving loan ($4,000 par due 10/2014)",8.50%,10/31/2012,4000.0,4000
362,"Batanga, Inc.",Independent digital media company,"First lien senior secured loan ($4,090 par due 11/2016)",9.60%,10/31/2012,4090.0,4183
363,"Batanga, Inc.",Independent digital media company,"First lien senior secured loan ($4,038 par due 9/2017)",9.60%,10/31/2012,4038.0,4038
364,"Earthcolor Group, LLC",Printing management services,Limited liability company interests (9.30%),0,5/18/2012,0.0,0
365,"The Teaching Company, LLC and The Teaching Company Holdings, Inc.",Education publications provider,"First lien senior secured loan ($20,670 par due 3/2017)",9.00% (Libor + 7.50%/Q),3/6/2011,20670.0,20257
366,"The Teaching Company, LLC and The Teaching Company Holdings, Inc.",Education publications provider,"First lien senior secured loan ($9,600 par due 3/2017)",9.00% (Libor + 7.50%/Q),3/6/2011,9600.0,9408
367,"The Teaching Company, LLC and The Teaching Company Holdings, Inc.",Education publications provider,"Preferred stock (10,663 shares)",0,9/29/2006,1066.0,2570
368,"The Teaching Company, LLC and The Teaching Company Holdings, Inc.",Education publications provider,"Common stock (15,393 shares)",0,9/29/2006,3.0,6
369,"UL Holding Co., LLC and Universal Lubricants, LLC (6)",Petroleum product manufacturer,"Second lien senior secured loan ($10,669 par due 12/2016)",0,4/30/2012,9067.0,7080
370,"UL Holding Co., LLC and Universal Lubricants, LLC (6)",Petroleum product manufacturer,"Second lien senior secured loan ($2,134 par due 12/2016)",0,4/30/2012,1801.0,1416
371,"UL Holding Co., LLC and Universal Lubricants, LLC (6)",Petroleum product manufacturer,"Second lien senior secured loan ($48,380 par due 12/2016)",0,4/30/2012,40828.0,32106
372,"UL Holding Co., LLC and Universal Lubricants, LLC (6)",Petroleum product manufacturer,"Class A common units (151,236 units)",0,6/17/2011,1512.0,0
373,"UL Holding Co., LLC and Universal Lubricants, LLC (6)",Petroleum product manufacturer,"Class B-5 common units (599,200 units)",0,6/17/2011,5472.0,0
374,"UL Holding Co., LLC and Universal Lubricants, LLC (6)",Petroleum product manufacturer,"Class B-4 common units (50,000 units)",0,4/25/2008,500.0,0
375,"UL Holding Co., LLC and Universal Lubricants, LLC (6)",Petroleum product manufacturer,"Class C common units (758,546 units)",0,4/25/2008,0.0,0
376,"UL Holding Co., LLC and Universal Lubricants, LLC (6)",Petroleum product manufacturer,"Warrant to purchase up to 256,666 shares of",0,5/2/2014,0.0,0
377,"UL Holding Co., LLC and Universal Lubricants, LLC (6)",Petroleum product manufacturer,"Warrant to purchase up to 21,120 shares of Class B-2 units",0,5/2/2014,0.0,0
378,"UL Holding Co., LLC and Universal Lubricants, LLC (6)",Petroleum product manufacturer,"Warrant to purchase up to 10,560 shares of Class B-1 units",0,5/2/2014,0.0,0
379,"UL Holding Co., LLC and Universal Lubricants, LLC (6)",Petroleum product manufacturer,"Warrant to purchase up to 10,992 shares of Class B-3 units",0,5/2/2014,0.0,0
380,"UL Holding Co., LLC and Universal Lubricants, LLC (6)",Petroleum product manufacturer,"Warrant to purchase up to 37,882 shares of Class B-5 units",0,5/2/2014,0.0,0
381,"UL Holding Co., LLC and Universal Lubricants, LLC (6)",Petroleum product manufacturer,"Warrant to purchase up to 21,978 shares of Class B-6 units",0,5/2/2014,0.0,0
382,"UL Holding Co., LLC and Universal Lubricants, LLC (6)",Petroleum product manufacturer,"Warrant to purchase up to 385,631 shares of Class C units",0,5/2/2014,0.0,0
383,PODS Funding Corp. II,Storage and warehousing,"First lien senior secured loan ($4,087 par due 12/2018)",7.00% (Libor + 6.00%/Q),3/12/2014,4087.0,4087
384,PODS Funding Corp. II,Storage and warehousing,"First lien senior secured loan ($35,628 par due 12/2018)",7.00% (Libor + 6.00%/Q),12/19/2013,35628.0,35628
385,"United Road Towing, Inc.",Towing company,Warrants to purchase up to 607 shares,0,4/1/2010,0.0,0
386,"Athletic Club Holdings, Inc.",Premier health club operator,"First lien senior secured loan ($34,000 par due 3/2019)",7.25% (Libor + 6.00%/M),10/11/2007,34000.0,34000
387,"CFW Co-Invest, L.P. and NCP Curves, L.P.",Health club franchisor,"Limited partnership interest (4,152,165 shares)",0,7/31/2012,4152.0,3391
388,"CFW Co-Invest, L.P. and NCP Curves, L.P.",Health club franchisor,"Limited partnership interest (2,218,235 shares)",0,7/31/2012,2218.0,1812
389,"American Broadband Communications, LLC, American Broadband Holding Company, and Cameron Holdings of NC, Inc.",Broadband communication services,Warrants to purchase up to 378 shares,0,11/7/2007,0.0,8516
390,"American Broadband Communications, LLC, American Broadband Holding Company, and Cameron Holdings of NC, Inc.",Broadband communication services,Warrants to purchase up to 200 shares,0,9/1/2010,0.0,4506
391,EUNetworks Group Limited (8),Broadband bandwidth infrastructure provider,"First lien senior secured loan ($20,446 par due 5/2019)",7.50% (Libor + 6.50%/M),12/13/2013,21028.0,20796
392,"Quantance, Inc.",Designer of semiconductor products to the mobile wireless market,"First lien senior secured loan ($3,500 par due 9/2016)",10.25%,8/23/2013,3418.0,3500
393,"Quantance, Inc.",Designer of semiconductor products to the mobile wireless market,"Warrant to purchase up to 130,432 shares of Series D preferred stock",0,8/23/2013,74.0,74
394,"Startec Equity, LLC (7)",Communication services,Member interest,0,4/1/2010,0.0,0
395,Wilcon Holdings LLC,Communications infrastructure provider,"Class A common stock (2,000,000 shares)",0,12/13/2013,1829.0,1789
396,"Genomatica, Inc.",Developer of a biotechnology,Warrant to purchase,0,3/28/2013,0.0,6
397,"RE Community Holdings II, Inc., Pegasus Community Energy, LLC., and MPH Energy Holdings, LP",Operator of municipal recycling facilities,"Preferred stock (1,000 shares)",0,3/1/2011,8839.0,0
398,"RE Community Holdings II, Inc., Pegasus Community Energy, LLC., and MPH Energy Holdings, LP",Operator of municipal recycling facilities,Limited partnership interest (3.13% interest),0,1/8/2014,0.0,0
399,"Waste Pro USA, Inc.",Waste management services,"Preferred Class A common equity (611,615 shares)",0,11/9/2006,12263.0,29737
400,"Apple & Eve, LLC and US Juice Partners, LLC (6)",Juice manufacturer,"Senior units (50,000 units)",0,10/5/2007,5000.0,8714
401,Distant Lands Trading Co.,Coffee manufacturer,"Class A common stock (1,294 shares)",0,4/1/2010,980.0,0
402,Distant Lands Trading Co.,Coffee manufacturer,"Class A-1 common stock (2,157 shares)",0,4/1/2010,0.0,0
403,"Kinestal Technologies, Inc.","Designer of adaptive, dynamic glass for the commercial and residential markets","First lien senior secured loan ($6,500 par due 8/2017)",10.00%,4/22/2014,6368.0,6435
404,"Kinestal Technologies, Inc.","Designer of adaptive, dynamic glass for the commercial and residential markets","Warrant to purchase up to 325,000 shares of Series A preferred stock",0,4/22/2014,73.0,73
405,"BECO Holding Company, Inc.",Wholesale distributor of first response fire protection equipment and related parts,"Common stock (25,000 shares)",0,7/30/2010,2500.0,3630
