,Company(1),Business Description,Investment,Interest(5)(11),Acquisition  Date,Amortized  Cost,Fair Value
0,"CIC Flex, LP (9)",Investment partnership,Limited partnership units (0.94 units),0,9/7/2007,811.0,3561
1,"Covestia Capital Partners, LP (9)",Investment partnership,Limited partnership interest (47.00% interest),0,6/17/2008,487.0,838
2,"Dynamic India Fund IV, LLC (8)(9)",Investment company,Member interest (5.44% interest),0,4/1/2010,4822.0,2903
3,"HCI Equity, LLC (7)(8)(9)",Investment company,Member interest (100.00% interest),0,4/1/2010,112.0,411
4,"Imperial Capital Private Opportunities, LP (9)",Investment partnership,Limited partnership interest (80.00% interest),0,5/10/2007,5914.0,12548
5,"Partnership Capital Growth Fund I, L.P. (9)",Investment partnership,Limited partnership interest (25.00% interest),0,6/16/2006,1403.0,3631
6,"Partnership Capital Growth Investors III, L.P. (9)",Investment partnership,Limited partnership interest (2.50% interest),0,10/5/2011,1843.0,1999
7,"Piper Jaffray Merchant Banking Fund I, L.P. (9)",Investment partnership,Limited partnership interest (2.00% interest),0,8/16/2012,828.0,767
8,Senior Secured Loan Fund LLC (7)(10),Co-investment vehicle,"Subordinated certificates ($1,814,766 par due 12/2024)",8.23% (Libor + 8.00%/Q)(26),10/30/2009,1814766.0,1841987
9,Senior Secured Loan Fund LLC (7)(10),Co-investment vehicle,Membership interest (87.50% interest),0,10/30/2009,0.0,0
10,VSC Investors LLC (9),Investment company,Membership interest (1.95% interest),0,1/24/2008,695.0,1267
11,Alegeus Technologies Holdings Corp.,Benefits administration and transaction processing provider,"Preferred stock (2,997 shares)",0,12/13/2013,3087.0,2702
12,Alegeus Technologies Holdings Corp.,Benefits administration and transaction processing provider,Common stock (3 shares),0,12/13/2013,3.0,27
13,"ATI Phyiscal Therapy Holdings, LLC",Outpatient rehabilitation services provider,"Class C common stock (51,005 shares)",0,12/13/2013,53.0,55
14,"AxelaCare Holdings, Inc. and AxelaCare Investment Holdings, L.P.",Provider of home infusion services,"First lien senior secured loan ($4,430 par due 4/2019)",5.75% (Libor + 4.50%/Q),4/12/2013,4430.0,4430
15,"AxelaCare Holdings, Inc. and AxelaCare Investment Holdings, L.P.",Provider of home infusion services,"Preferred units (8,218,160 units)",0,4/12/2013,822.0,820
16,"AxelaCare Holdings, Inc. and AxelaCare Investment Holdings, L.P.",Provider of home infusion services,"Common units (83,010 units)",0,4/12/2013,8.0,7
17,"California Forensic Medical Group, Incorporated",Correctional facility healthcare operator,"First lien senior secured loan ($53,504 par due 11/2018)",9.25% (Libor + 8.00%/Q),11/16/2012,53504.0,53504
18,"CCS Group Holdings, LLC",Correctional facility healthcare operator,"Class A units (601,937 units)",0,8/19/2010,602.0,1423
19,"CT Technologies Intermediate Holdings, Inc. and CT Technologies Holdings LLC (6)",Healthcare analysis services provider,First lien senior secured revolving loan ($144 par due 10/2018),6.25% (Base Rate + 3.00%/Q),10/4/2013,144.0,144
20,"CT Technologies Intermediate Holdings, Inc. and CT Technologies Holdings LLC (6)",Healthcare analysis services provider,"Class A common stock (9,679 shares)",0,6/15/2007,2543.0,4449
21,"CT Technologies Intermediate Holdings, Inc. and CT Technologies Holdings LLC (6)",Healthcare analysis services provider,"Class C common stock (1,546 shares)",0,6/15/2007,0.0,711
22,"Dialysis Newco, Inc.",Dialysis provider,"First lien senior secured loan ($1,823 par due 8/2020)",5.25% (Libor + 4.25%/Q),8/16/2013,1823.0,1823
23,"Dialysis Newco, Inc.",Dialysis provider,"First lien senior secured loan ($13,676 par due 8/2020)",5.25% (Libor + 4.25%/Q),8/16/2013,13676.0,13676
24,"Dialysis Newco, Inc.",Dialysis provider,"Second lien senior secured loan ($56,500 par due 2/2021)",9.75% (Libor + 8.50%/Q),8/16/2013,56500.0,58195
25,"DNAnexus, Inc.",Bioinformatics company,"First lien senior secured loan ($5,000 par due 10/2017)",9.25%,3/21/2014,4752.0,5000
26,"DNAnexus, Inc.",Bioinformatics company,"Warrants to purchase up to 454,546 units of Series C preferred stock",0,3/21/2014,0.0,0
27,"Genocea Biosciences, Inc.",Vaccine discovery technology company,"First lien senior secured loan ($10,000 par due 4/2017)",8.00%,9/30/2013,9818.0,10000
28,"Genocea Biosciences, Inc.",Vaccine discovery technology company,"Common stock (34,500 shares)",0,9/30/2013,0.0,654
29,"GI Advo Opco, LLC",Residential behavioral treatment services provider,"First lien senior secured loan ($14,523 par due 6/2017)",6.00% (Libor + 4.75%/Q),12/13/2013,14922.0,14523
30,"GI Advo Opco, LLC",Residential behavioral treatment services provider,First lien senior secured loan ($280 par due 6/2017),7.00% (Base Rate + 3.75%/Q),12/13/2013,288.0,280
31,"Global Healthcare Exchange, LLC and GHX Ultimate Parent Corp.",On-demand supply chain automation solutions provider,"First lien senior secured loan ($125,000 par due 3/2020)",10.00% (Libor + 9.00%/Q),3/11/2014,123835.0,125000
32,"Global Healthcare Exchange, LLC and GHX Ultimate Parent Corp.",On-demand supply chain automation solutions provider,"Class A common stock (2,475 shares)",0,3/11/2014,2475.0,2475
33,"Global Healthcare Exchange, LLC and GHX Ultimate Parent Corp.",On-demand supply chain automation solutions provider,Class B common stock (938 shares),0,3/11/2014,25.0,25
34,"INC Research, Inc.",Pharmaceutical and biotechnology consulting services,"Common stock (1,410,000 shares)",0,9/27/2010,1512.0,1846
35,Intermedix Corporation,Revenue cycle management provider to the emergency healthcare industry,"Second lien senior secured loan ($112,000 par due 6/2020)",9.25% (Libor + 8.25%/Q),12/27/2012,112000.0,112000
36,"LM Acquisition Holdings, LLC (8)",Developer and manufacturer of medical equipment,Class A units (426 units),0,9/27/2013,1000.0,1024
37,"MC Acquisition Holdings I, LLC",Healthcare professional provider,"Class A units (1,000,000 units)",0,1/17/2014,1000.0,1000
38,"Monte Nido Holdings, LLC",Outpatient eating disorder treatment provider,"First lien senior secured loan ($44,750 par due 12/2019)",7.75% (Libor + 6.75%/Q),12/20/2013,44750.0,44750
39,MW Dental Holding Corp.,Dental services provider,"First lien senior secured loan ($1,000 par due 4/2017)",8.50% (Libor + 7.00%/M),4/12/2011,1000.0,1000
40,MW Dental Holding Corp.,Dental services provider,"First lien senior secured loan ($35,004 par due 4/2017)",8.50% (Libor + 7.00%/M),4/12/2011,35004.0,35004
41,MW Dental Holding Corp.,Dental services provider,"First lien senior secured loan ($48,609 par due 4/2017)",8.50% (Libor + 7.00%/M),4/12/2011,48609.0,48609
42,MW Dental Holding Corp.,Dental services provider,"First lien senior secured loan ($9,771 par due 4/2017)",8.50% (Libor + 7.00%/M),4/12/2011,9771.0,9771
43,Napa Management Services Corporation,Anesthesia management services provider,"First lien senior secured loan ($66,734 par due 2/2019)",6.00% (Libor + 5.00%/Q),4/15/2011,66734.0,66734
44,Napa Management Services Corporation,Anesthesia management services provider,"First lien senior secured loan ($33,266 par due 2/2019)",6.00% (Libor + 5.00%/Q),4/15/2011,33206.0,33266
45,Napa Management Services Corporation,Anesthesia management services provider,"Common units (5,345 units)",0,4/15/2011,5623.0,8717
46,National Healing Corporation and National Healing Holding Corp.,Wound care service and equipment provider,"Second lien senior secured loan ($10,000 par due 2/2020)",9.25% (Libor + 8.00%/Q),12/13/2013,10285.0,10200
47,National Healing Corporation and National Healing Holding Corp.,Wound care service and equipment provider,"Preferred stock (869,565 shares)",0,12/13/2013,1296.0,1462
48,"Netsmart Technologies, Inc. and NS Holdings, Inc.",Healthcare technology provider,"First lien senior secured loan ($2,817 par due 12/2017)",8.75% (Libor + 7.50%/Q),12/18/2012,2817.0,2817
49,"Netsmart Technologies, Inc. and NS Holdings, Inc.",Healthcare technology provider,"First lien senior secured loan ($36,027 par due 12/2017)",8.75% (Libor + 7.50%/Q),12/18/2012,36027.0,36027
50,"Netsmart Technologies, Inc. and NS Holdings, Inc.",Healthcare technology provider,"Common stock (2,500,000 shares)",0,6/21/2010,2500.0,3715
51,"New Trident Holdcorp, Inc.",Outsourced mobile diagnostic healthcare service provider,"Second lien senior secured loan ($80,000 par due 7/2020)",10.25% (Libor + 9.00%/Q),8/6/2013,78505.0,80000
52,"OmniSYS Acquisition Corporation, OmniSYS, LLC, and OSYS Holdings, LLC",Provider of technology-enabled solutions to pharmacies,"First lien senior secured loan ($20,869 par due 11/2018)",8.50% (Libor + 7.50%/Q),11/21/2013,20869.0,20869
53,"OmniSYS Acquisition Corporation, OmniSYS, LLC, and OSYS Holdings, LLC",Provider of technology-enabled solutions to pharmacies,Limited liability company membership interest (1.57%),0,11/21/2013,1000.0,1031
54,"PerfectServe, Inc.",Communications software platform provider for hospitals and physician practices,"First lien senior secured loan ($3,500 par due 4/2017)",10.00%,12/26/2013,3467.0,3500
55,"PerfectServe, Inc.",Communications software platform provider for hospitals and physician practices,"Warrants to purchase up to 34,113 units of Series C preferred stock",0,12/26/2013,0.0,70
56,"PG Mergersub, Inc. and PGA Holdings, Inc.","Provider of patient surveys, management reports and national databases for the integrated healthcare delivery system","Second lien senior secured loan ($2,368 par due 10/2018)",8.25% (Libor + 7.00%/M),12/13/2013,2435.0,2368
57,"PG Mergersub, Inc. and PGA Holdings, Inc.","Provider of patient surveys, management reports and national databases for the integrated healthcare delivery system","Second lien senior secured loan ($21,316 par due 10/2018)",8.25% (Libor + 7.00%/M),4/19/2012,21316.0,21316
58,"PG Mergersub, Inc. and PGA Holdings, Inc.","Provider of patient surveys, management reports and national databases for the integrated healthcare delivery system",Preferred stock (333 shares),0,3/12/2008,125.0,18
59,"PG Mergersub, Inc. and PGA Holdings, Inc.","Provider of patient surveys, management reports and national databases for the integrated healthcare delivery system","Common stock (16,667 shares)",0,3/12/2008,167.0,892
60,"Physiotherapy Associates Holdings, Inc.",Outpatient rehabilitation physical therapy provider,"Class A common stock (100,000 shares)",0,12/13/2013,3090.0,3090
61,"POS I Corp. (fka Vantage Oncology, Inc.)",Radiation oncology care provider,"Common stock (62,157 shares)",0,2/3/2011,4670.0,1043
62,"RCHP, Inc.",Operator of general acute care hospitals,"First lien senior secured loan ($4,875 par due 11/2018)",7.00% (Libor + 5.75%/Q),11/4/2011,4875.0,4875
63,"RCHP, Inc.",Operator of general acute care hospitals,"First lien senior secured loan ($60,365 par due 11/2018)",7.00% (Libor + 5.75%/Q),11/4/2011,60344.0,60365
64,"RCHP, Inc.",Operator of general acute care hospitals,"First lien senior secured loan ($9,975 par due 11/2018)",7.00% (Libor + 5.75%/Q),11/4/2011,9975.0,9975
65,"RCHP, Inc.",Operator of general acute care hospitals,"Second lien senior secured loan ($85,000 par due 5/2019)",11.50% (Libor + 10.00%/Q),11/4/2011,85000.0,85850
66,"Reed Group, Ltd.",Medical disability management services provider,Equity interests,0,4/1/2010,0.0,0
67,"Respicardia, Inc.",Developer of implantable therapies to improve cardiovascular health,"First lien senior secured loan ($3,200 par due 7/2015)",11.00%,6/28/2012,3191.0,3200
68,"Respicardia, Inc.",Developer of implantable therapies to improve cardiovascular health,"Warrants to purchase up to 99,094 shares of Series C preferred stock",0,6/26/2012,38.0,29
69,"Sage Products Holdings III, LLC",Patient infection control and preventive care solutions provider,"Second lien senior secured loan ($75,000 par due 6/2020)",9.25% (Libor + 8.00%/Q),12/13/2012,75000.0,75000
70,"Sorbent Therapeutics, Inc.",Orally-administered drug developer,"First lien senior secured loan ($6,370 par due 9/2016)",10.25%,4/23/2013,6370.0,6370
71,"Sorbent Therapeutics, Inc.",Orally-administered drug developer,"Warrant to purchase up to 727,272 shares of Series C Preferred Stock",0,4/23/2013,0.0,25
72,"SurgiQuest, Inc.",Medical device company,"First lien senior secured revolving loan ($2,200 par due 9/2014)",8.50%,9/28/2012,2200.0,2200
73,"SurgiQuest, Inc.",Medical device company,"First lien senior secured loan ($5,726 par due 10/2017)",10.00%,9/28/2012,5603.0,5726
74,"SurgiQuest, Inc.",Medical device company,"First lien senior secured loan ($2,000 par due 10/2017)",10.69%,9/28/2012,1957.0,2000
75,"SurgiQuest, Inc.",Medical device company,"Warrants to purchase up to 54,672 shares of Series D-4 convertible preferred stock",0,9/28/2012,0.0,0
76,"U.S. Anesthesia Partners, Inc.",Anesthesiology service provider,"First lien senior secured loan ($29,925 par due 12/2019)",7.25% (Base Rate + 4.00%/Q),12/31/2013,29925.0,29925
77,"Young Innovations, Inc.",Dental supplies and equipment manufacturer,"First lien senior secured loan ($9,445 par due 1/2019)",5.75% (Libor + 4.50%/Q),1/31/2013,9445.0,9445
78,"Young Innovations, Inc.",Dental supplies and equipment manufacturer,First lien senior secured loan ($8 par due 1/2019),6.75% (Base Rate + 3.50%/Q),1/31/2013,8.0,8
79,"Young Innovations, Inc.",Dental supplies and equipment manufacturer,"First lien senior secured loan ($12,958 par due 1/2019)",5.75% (Libor + 4.50%/Q),1/31/2013,12958.0,12958
80,"Young Innovations, Inc.",Dental supplies and equipment manufacturer,First lien senior secured loan ($12 par due 1/2019),6.75% (Base Rate + 3.50%/Q),1/31/2013,12.0,12
81,2329497 Ontario Inc. (8),Provider of outsourced data center infrastructure and related services,"Second lien senior secured loan ($45,000 par due 6/2019)",10.50% (Libor + 9.25%/M),12/13/2013,43496.0,41557
82,"Access CIG, LLC",Records and information management services provider,First lien senior secured loan ($988 par due 10/2017),7.00% (Libor + 5.75%/M),10/5/2012,988.0,988
83,"BlackArrow, Inc.",Advertising and data solutions software platform provider for the television and video industry,"First lien senior secured loan ($8,000 par due 9/2017)",9.25%,3/13/2014,7723.0,7920
84,"BlackArrow, Inc.",Advertising and data solutions software platform provider for the television and video industry,"Warrants to purchase up to 517,386 shares of Series C preferred stock",0,3/13/2014,0.0,76
85,"BluePay Processing, Inc.",Technology-enabled payment processing solutions provider,"First lien senior secured loan ($5,970 par due 8/2019)",5.00% (Libor + 4.00%/Q),8/30/2013,5970.0,5970
86,"BluePay Processing, Inc.",Technology-enabled payment processing solutions provider,First lien senior secured loan ($15 par due 8/2019),6.25% (Base Rate + 3.00%/Q),8/30/2013,15.0,15
87,"Cast & Crew Payroll, LLC and Centerstage Co-Investors, L.L.C. (6)",Payroll and accounting services provider to the entertainment industry,"First lien senior secured loan ($12,934 par due 12/2017)",5.75% (Libor + 4.75%/Q),12/24/2012,12934.0,12934
88,"Cast & Crew Payroll, LLC and Centerstage Co-Investors, L.L.C. (6)",Payroll and accounting services provider to the entertainment industry,"First lien senior secured loan ($44,671 par due 12/2017)",5.75% (Libor + 4.75%/Q),12/24/2012,44671.0,44671
89,"Cast & Crew Payroll, LLC and Centerstage Co-Investors, L.L.C. (6)",Payroll and accounting services provider to the entertainment industry,"Class A membership units (2,500,000 units)",0,12/24/2012,2500.0,4634
90,"Cast & Crew Payroll, LLC and Centerstage Co-Investors, L.L.C. (6)",Payroll and accounting services provider to the entertainment industry,"Class B membership units (2,500,000 units)",0,12/24/2012,2500.0,4634
91,"CIBT Investment Holdings, LLC",Expedited travel document processing services,"Class A shares (2,500 shares)",0,12/15/2011,2500.0,3758
92,CitiPostal Inc. (7),Document storage and management services,"First lien senior secured revolving loan ($2,500 par due 12/2014)",6.50% (Libor + 4.50%/M),4/1/2010,2500.0,2500
93,CitiPostal Inc. (7),Document storage and management services,"First lien senior secured loan ($53,846 par due 12/2014)",0,4/1/2010,52041.0,41500
94,CitiPostal Inc. (7),Document storage and management services,"Senior subordinated loan ($21,027 par due 12/2015)",0,4/1/2010,13038.0,0
95,CitiPostal Inc. (7),Document storage and management services,"Common stock (37,024 shares)",0,4/1/2010,0.0,0
96,"Command Alkon, Inc.",Software solutions provider to the ready-mix concrete industry,"Second lien senior secured loan ($10,000 par due 3/2018)",8.75% (Libor + 7.50%/Q),9/28/2012,10000.0,10000
97,"Command Alkon, Inc.",Software solutions provider to the ready-mix concrete industry,"Second lien senior secured loan ($26,500 par due 5/2019)",8.75% (Libor + 7.50%/S),9/28/2012,26500.0,26500
98,"Coverall North America, Inc.",Commercial janitorial services provider,Letter of credit facility,0,1/17/2013,0.0,0
99,"First Insight, Inc.",SaaS company providing merchandising and pricing solutions to companies worldwide,"First lien senior secured loan ($3,500 par due 4/2017)",9.50%,3/20/2014,3396.0,3465
100,"First Insight, Inc.",SaaS company providing merchandising and pricing solutions to companies worldwide,"Warrants to purchase up to 122,827 shares of Series C preferred stock",0,3/20/2014,0.0,7
101,"GHS Interactive Security, LLC and LG Security Holdings, LLC",Originates residential security alarm contracts,"First lien senior secured loan ($3,915 par due 5/2018)",7.50% (Libor + 6.00%/S),12/13/2013,3973.0,3954
102,"GHS Interactive Security, LLC and LG Security Holdings, LLC",Originates residential security alarm contracts,"Class A membership units (1,560,000 units)",0,12/13/2013,1607.0,432
103,"HCPro, Inc. and HCP Acquisition Holdings, LLC (7)",Healthcare compliance advisory services,"Senior subordinated loan ($9,100 par due 8/2014)",0,3/5/2013,2691.0,0
104,"HCPro, Inc. and HCP Acquisition Holdings, LLC (7)",Healthcare compliance advisory services,"Class A units (14,293,110 units)",0,6/26/2008,12793.0,0
105,IfByPhone Inc.,Voice-based marketing automation software provider,"First lien senior secured loan ($1,333 par due 11/2015)",11.00%,10/15/2012,1300.0,1333
106,IfByPhone Inc.,Voice-based marketing automation software provider,First lien senior secured loan ($733 par due 1/2016),11.00%,10/15/2012,733.0,733
107,IfByPhone Inc.,Voice-based marketing automation software provider,"Warrant to purchase up to 124,300 shares of Series C preferred stock",0,10/15/2012,88.0,61
108,"Investor Group Services, LLC (6)",Business consulting for private equity and corporate clients,Limited liability company membership interest (8.5% interest),0,6/22/2006,0.0,630
109,"IronPlanet, Inc.",Online auction platform provider for used heavy equipment,"First lien senior secured revolving loan ($5,000 par due 9/2015)",8.00%,9/24/2013,5000.0,5000
110,"IronPlanet, Inc.",Online auction platform provider for used heavy equipment,"First lien senior secured loan ($7,500 par due 7/2017)",9.25%,9/24/2013,7172.0,7350
111,"IronPlanet, Inc.",Online auction platform provider for used heavy equipment,"Warrant to purchase to up to 133,333 shares of Series C preferred stock",0,9/24/2013,214.0,242
112,"Itel Laboratories, Inc.",Data services provider for building materials to property insurance industry,"Preferred units (1,798,391 units)",0,6/29/2012,1000.0,1143
113,"Keynote Systems, Inc. and Hawaii Ultimate Parent Corp., Inc.",Web and mobile cloud performance testing and monitoring services provider,"First lien senior secured loan ($183,175 par due 2/2020)",9.50% (Libor + 8.50%/S),8/22/2013,183175.0,183175
114,"Keynote Systems, Inc. and Hawaii Ultimate Parent Corp., Inc.",Web and mobile cloud performance testing and monitoring services provider,"Class A common stock (2,970 shares)",0,8/22/2013,2970.0,3924
115,"Keynote Systems, Inc. and Hawaii Ultimate Parent Corp., Inc.",Web and mobile cloud performance testing and monitoring services provider,"Class B common stock (1,956,522 shares)",0,8/22/2013,30.0,40
116,"Market Track Holdings, LLC",Business media consulting services company,"Preferred stock (1,500 shares)",0,12/13/2013,1982.0,2097
117,"Market Track Holdings, LLC",Business media consulting services company,"Common stock (15,000 shares)",0,12/13/2013,1982.0,2097
118,"MSC.Software Corporation and Maximus Holdings, LLC",Provider of software simulation tools and related services,"First lien senior secured loan ($42,187 par due 11/2017)",8.50% (Libor + 7.25%/Q),12/13/2013,43357.0,43242
119,"MSC.Software Corporation and Maximus Holdings, LLC",Provider of software simulation tools and related services,"Warrants to purchase up to 1,050,013 shares of common stock",0,12/13/2013,424.0,1506
120,"Multi-Ad Services, Inc. (6)",Marketing services and software provider,"Preferred units (1,725,280 units)",0,4/1/2010,788.0,2178
121,"Multi-Ad Services, Inc. (6)",Marketing services and software provider,"Common units (1,725,280 units)",0,4/1/2010,0.0,0
122,"MVL Group, Inc. (7)",Marketing research provider,"Senior subordinated loan ($33,576 par due 7/2012)",0,4/1/2010,30266.0,2485
123,"MVL Group, Inc. (7)",Marketing research provider,Junior subordinated loan ($185 par due 7/2012),0,4/1/2010,0.0,0
124,"MVL Group, Inc. (7)",Marketing research provider,"Common stock (560,716 shares)",0,4/1/2010,0.0,0
125,"NComputing, Inc.",Desktop virtualization hardware and software technology service provider,"Warrant to purchase up to 462,726 shares of Series C preferred stock",0,3/20/2013,0.0,45
126,"Pillar Processing LLC, PHL Investors, Inc., and PHL Holding Co. (6)",Mortgage services,"First lien senior secured loan ($3,993 par due 11/2018)",0,7/31/2008,3248.0,2145
127,"Pillar Processing LLC, PHL Investors, Inc., and PHL Holding Co. (6)",Mortgage services,"First lien senior secured loan ($7,375 par due 5/2019)",0,11/20/2007,5592.0,0
128,"Pillar Processing LLC, PHL Investors, Inc., and PHL Holding Co. (6)",Mortgage services,Class A common stock (576 shares),0,7/31/2012,3768.0,0
129,"Platform Acquisition, Inc.",Data center and managed cloud services provider,"Common stock (48,604 shares)",0,12/13/2013,7536.0,7919
130,"Powersport Auctioneer Holdings, LLC",Powersport vehicle auction operator,"Common units (1,972 units)",0,3/2/2012,1000.0,955
131,"PSSI Holdings, LLC",Provider of mission-critical outsourced cleaning and sanitation,First lien senior secured loan ($956 par due 6/2018),6.00% (Libor + 5.00%/S),8/7/2013,956.0,956
132,R2 Acquisition Corp.,Marketing services,"Common stock (250,000 shares)",0,5/29/2007,250.0,177
133,"Rainstor, Inc.",Database solution provider designed to manage Big Data for large enterprises at the lowest total cost,"First lien senior secured loan ($2,500 par due 4/2016)",11.25%,3/28/2013,2446.0,2500
134,"Rainstor, Inc.",Database solution provider designed to manage Big Data for large enterprises at the lowest total cost,"Warrant to purchase up to 142,210 shares of Series C preferred stock",0,3/28/2013,88.0,70
135,Ship Investor & Cy S.C.A. (8),Payment processing company,"Common stock (936,693 shares)",0,12/13/2013,2698.0,2774
136,Summit Business Media Parent Holding Company LLC,Business media consulting services,Limited liability company membership interest (45.98% interest),0,5/20/2011,0.0,1620
137,"TOA Technologies, Inc.","Cloud based, mobile workforce management applications provider","First lien senior secured loan ($12,242 par due 11/2016)",10.25%,10/31/2012,11843.0,12242
138,"TOA Technologies, Inc.","Cloud based, mobile workforce management applications provider","Warrant to purchase up to 2,509,770 shares of Series D preferred stock",0,10/31/2012,605.0,1189
139,"Tripwire, Inc.",IT security software provider,"First lien senior secured loan ($84,950 par due 5/2018)",7.00% (Libor + 5.75%/Q),5/23/2011,84950.0,84950
140,"Tripwire, Inc.",IT security software provider,"First lien senior secured loan ($49,875 par due 5/2018)",7.00% (Libor + 5.75%/Q),5/23/2011,49875.0,49875
141,"Tripwire, Inc.",IT security software provider,"First lien senior secured loan ($9,975 par due 5/2018)",7.00% (Libor + 5.75%/Q),5/23/2011,9975.0,9975
142,"Tripwire, Inc.",IT security software provider,"Class B common stock (2,655,638 shares)",0,5/23/2011,30.0,84
143,"Tripwire, Inc.",IT security software provider,"Class A common stock (2,970 shares)",0,5/23/2011,2970.0,8348
144,Velocity Holdings Corp.,Hosted enterprise resource planning application management services provider,"Common units (1,713,546 units)",0,12/13/2013,4503.0,4597
145,"Venturehouse-Cibernet Investors, LLC",Financial settlement services for intercarrier wireless roaming,Equity interest,0,4/1/2010,0.0,0
146,"VSS-Tranzact Holdings, LLC (6)",Management consulting services,Common membership interest (5.98% interest),0,10/26/2007,10204.0,8677
147,"X Plus Two Solutions, Inc. and X Plus One Solutions, Inc.",Provider of open and integrated software for digital marketing optimization,"First lien senior secured revolving loan ($8,600 par due 9/2014)",8.50%,4/1/2013,8600.0,8600
148,"X Plus Two Solutions, Inc. and X Plus One Solutions, Inc.",Provider of open and integrated software for digital marketing optimization,"First lien senior secured loan ($6,788 par due 3/2017)",10.00%,4/1/2013,6470.0,6788
149,"X Plus Two Solutions, Inc. and X Plus One Solutions, Inc.",Provider of open and integrated software for digital marketing optimization,"First lien senior secured loan ($2,000 par due 10/2017)",10.00%,3/28/2014,1781.0,1820
150,"X Plus Two Solutions, Inc. and X Plus One Solutions, Inc.",Provider of open and integrated software for digital marketing optimization,"Warrant to purchase up to 586,178 shares of Series C preferred stock",0,3/28/2014,180.0,180
151,"X Plus Two Solutions, Inc. and X Plus One Solutions, Inc.",Provider of open and integrated software for digital marketing optimization,"Warrant to purchase up to 999,167 shares of Series C preferred stock",0,4/1/2013,284.0,306
152,Capital Investments and Ventures Corp.,SCUBA diver training and certification provider,"First lien senior secured loan ($24,080 par due 8/2018)",7.00% (Libor + 5.75%/Q),8/9/2012,24080.0,24080
153,Capital Investments and Ventures Corp.,SCUBA diver training and certification provider,"First lien senior secured loan ($8,565 par due 8/2018)",7.00% (Libor + 5.75%/Q),8/9/2012,8565.0,8565
154,"Community Education Centers, Inc.",Offender re-entry and in-prison treatment services provider,"First lien senior secured loan ($13,571 par due 12/2014)",6.25% (Libor + 5.25%/Q),12/10/2010,13571.0,13571
155,"Community Education Centers, Inc.",Offender re-entry and in-prison treatment services provider,First lien senior secured loan ($714 par due 12/2014),7.50% (Base Rate + 4.25%/S),12/10/2010,714.0,714
156,"Community Education Centers, Inc.",Offender re-entry and in-prison treatment services provider,"Second lien senior secured loan ($35,798 par due 12/2015)","15.23% (Libor + 10.00% Cash, 5.00% PIK/Q)",12/10/2010,35798.0,34008
157,"Community Education Centers, Inc.",Offender re-entry and in-prison treatment services provider,"Second lien senior secured loan ($10,790 par due 12/2015)","15.23% (Libor + 10.00% Cash, 5.00% PIK/Q)",12/10/2010,10790.0,10250
158,"Community Education Centers, Inc.",Offender re-entry and in-prison treatment services provider,"Warrants to purchase up to 654,618 shares",0,12/10/2010,0.0,0
159,"Competitor Group, Inc. and Calera XVI, LLC",Endurance sports media and event operator,"First lien senior secured revolving loan ($2,850 par due 11/2018)",10.00% (Base Rate + 6.75%/Q),11/30/2012,2850.0,2565
160,"Competitor Group, Inc. and Calera XVI, LLC",Endurance sports media and event operator,First lien senior secured revolving loan ($900 par due 11/2018),9.00% (Libor + 7.75%/Q),11/30/2012,900.0,810
161,"Competitor Group, Inc. and Calera XVI, LLC",Endurance sports media and event operator,"First lien senior secured loan ($24,300 par due 11/2018)","10.00% (Libor + 7.75% Cash, 1.00% PIK /Q)",11/30/2012,24300.0,21870
162,"Competitor Group, Inc. and Calera XVI, LLC",Endurance sports media and event operator,"First lien senior secured loan ($29,755 par due 11/2018)","10.00% (Libor + 7.75% Cash, 1.00% PIK /Q)",11/30/2012,29756.0,26780
163,"Competitor Group, Inc. and Calera XVI, LLC",Endurance sports media and event operator,"Membership units (2,500,000 units)",0,11/30/2012,2513.0,371
164,"Crown Health Care Laundry Services, LLC and Crown Laundry Holdings, LLC (6)",Provider of outsourced healthcare linen management solutions,First lien senior secured revolving loan,0,3/13/2014,0.0,0
165,"Crown Health Care Laundry Services, LLC and Crown Laundry Holdings, LLC (6)",Provider of outsourced healthcare linen management solutions,"First lien senior secured loan ($24,500 par due 3/2019)",8.25% (Libor + 7.00%/Q),3/13/2014,24500.0,24500
166,"Crown Health Care Laundry Services, LLC and Crown Laundry Holdings, LLC (6)",Provider of outsourced healthcare linen management solutions,"Class A preferred units (2,475,000 units)",0,3/13/2014,2475.0,2475
167,"Crown Health Care Laundry Services, LLC and Crown Laundry Holdings, LLC (6)",Provider of outsourced healthcare linen management solutions,"Class B common units (275,000 units)",0,3/13/2014,275.0,275
168,"Fox Hill Holdings, Inc.",Third party claims administrator on behalf of insurance carriers,"First lien senior secured loan ($60,519 par due 6/2018)",6.75% (Libor + 5.75%/Q),1/31/2014,60519.0,60519
169,"Fox Hill Holdings, Inc.",Third party claims administrator on behalf of insurance carriers,"First lien senior secured loan ($7,135 par due 6/2018)",8.00% (Base Rate + 4.75%/Q),10/31/2013,7135.0,7135
170,"ISS #2, LLC","Provider of repairs, refurbishments and services to the broader industrial end user markets","First lien senior secured loan ($14,913 par due 6/2018)",6.50% (Libor + 5.50%/Q),6/5/2013,14913.0,14913
171,"ISS #2, LLC","Provider of repairs, refurbishments and services to the broader industrial end user markets","First lien senior secured loan ($44,662 par due 6/2018)",6.50% (Libor + 5.50%/Q),6/5/2013,44662.0,44662
172,"Massage Envy, LLC",Franchisor in the massage industry,"First lien senior secured loan ($28,989 par due 9/2018)",8.50% (Libor + 7.25%/Q),9/27/2012,28989.0,28989
173,"Massage Envy, LLC",Franchisor in the massage industry,"First lien senior secured loan ($48,973 par due 9/2018)",8.50% (Libor + 7.25%/Q),9/27/2012,48973.0,48973
174,"Massage Envy, LLC",Franchisor in the massage industry,"Common stock (3,000,000 shares)",0,9/27/2012,3000.0,3595
175,"McKenzie Sports Products, LLC","Designer, manufacturer and distributor of taxidermy forms and supplies",First lien senior secured loan ($37 par due 3/2017),7.00% (Base Rate + 3.75%/M),3/30/2012,37.0,37
176,"McKenzie Sports Products, LLC","Designer, manufacturer and distributor of taxidermy forms and supplies","First lien senior secured loan ($7,698 par due 3/2017)",5.75% (Libor + 4.75%/Q),3/30/2012,7698.0,7698
177,"McKenzie Sports Products, LLC","Designer, manufacturer and distributor of taxidermy forms and supplies",First lien senior secured loan ($42 par due 3/2017),7.00% (Base Rate + 3.75%/M),3/30/2012,42.0,42
178,"McKenzie Sports Products, LLC","Designer, manufacturer and distributor of taxidermy forms and supplies","First lien senior secured loan ($8,797 par due 3/2017)",5.75% (Libor + 4.75%/Q),3/30/2012,8797.0,8797
179,Spin HoldCo Inc.,Laundry service and equipment provider,"Second lien senior secured loan ($140,000 par due 5/2020)",8.00% (Libor + 7.00%/Q),5/14/2013,140000.0,140000
180,The Dwyer Group (6),Operator of multiple franchise concepts primarily related to home maintenance or repairs,"Senior subordinated loan ($39,900 par due 6/2018)",11.75%,12/22/2010,40099.0,39900
181,The Dwyer Group (6),Operator of multiple franchise concepts primarily related to home maintenance or repairs,"Series A preferred units (13,292,377 units)",8.00% PIK,12/22/2010,4614.0,14576
182,"Wash Multifamily Laundry Systems, LLC",Laundry service and equipment provider,"Second lien senior secured loan ($78,000 par due 2/2020)",7.75% (Libor + 6.75%/S),6/26/2012,78000.0,78000
183,"American Academy Holdings, LLC","Provider of education, training, certification, networking, and consulting services to medical coders and other healthcare professionals","First lien senior secured revolving loan ($5,000 par due 3/2019)",5.50% (Libor + 4.50%/Q),3/18/2011,5000.0,5000
184,"American Academy Holdings, LLC","Provider of education, training, certification, networking, and consulting services to medical coders and other healthcare professionals","First lien senior secured loan ($54,161 par due 3/2019)",5.50% (Libor + 4.50%/Q),3/18/2011,54161.0,54161
185,"American Academy Holdings, LLC","Provider of education, training, certification, networking, and consulting services to medical coders and other healthcare professionals","First lien senior secured loan ($4,480 par due 3/2019)",5.50% (Libor + 4.50%/Q),3/18/2011,4480.0,4480
186,Campus Management Corp. and Campus Management Acquisition Corp. (6),Education software developer,"Preferred stock (485,159 shares)",0,2/8/2008,10520.0,6873
187,"ELC Acquisition Corp., ELC Holdings Corporation, and Excelligence Learning Corporation (6)","Developer, manufacturer and retailer of educational products","Preferred stock (99,492 shares)",12.00% PIK,8/1/2011,10633.0,10633
188,"ELC Acquisition Corp., ELC Holdings Corporation, and Excelligence Learning Corporation (6)","Developer, manufacturer and retailer of educational products","Common stock (50,800 shares)",0,8/1/2011,0.0,1127
189,"Infilaw Holding, LLC",Operator of for-profit law schools,First lien senior secured revolving loan,0,8/25/2011,0.0,0
190,"Infilaw Holding, LLC",Operator of for-profit law schools,First lien senior secured loan ($1 par due 8/2016),9.50% (Libor + 8.50%/Q),8/25/2011,1.0,1
191,"Infilaw Holding, LLC",Operator of for-profit law schools,"First lien senior secured loan ($14,290 par due 8/2016)",9.50% (Libor + 8.50%/Q),8/25/2011,14290.0,14290
192,"Infilaw Holding, LLC",Operator of for-profit law schools,"Series A preferred units (124,890 units)",0,8/25/2011,124890.0,124890
193,"Infilaw Holding, LLC",Operator of for-profit law schools,Series B preferred units (3.91 units),0,10/19/2012,9245.0,11476
194,"Instituto de Banca y Comercio, Inc. & Leeds IV Advisors, Inc.",Private school operator,"First lien senior secured loan ($14,990 par due 6/2015)",0,4/24/2013,14531.0,12741
195,"Instituto de Banca y Comercio, Inc. & Leeds IV Advisors, Inc.",Private school operator,"First lien senior secured loan ($40,035 par due 6/2015)",0,4/24/2013,38809.0,34029
196,"Instituto de Banca y Comercio, Inc. & Leeds IV Advisors, Inc.",Private school operator,"Series B preferred stock (1,750,000 shares)",0,8/5/2010,5000.0,0
197,"Instituto de Banca y Comercio, Inc. & Leeds IV Advisors, Inc.",Private school operator,"Series C preferred stock (2,512,586 shares)",0,6/7/2010,689.0,0
198,"Instituto de Banca y Comercio, Inc. & Leeds IV Advisors, Inc.",Private school operator,Common stock (20 shares),0,6/7/2010,0.0,0
199,"Lakeland Tours, LLC",Educational travel provider,First lien senior secured revolving loan,0,10/4/2011,0.0,0
200,"Lakeland Tours, LLC",Educational travel provider,"First lien senior secured loan ($82,989 par due 12/2016)",8.50% (Libor + 7.50%/Q),10/4/2011,82930.0,82989
201,"Lakeland Tours, LLC",Educational travel provider,"First lien senior secured loan ($1,661 par due 12/2016)",5.25% (Libor + 4.25%/Q),10/4/2011,1660.0,1661
202,"Lakeland Tours, LLC",Educational travel provider,"First lien senior secured loan ($7,962 par due 12/2016)",5.25% (Libor + 4.25%/Q),10/4/2011,7947.0,7962
203,"Lakeland Tours, LLC",Educational travel provider,"First lien senior secured loan ($40,362 par due 12/2016)",8.50% (Libor + 7.50%/Q),10/4/2011,40283.0,40362
204,"Lakeland Tours, LLC",Educational travel provider,"Common stock (5,000 shares)",0,10/4/2011,5000.0,4720
205,PIH Corporation,Franchisor of education-based early childhood centers,First lien senior secured revolving loan ($621 par due 6/2016),7.25% (Libor + 6.25%/M),12/13/2013,621.0,621
206,PIH Corporation,Franchisor of education-based early childhood centers,"First lien senior secured loan ($38,075 par due 6/2016)",7.25% (Libor + 6.25%/M),12/13/2013,39081.0,38837
207,"R3 Education, Inc. and EIC Acquisitions Corp.",Medical school operator,"Preferred stock (8,800 shares)",0,7/30/2008,2200.0,1936
208,"R3 Education, Inc. and EIC Acquisitions Corp.",Medical school operator,Common membership interest (26.27% interest),0,9/21/2007,15800.0,29307
209,"R3 Education, Inc. and EIC Acquisitions Corp.",Medical school operator,"Warrants to purchase up to 27,890 shares",0,12/8/2009,0.0,0
210,"RuffaloCODY, LLC",Provider of student fundraising and enrollment management services,"First lien senior secured loan ($24,933 par due 5/2019)",5.50% (Libor + 4.25%/Q),5/29/2013,24933.0,24933
211,"RuffaloCODY, LLC",Provider of student fundraising and enrollment management services,First lien senior secured loan ($634 par due 5/2019),5.50% (Libor + 4.25%/Q),5/29/2013,634.0,634
212,"RuffaloCODY, LLC",Provider of student fundraising and enrollment management services,"First lien senior secured loan ($1,453 par due 5/2019)",6.50% (Base Rate + 3.25%/Q),5/29/2013,1453.0,1453
213,"Alphabet Energy, Inc.",Technology developer to convert waste-heat into electricity,"First lien senior secured loan ($2,000 par due 7/2017)",9.50%,2/26/2014,1914.0,1940
214,"Alphabet Energy, Inc.",Technology developer to convert waste-heat into electricity,"First lien senior secured loan ($3,000 par due 7/2017)",9.62%,12/16/2013,2737.0,2910
215,"Alphabet Energy, Inc.",Technology developer to convert waste-heat into electricity,"Series B preferred stock (74,449 shares)",0,2/26/2014,250.0,250
216,"Alphabet Energy, Inc.",Technology developer to convert waste-heat into electricity,"Warrants to purchase up to 59,524 units of Series B preferred stock",0,12/16/2013,146.0,128
217,Bicent (California) Holdings LLC,Gas turbine power generation facilities operator,"Senior subordinated loan ($50,000 par due 2/2021)",8.25% (Libor + 7.25%/Q),2/6/2014,50000.0,50000
218,"Brush Power, LLC",Gas turbine power generation facilities operator,"First lien senior secured loan ($89,752 par due 8/2020)",6.25% (Libor + 5.25%/Q),8/1/2013,89752.0,89752
219,"Centinela Funding, LLC",Solar power generation facility developer and operator,"Senior subordinated loan ($56,000 par due 11/2020)",10.00% (Libor + 8.75%/Q),11/14/2012,56000.0,56000
220,"Joule Unlimited Technologies, Inc. and Stichting Joule Global Foundation",Renewable fuel and chemical production developer,"First lien senior secured loan ($7,500 par due 2/2017)",10.00%,7/25/2013,7438.0,7500
221,"Joule Unlimited Technologies, Inc. and Stichting Joule Global Foundation",Renewable fuel and chemical production developer,"Warrant to purchase up to 32,051 shares of Series C-2 preferred stock",0,7/25/2013,0.0,39
222,"La Paloma Generating Company, LLC","Natural gas fired, combined cycle plant operator","Second lien senior secured loan ($10,000 par due 2/2020)",9.25% (Libor + 8.25%/Q),2/20/2014,9605.0,9750
223,"Panda Sherman Power, LLC",Gas turbine power generation facilities operator,"First lien senior secured loan ($32,500 par due 9/2018)",9.00% (Libor + 7.50%/Q),9/14/2012,32500.0,32500
224,"Panda Temple Power II, LLC",Gas turbine power generation facilities operator,"First lien senior secured loan ($20,000 par due 4/2019)",7.25% (Libor + 6.00%/Q),4/3/2013,19827.0,20000
225,"Panda Temple Power, LLC",Gas turbine power generation facilities operator,"First lien senior secured loan ($60,000 par due 7/2018)",11.50% (Libor + 10.00%/Q),7/17/2012,58469.0,60000
226,"Sunrun Solar Owner Holdco X, LLC",Residential solar energy provider,"First lien senior secured loan ($59,423 par due 6/2019)",9.50% (Libor + 8.25%/Q),6/7/2013,59423.0,59423
227,"Sunrun Solar Owner Holdco XIII, LLC",Residential solar energy provider,"First lien senior secured loan ($28,656 par due 12/2019)",9.50% (Libor + 8.25%/Q),11/27/2013,28441.0,28656
228,"AllBridge Financial, LLC (7)",Asset management services,Equity interests,0,4/1/2010,5077.0,10115
229,Callidus Capital Corporation (7),Asset management services,Common stock (100 shares),0,4/1/2010,3000.0,1730
230,Ciena Capital LLC (7),Real estate and small business loan servicer,"First lien senior secured revolving loan ($14,000 par due 12/2014)",6.00%,11/29/2010,14000.0,14000
231,Ciena Capital LLC (7),Real estate and small business loan servicer,"First lien senior secured loan ($26,000 par due 12/2016)",12.00%,11/29/2010,26000.0,26000
232,Ciena Capital LLC (7),Real estate and small business loan servicer,Equity interests,0,11/29/2010,53374.0,12969
233,"Commercial Credit Group, Inc.",Commercial equipment finance and leasing company,"Senior subordinated loan ($28,000 par due 5/2018)",12.75%,5/10/2012,28000.0,28000
234,"Cook Inlet Alternative Risk, LLC",Risk management services,"Senior subordinated loan ($1,500 par due 9/2015)",9.00%,9/30/2011,1500.0,1500
235,Gordian Acquisition Corp.,Financial services firm,Common stock (526 shares),0,11/30/2012,0.0,0
236,Imperial Capital Group LLC,Investment services,"Class A common units (23,130 units)",0,5/10/2007,11248.0,15252
237,Imperial Capital Group LLC,Investment services,"2006 Class B common units (7,578 units)",0,5/10/2007,2.0,4
238,Imperial Capital Group LLC,Investment services,2007 Class B common units (945 units),0,5/10/2007,0.0,0
239,"Ivy Hill Asset Management, L.P. (7)(9)",Asset management services,Member interest (100.00% interest),0,6/15/2009,170961.0,264941
240,"Gilchrist & Soames, Inc.",Personal care manufacturer,"First lien senior secured revolving loan ($3,650 par due 12/2014)",7.25% (Base Rate + 4.00%/M),4/1/2010,3650.0,3650
241,"Gilchrist & Soames, Inc.",Personal care manufacturer,"First lien senior secured revolving loan ($5,050 par due 12/2014)",6.25% (Libor + 5.00%/M),4/1/2010,5050.0,5050
242,"Gilchrist & Soames, Inc.",Personal care manufacturer,"First lien senior secured loan ($22,624 par due 12/2014)","13.44% Cash, 2.00% PIK",4/1/2010,22621.0,21945
243,"Implus Footcare, LLC",Provider of footwear and other accessories,Preferred stock (455 shares),6.00% PIK,10/31/2011,5248.0,5248
244,"Implus Footcare, LLC",Provider of footwear and other accessories,Common stock (455 shares),0,10/31/2011,455.0,992
245,Insight Pharmaceuticals Corporation (6),OTC drug products manufactuer,"Second lien senior secured loan ($19,310 par due 8/2017)",13.25% (Libor + 11.75%/Q),8/26/2011,19172.0,19310
246,Insight Pharmaceuticals Corporation (6),OTC drug products manufactuer,"Class A common stock (155,000 shares)",0,8/26/2011,6035.0,10713
247,Insight Pharmaceuticals Corporation (6),OTC drug products manufactuer,"Class B common stock (155,000 shares)",0,8/26/2011,6035.0,10713
248,"Matrixx Initiatives, Inc. and Wonder Holdings Acquisition Corp.",Developer and marketer of over-the-counter healthcare products,"Warrants to purchase up to 1,654,678 shares of common stock",0,7/27/2011,0.0,334
249,"Matrixx Initiatives, Inc. and Wonder Holdings Acquisition Corp.",Developer and marketer of over-the-counter healthcare products,"Warrants to purchase up to 1,489 shares of preferred stock",0,7/27/2011,0.0,1167
250,"Oak Parent, Inc.",Manufacturer of athletic apparel,"First lien senior secured loan ($31,024 par due 4/2018)",7.50% (Libor + 7.00%/Q),4/2/2012,30921.0,31024
251,"Oak Parent, Inc.",Manufacturer of athletic apparel,First lien senior secured loan ($81 par due 4/2018),9.25% (Base Rate + 6.00%/Q),4/2/2012,81.0,81
252,"Oak Parent, Inc.",Manufacturer of athletic apparel,"First lien senior secured loan ($8,768 par due 4/2018)",7.50% (Libor + 7.00%/Q),4/2/2012,8738.0,8768
253,"Oak Parent, Inc.",Manufacturer of athletic apparel,First lien senior secured loan ($23 par due 4/2018),9.25% (Base Rate + 6.00%/Q),4/2/2012,23.0,23
254,"PG-ACP Co-Invest, LLC","Supplier of medical uniforms, specialized medical footwear and accessories","Class A membership units (1,000,0000 units)",0,8/29/2012,1000.0,1570
255,"Shock Doctor, Inc. and BRP Hold 14, LLC","Developer, marketer and distributor of sports protection equipment and accessories.","First lien senior secured revolving loan ($2,073 par due 3/2020)",10.00% (Base Rate + 6.75%/Q),3/14/2014,2073.0,2073
256,"Shock Doctor, Inc. and BRP Hold 14, LLC","Developer, marketer and distributor of sports protection equipment and accessories.","First lien senior secured loan ($7,871 par due 3/2020)",10.00% (Base Rate + 6.75%/Q),3/14/2014,7871.0,7871
257,"Shock Doctor, Inc. and BRP Hold 14, LLC","Developer, marketer and distributor of sports protection equipment and accessories.","First lien senior secured loan ($80,000 par due 3/2020)",10.00% (Base Rate + 6.75%/Q),3/14/2014,80000.0,80000
258,"Shock Doctor, Inc. and BRP Hold 14, LLC","Developer, marketer and distributor of sports protection equipment and accessories.","Class A preferred units (50,000 units)",0,3/14/2014,5000.0,5000
259,"The Step2 Company, LLC",Toy manufacturer,"Second lien senior secured loan ($25,600 par due 4/2015)",10.00%,4/1/2010,25181.0,25600
260,"The Step2 Company, LLC",Toy manufacturer,"Second lien senior secured loan ($4,500 par due 4/2015)",10.00%,3/13/2014,4500.0,4500
261,"The Step2 Company, LLC",Toy manufacturer,"Second lien senior secured loan ($33,290 par due 4/2015)",0,4/1/2010,30802.0,14238
262,"The Step2 Company, LLC",Toy manufacturer,"Common units (1,116,879 units)",0,4/1/2010,24.0,0
263,"The Step2 Company, LLC",Toy manufacturer,Warrants to purchase up to,0,4/1/2010,0.0,0
264,"The Thymes, LLC (7)",Cosmetic products manufacturer,"Preferred units (6,283 units)",8.00% PIK,6/21/2007,3935.0,3519
265,"The Thymes, LLC (7)",Cosmetic products manufacturer,"Common units (5,400 units)",0,6/21/2007,0.0,7855
266,Woodstream Corporation,Pet products manufacturer,"First lien senior secured loan ($8,313 par due 8/2016)",6.00% (Libor + 5.00%/Q),4/18/2012,8313.0,8313
267,Woodstream Corporation,Pet products manufacturer,"Senior subordinated loan ($80,000 par due 2/2017)",11.50%,4/18/2012,77576.0,80000
268,Woodstream Corporation,Pet products manufacturer,"Common stock (4,254 shares)",0,1/22/2010,1222.0,2881
269,"ADF Capital, Inc., ADF Restaurant Group, LLC, and ARG Restaurant Holdings, Inc.",Restaurant owner and operator,"First lien senior secured loan ($28,581 par due 12/2018)",9.25% (Libor + 8.25%/Q),11/27/2006,28581.0,28581
270,"ADF Capital, Inc., ADF Restaurant Group, LLC, and ARG Restaurant Holdings, Inc.",Restaurant owner and operator,"First lien senior secured loan ($10,919 par due 12/2018)",9.25% (Libor + 8.25%/Q),11/27/2006,10922.0,10919
271,"ADF Capital, Inc., ADF Restaurant Group, LLC, and ARG Restaurant Holdings, Inc.",Restaurant owner and operator,"Promissory note ($17,055 par due 12/2018)",13.00% PIK,11/27/2006,13770.0,16925
272,"ADF Capital, Inc., ADF Restaurant Group, LLC, and ARG Restaurant Holdings, Inc.",Restaurant owner and operator,"Warrants to purchase up to 23,750 units of Series D common stock",0,12/18/2013,24.0,0
273,"Benihana, Inc.",Restaurant owner and operator,"First lien senior secured loan ($4,900 par due 2/2018)",6.75% (Libor + 5.50%/Q),8/21/2012,4900.0,4900
274,Garden Fresh Restaurant Corp.,Restaurant owner and operator,First lien senior secured revolving loan,0,10/3/2013,0.0,0
275,Garden Fresh Restaurant Corp.,Restaurant owner and operator,"First lien senior secured loan ($43,367 par due 7/2018)",10.00% (Libor + 8.50%/M),10/3/2013,43367.0,43367
276,"Hojeij Branded Foods, Inc.",Airport restaurant operator,First lien senior secured revolving loan ($450 par due 2/2017),9.00% (Libor + 8.00%/Q),2/15/2012,450.0,450
277,"Hojeij Branded Foods, Inc.",Airport restaurant operator,"First lien senior secured loan ($27,500 par due 2/2017)",9.00% (Libor + 8.00%/Q),2/15/2012,27074.0,27500
278,"Hojeij Branded Foods, Inc.",Airport restaurant operator,Warrants to purchase up to 7.5% of membership interest,0,2/15/2012,0.0,344
279,"Hojeij Branded Foods, Inc.",Airport restaurant operator,Warrants to purchase up to 324 shares of Class A common stock,0,2/15/2012,669.0,4965
280,"Orion Foods, LLC (fka Hot Stuff Foods, LLC) (7)",Convenience food service retailer,First lien senior secured revolving loan ($400 par due 9/2014),10.75% (Base Rate + 7.50%/M),4/1/2010,400.0,400
281,"Orion Foods, LLC (fka Hot Stuff Foods, LLC) (7)",Convenience food service retailer,"First lien senior secured loan ($32,698 par due 9/2014)",10.00% (Libor + 8.50%/Q),4/1/2010,32698.0,32698
282,"Orion Foods, LLC (fka Hot Stuff Foods, LLC) (7)",Convenience food service retailer,"Second lien senior secured loan ($19,129 par due 9/2014)",14.00%,4/1/2010,733.0,4147
283,"Orion Foods, LLC (fka Hot Stuff Foods, LLC) (7)",Convenience food service retailer,"Preferred units (10,000 units)",0,10/28/2010,0.0,0
284,"Orion Foods, LLC (fka Hot Stuff Foods, LLC) (7)",Convenience food service retailer,"Class A common units (25,001 units)",0,4/1/2010,0.0,0
285,"Orion Foods, LLC (fka Hot Stuff Foods, LLC) (7)",Convenience food service retailer,"Class B common units (1,122,452 units)",0,4/1/2010,0.0,0
286,"OTG Management, LLC",Airport restaurant operator,"First lien senior secured loan ($6,250 par due 12/2017)",8.75% (Libor + 7.25%/Q),1/2/2014,6250.0,6250
287,"OTG Management, LLC",Airport restaurant operator,"First lien senior secured loan ($25,000 par due 12/2017)",8.75% (Libor + 7.25%/Q),12/11/2012,25000.0,25000
288,"OTG Management, LLC",Airport restaurant operator,"First lien senior secured loan ($11,325 par due 12/2017)",8.75% (Libor + 7.25%/Q),12/11/2012,11325.0,11325
289,"OTG Management, LLC",Airport restaurant operator,"Common units (3,000,000 units)",0,1/5/2011,3000.0,2120
290,"OTG Management, LLC",Airport restaurant operator,Warrants to purchase up to 7.73% of common units,0,6/19/2008,100.0,4229
291,"Performance Food Group, Inc. and Wellspring Distribution Corp",Food service distributor,"Second lien senior secured loan ($39,525 par due",6.25% (Libor + 5.25%/Q),5/14/2013,39351.0,39675
292,"Performance Food Group, Inc. and Wellspring Distribution Corp",Food service distributor,"Class A non-voting common stock (1,366,120 shares)",0,5/3/2008,6303.0,6621
293,"PMI Holdings, Inc.",Restaurant owner and operator,"Preferred stock (46,025 shares)",0,12/13/2013,378.0,624
294,"PMI Holdings, Inc.",Restaurant owner and operator,"Common stock (22,401 shares)",0,12/13/2013,687.0,870
295,"Restaurant Holding Company, LLC",Fast food restaurant operator,"First lien senior secured loan ($37,500 par due 2/2019)",8.75% (Libor + 7.75%/M),3/13/2014,37130.0,37500
296,S.B. Restaurant Company,Restaurant owner and operator,"Preferred stock (46,690 shares)",0,4/1/2010,0.0,0
297,S.B. Restaurant Company,Restaurant owner and operator,"Warrants to purchase up to 257,429 shares of common stock",0,4/1/2010,0.0,0
298,Cambrios Technologies Corporation,Nanotechnology-based solutions for electronic devices and computers,"First lien senior secured loan ($2,576 par due 8/2015)",12.00%,8/7/2012,2576.0,2576
299,Cambrios Technologies Corporation,Nanotechnology-based solutions for electronic devices and computers,"Warrants to purchase up to 400,000 shares of Series D-4 convertible preferred stock",0,8/7/2012,0.0,6
300,"Component Hardware Group, Inc.",Commercial equipment,First lien senior secured revolving loan ($187 par due 7/2019),6.75% (Base Rate + 3.50%/Q),7/1/2013,187.0,187
301,"Component Hardware Group, Inc.",Commercial equipment,"First lien senior secured loan ($23,583 par due 7/2019)",5.50% (Libor + 4.50%/M),7/1/2013,23583.0,23583
302,"Harvey Tool Company, LLC and Harvey Tool Holding, LLC",Cutting tool provider to the metalworking industry,First lien senior secured revolving facility ($198 par due 3/2019),5.75% (Libor + 4.75%/Q),3/28/2014,198.0,198
303,"Harvey Tool Company, LLC and Harvey Tool Holding, LLC",Cutting tool provider to the metalworking industry,"First lien senior secured loan ($25,000 par due 3/2020)",5.75% (Libor + 4.75%/Q),3/28/2014,25000.0,25000
304,"Harvey Tool Company, LLC and Harvey Tool Holding, LLC",Cutting tool provider to the metalworking industry,Class A membership units (750 units),0,3/28/2014,750.0,750
305,Mac Lean-Fogg Company,Provider of intelligent transportation systems products in the traffic and rail industries,"Senior subordinated loan ($100,621 par due 10/2023)","9.50% Cash, 1.50% PIK",10/31/2013,100621.0,100621
306,"MWI Holdings, Inc.","Engineered springs, fasteners, and other precision components","First lien senior secured loan ($38,274 par due 3/2019)",9.38% (Libor + 8.13%/Q),6/15/2011,38274.0,38274
307,"MWI Holdings, Inc.","Engineered springs, fasteners, and other precision components","First lien senior secured loan ($10,000 par due 3/2019)",9.38% (Libor + 8.13%/Q),6/15/2011,10000.0,10000
308,"NetShape Technologies, Inc.",Metal precision engineered components,First lien senior secured revolving loan ($784 par due 12/2014),7.50% (Libor + 6.50%/Q),4/1/2010,784.0,784
309,"Pelican Products, Inc.",Flashlights,"First lien senior secured loan ($2,311 par due 7/2018)",7.25% (Base Rate + 4.00%/Q),7/13/2012,2311.0,2311
310,"Pelican Products, Inc.",Flashlights,"Second lien senior secured loan ($32,000 par due 6/2019)",12.25% (Base Rate + 9.00%/Q),7/13/2012,32000.0,32640
311,"Protective Industries, Inc. dba Caplugs",Plastic protection products,First lien senior secured loan ($995 par due 10/2019),6.75% (Libor + 5.75%/M),11/30/2012,995.0,995
312,"Protective Industries, Inc. dba Caplugs",Plastic protection products,"Preferred stock (2,379,361 shares)",0,5/23/2011,1298.0,5601
313,Saw Mill PCG Partners LLC,Metal precision engineered components manufacturer,"Common units (1,000 units)",0,1/30/2007,1000.0,0
314,"SSH Environmental Industries, Inc. and SSH Non-Destructive Testing, Inc.",Magnetic sensors and supporting sensor products,"First lien senior secured loan ($10,568 par due 12/2016)",9.00% (Libor + 7.50%/Q),3/23/2012,10436.0,10568
315,TPTM Merger Corp.,Time temperature indicator products,"First lien senior secured loan ($25,870 par due 9/2018)",6.25% (Libor + 5.25%/Q),9/12/2013,25870.0,25870
316,"ICSH, Inc.","Industrial container manufacturer, reconditioner and servicer",First lien senior secured revolving loan,0,8/31/2011,0.0,0
317,"ICSH, Inc.","Industrial container manufacturer, reconditioner and servicer","First lien senior secured loan ($27,670 par due 8/2016)",7.00% (Libor + 6.00%/Q),8/31/2011,27706.0,27670
318,"ICSH, Inc.","Industrial container manufacturer, reconditioner and servicer","First lien senior secured loan ($61,358 par due 8/2016)",7.00% (Libor + 6.00%/Q),8/31/2011,61358.0,61358
319,"ICSH, Inc.","Industrial container manufacturer, reconditioner and servicer","First lien senior secured loan ($14,680 par due 8/2016)",7.00% (Libor + 6.00%/Q),8/31/2011,14680.0,14680
320,"Microstar Logistics LLC, Microstar Global Asset Management LLC, and MStar Holding Corporation",Keg management solutions provider,"Second lien senior secured loan ($142,500 par due 12/2018)",8.50% (Libor + 7.50%/Q),12/14/2012,142500.0,142500
321,"Microstar Logistics LLC, Microstar Global Asset Management LLC, and MStar Holding Corporation",Keg management solutions provider,"Common stock (50,000 shares)",0,12/14/2012,5000.0,7650
322,"Pregis Corporation, Pregis Intellipack Corp., and Pregis Innovative Packaging Inc.","Provider of a broad range of highly-customized, tailored protective packaging solutions",First lien senior secured loan ($970 par due 3/2017),7.75% (Libor + 6.25%/M),4/25/2012,970.0,970
323,"Pregis Corporation, Pregis Intellipack Corp., and Pregis Innovative Packaging Inc.","Provider of a broad range of highly-customized, tailored protective packaging solutions",First lien senior secured loan ($5 par due 3/2017),8.50% (Base Rate + 5.25%/Q),4/25/2012,5.0,5
324,"Driven Brands, Inc. and Driven Holdings, LLC",Automotive aftermarket car care franchisor,First lien senior secured loan ($980 par due 3/2017),6.00% (Libor + 5.00%/Q),12/16/2011,980.0,980
325,"Driven Brands, Inc. and Driven Holdings, LLC",Automotive aftermarket car care franchisor,First lien senior secured loan ($20 par due 3/2017),7.25% (Base Rate + 4.00%/Q),12/16/2011,20.0,20
326,"Driven Brands, Inc. and Driven Holdings, LLC",Automotive aftermarket car care franchisor,"Preferred stock (247,500 units)",0,12/16/2011,2475.0,2910
327,"Driven Brands, Inc. and Driven Holdings, LLC",Automotive aftermarket car care franchisor,"Common stock (25,000 units)",0,12/16/2011,25.0,1376
328,"Eckler Industries, Inc.",Restoration parts and accessories provider for classic automobiles,"First lien senior secured revolving loan ($4,200 par due 7/2017)",8.25% (Base Rate + 5.00%/Q),7/12/2012,4200.0,4200
329,"Eckler Industries, Inc.",Restoration parts and accessories provider for classic automobiles,First lien senior secured loan ($296 par due 7/2017),8.25% (Base Rate + 5.00%/M),7/12/2012,296.0,296
330,"Eckler Industries, Inc.",Restoration parts and accessories provider for classic automobiles,"First lien senior secured loan ($7,826 par due 7/2017)",7.25% (Libor + 6.00%/S),7/12/2012,7826.0,7826
331,"Eckler Industries, Inc.",Restoration parts and accessories provider for classic automobiles,"First lien senior secured loan ($30,448 par due 7/2017)",7.25% (Libor + 6.00%/Q),7/12/2012,30448.0,30448
332,"Eckler Industries, Inc.",Restoration parts and accessories provider for classic automobiles,"Series A preferred stock (1,800 shares)",0,7/12/2012,1800.0,1870
333,"Eckler Industries, Inc.",Restoration parts and accessories provider for classic automobiles,"Common stock (20,000 shares)",0,0,200.0,0
334,"EcoMotors, Inc.",Engine developer,"First lien senior secured loan ($5,000 par due 10/2016)",10.83%,12/28/2012,4878.0,5000
335,"EcoMotors, Inc.",Engine developer,"First lien senior secured loan ($5,000 par due 6/2017)",10.83%,12/28/2012,4862.0,5000
336,"EcoMotors, Inc.",Engine developer,"First lien senior secured loan ($4,458 par due 7/2016)",10.13%,12/28/2012,4367.0,4458
337,"EcoMotors, Inc.",Engine developer,"Warrant to purchase up to 321,888 shares of Series C Preferred Stock",0,12/28/2012,0.0,43
338,"Service King Paint & Body, LLC",Collision repair site operators,"First lien senior secured loan ($13,968 par due 8/2017)",4.00% (Libor + 3.00%/Q),8/20/2012,13968.0,13968
339,"Service King Paint & Body, LLC",Collision repair site operators,"First lien senior secured loan ($119,033 par due 8/2017)",6.00% (Libor + 5.00%/Q),8/20/2012,119033.0,119033
340,"Service King Paint & Body, LLC",Collision repair site operators,"First lien senior secured loan ($10,000 par due 8/2017)",6.00% (Libor + 5.00%/Q),8/20/2012,10000.0,10000
341,"Service King Paint & Body, LLC",Collision repair site operators,First lien senior secured,4.00% (Libor + 3.00%/Q),8/20/2012,9593.0,9593
342,"Service King Paint & Body, LLC",Collision repair site operators,"loan ($9,593 par due 8/2017)",0,8/20/2012,5000.0,7140
343,Fulton Holdings Corp.,Airport restaurant operator,"First lien senior secured loan ($43,000 par due 5/2018)",8.50%,5/10/2013,43000.0,43000
344,Fulton Holdings Corp.,Airport restaurant operator,"First lien senior secured loan ($40,000 par due 5/2018)",8.50%,5/28/2010,40000.0,40000
345,Fulton Holdings Corp.,Airport restaurant operator,"Common stock (19,672 shares)",0,5/28/2010,1461.0,2020
346,"Paper Source, Inc. and Pine Holdings, Inc.","Retailer of fine and artisanal papers, gifts, gift wrap, greeting cards and envelopes","First lien senior secured loan ($8,930 par due 9/2018)",7.25% (Libor + 6.25%/Q),9/23/2013,8930.0,8930
347,"Paper Source, Inc. and Pine Holdings, Inc.","Retailer of fine and artisanal papers, gifts, gift wrap, greeting cards and envelopes","First lien senior secured loan ($9,975 par due 9/2018)",7.25% (Libor + 6.25%/Q),9/23/2013,9975.0,9975
348,"Paper Source, Inc. and Pine Holdings, Inc.","Retailer of fine and artisanal papers, gifts, gift wrap, greeting cards and envelopes","Class A common stock (36,364 shares)",0,9/23/2013,6000.0,7205
349,Things Remembered Inc. and TRM Holdings Corporation,Personalized gifts retailer,"First lien senior secured loan ($14,775 par due 5/2018)",8.00% (Libor + 6.50%/Q),5/24/2012,14775.0,14775
350,"Argotec, LLC",Thermoplastic polyurethane films,"First lien senior secured revolving loan ($1,000 par due 5/2018)",7.00% (Base Rate + 3.75%/M),5/31/2013,1000.0,1000
351,"Argotec, LLC",Thermoplastic polyurethane films,First lien senior secured loan ($74 par due 5/2019),7.00% (Base Rate + 3.75%/Q),5/31/2013,74.0,74
352,"Argotec, LLC",Thermoplastic polyurethane films,"First lien senior secured loan ($5,714 par due 5/2019)",5.75% (Libor + 4.75%/M),5/31/2013,5714.0,5714
353,"Emerald Performance Materials, LLC",Polymers and performance materials manufacturer,"First lien senior secured loan ($17,685 par due 5/2018)",6.75% (Libor + 5.50%/Q),12/13/2013,18180.0,17773
354,"K2 Pure Solutions Nocal, L.P.",Chemical Producer,"First lien senior secured revolving loan ($2,256 par due 8/2019)",8.13% (Libor + 7.13%/M),8/19/2013,2256.0,2211
355,"K2 Pure Solutions Nocal, L.P.",Chemical Producer,"First lien senior secured loan ($21,500 par due 8/2019)",7.00% (Libor + 6.00%/M),8/19/2013,21500.0,21070
356,"K2 Pure Solutions Nocal, L.P.",Chemical Producer,"First lien senior secured loan ($40,000 par due 8/2019)",7.00% (Libor + 6.00%/M),8/19/2013,40000.0,39200
357,"K2 Pure Solutions Nocal, L.P.",Chemical Producer,"First lien senior secured loan ($20,000 par due 8/2019)",7.00% (Libor + 6.00%/M),8/19/2013,20000.0,19600
358,"Cadence Aerospace, LLC (fka PRV Aerospace, LLC)",Aerospace precision components manufacturer,"First lien senior secured loan ($4,447 par due 5/2018)",6.50% (Libor + 5.25%/Q),5/15/2012,4415.0,4447
359,"Cadence Aerospace, LLC (fka PRV Aerospace, LLC)",Aerospace precision components manufacturer,"Second lien senior secured loan ($79,657 par due 5/2019)",10.50% (Libor + 9.25%/Q),5/10/2012,79657.0,77267
360,"ILC Industries, LLC",Designer and manufacturer of protective cases and technically advanced lighting systems,"First lien senior secured loan ($18,582 par due 7/2018)",8.00% (Libor + 6.50%/Q),7/13/2012,18298.0,18582
361,"Wyle Laboratories, Inc. and Wyle Holdings, Inc.","Provider of specialized engineering, scientific and technical services",Senior preferred stock (775 shares),8.00% PIK,1/17/2008,113.0,112
362,"Wyle Laboratories, Inc. and Wyle Holdings, Inc.","Provider of specialized engineering, scientific and technical services","Common stock (1,885,195 shares)",0,1/17/2008,2291.0,1961
363,"10th Street, LLC and New 10th Street, LLC (7)",Real estate holding company,"First lien senior secured loan ($24,895 par due 11/2019)","7.00% Cash, 1.00% PIK",3/31/2014,24895.0,24895
364,"10th Street, LLC and New 10th Street, LLC (7)",Real estate holding company,"Senior subordinated loan ($26,520 par due 11/2019)","7.00% Cash, 1.00% PIK",4/1/2010,26520.0,26520
365,"10th Street, LLC and New 10th Street, LLC (7)",Real estate holding company,Member interest (10.00% interest),0,4/1/2010,594.0,7100
366,"10th Street, LLC and New 10th Street, LLC (7)",Real estate holding company,"Option (25,000 units)",0,4/1/2010,25.0,25
367,"American Commercial Coatings, Inc.",Real estate property,"Commercial mortgage loan ($2,178 par due 12/2025)",8.75% (Libor + 7.25%/Q),4/1/2010,636.0,1350
368,"Cleveland East Equity, LLC",Hotel operator,Real estate equity interests,0,4/1/2010,1026.0,3936
369,"Commons R-3, LLC",Real estate developer,Real estate equity interests,0,4/1/2010,0.0,0
370,"Crescent Hotels & Resorts, LLC and affiliates (7)",Hotel operator,"Senior subordinated loan ($2,236 par due 9/2011)",0,4/1/2010,0.0,0
371,"Crescent Hotels & Resorts, LLC and affiliates (7)",Hotel operator,"Senior subordinated loan ($2,092 par due 6/2017)",0,4/1/2010,0.0,0
372,"Crescent Hotels & Resorts, LLC and affiliates (7)",Hotel operator,Common equity interest,0,4/1/2010,0.0,0
373,"NPH, Inc.",Hotel property,Real estate equity interests,0,4/1/2010,5291.0,5577
374,"Batanga, Inc.",Independent digital media company,"First lien senior secured revolving loan ($3,750 par due 4/2014)",8.50%,10/31/2012,3750.0,3750
375,"Batanga, Inc.",Independent digital media company,"First lien senior secured loan ($4,513 par due 11/2016)",9.60%,10/31/2012,4513.0,4607
376,"Batanga, Inc.",Independent digital media company,"First lien senior secured loan ($4,500 par due 9/2017)",9.60%,10/31/2012,4500.0,4500
377,"Earthcolor Group, LLC",Printing management services,Limited liability company interests (9.30%),0,5/18/2012,0.0,0
378,"Encompass Digital Media, Inc.",Provider of outsourced network origination and transmission services for media companies,"First lien senior secured loan ($19,602 par due 8/2017)",6.75% (Libor + 5.50%/Q),12/13/2013,20142.0,19798
379,"The Teaching Company, LLC and The Teaching Company Holdings, Inc.",Education publications provider,"First lien senior secured loan ($20,778 par due 3/2017)",9.00% (Libor + 7.50%/Q),3/16/2011,20778.0,20363
380,"The Teaching Company, LLC and The Teaching Company Holdings, Inc.",Education publications provider,"First lien senior secured loan ($9,650 par due 3/2017)",9.00% (Libor + 7.50%/Q),3/16/2011,9650.0,9457
381,"The Teaching Company, LLC and The Teaching Company Holdings, Inc.",Education publications provider,"Preferred stock (10,663 shares)",0,9/29/2006,1066.0,2918
382,"The Teaching Company, LLC and The Teaching Company Holdings, Inc.",Education publications provider,"Common stock (15,393 shares)",0,9/29/2006,3.0,7
383,"Geotrace Technologies, Inc.",Reservoir processing and development,"Warrants to purchase up to 69,978 shares of common stock",0,4/1/2010,88.0,0
384,"Geotrace Technologies, Inc.",Reservoir processing and development,"Warrants to purchase up to 210,453 shares of preferred stock",0,4/1/2010,2805.0,638
385,"UL Holding Co., LLC and Universal Lubricants, LLC (6)",Petroleum product manufacturer,"Second lien senior secured loan ($48,337 par due 12/2014)",0,4/30/2012,44861.0,34957
386,"UL Holding Co., LLC and Universal Lubricants, LLC (6)",Petroleum product manufacturer,"Second lien senior secured loan ($5,092 par due 12/2014)",0,4/30/2012,4755.0,3683
387,"UL Holding Co., LLC and Universal Lubricants, LLC (6)",Petroleum product manufacturer,"Second lien senior secured loan ($5,056 par due 12/2014)",0,4/30/2012,4668.0,3657
388,"UL Holding Co., LLC and Universal Lubricants, LLC (6)",Petroleum product manufacturer,"Class A common units (151,236 units)",0,6/17/2011,1512.0,0
389,"UL Holding Co., LLC and Universal Lubricants, LLC (6)",Petroleum product manufacturer,"Class B-5 common units (599,200 units)",0,6/17/2011,5472.0,0
390,"UL Holding Co., LLC and Universal Lubricants, LLC (6)",Petroleum product manufacturer,"Class B-4 common units (50,000 units)",0,4/25/2008,500.0,0
391,"UL Holding Co., LLC and Universal Lubricants, LLC (6)",Petroleum product manufacturer,"Class C common units (758,546 units)",0,4/25/2008,0.0,0
392,PODS Funding Corp. II,Storage and warehousing,"First lien senior secured loan ($4,103 par due 12/2018)",8.25% (Base Rate + 5.00%/Q),3/12/2014,4103.0,4103
393,PODS Funding Corp. II,Storage and warehousing,First lien senior secured,7.00% (Libor + 6.00%/Q),12/19/2013,35763.0,35763
394,"United Road Towing, Inc.",Towing company,Warrants to purchase up to 607 shares,0,4/1/2010,0.0,0
395,"Athletic Club Holdings, Inc.",Premier health club operator,"First lien senior secured loan ($34,000 par due 3/2019)",7.25% (Libor + 6.00%/M),10/11/2007,34000.0,34000
396,"CFW Co-Invest, L.P. and NCP Curves, L.P.",Health club franchisor,"Limited partnership interest (4,152,165 shares)",0,7/31/2012,4152.0,2964
397,"CFW Co-Invest, L.P. and NCP Curves, L.P.",Health club franchisor,"Limited partnership interest (2,218,235 shares)",0,7/31/2012,2218.0,1583
398,"American Broadband Communications, LLC, American Broadband Holding Company, and Cameron Holdings of NC, Inc.",Broadband communication services,Warrants to purchase up to 378 shares,0,11/7/2007,0.0,6402
399,"American Broadband Communications, LLC, American Broadband Holding Company, and Cameron Holdings of NC, Inc.",Broadband communication services,Warrants to purchase up to 200 shares,0,9/1/2010,0.0,3388
400,EUNetworks Group Limited (8),Broadband bandwidth infrastructure provider,"First lien senior secured loan ($14,925 par due 5/2019)",7.50% (Libor + 6.50%/Q),12/13/2013,21110.0,21177
401,"Quantance, Inc.",Designer of semiconductor products to the mobile wireless market,"First lien senior secured loan ($3,500 par due 9/2016)",10.25%,8/23/2013,3410.0,3500
402,"Quantance, Inc.",Designer of semiconductor products to the mobile wireless market,"Warrant to purchase up to 130,432 shares of Series D Preferred Stock",0,8/23/2013,74.0,74
403,"Startec Equity, LLC (7)",Communication services,Member interest,0,4/1/2010,0.0,191
404,Wilcon Holdings LLC,Communications infrastructure provider (data center/fiber market),"Class A common stock (2,000,000 shares)",0,12/13/2013,1829.0,1561
405,"Genomatica, Inc.",Developer of a biotechnology platform for the production of chemical products,"First lien senior secured loan ($1,470 par due 10/2016)",9.26%,3/28/2013,1415.0,1470
406,"Genomatica, Inc.",Developer of a biotechnology platform for the production of chemical products,"Warrant to purchase 322,422 shares of Series D preferred stock",0,3/28/2013,0.0,6
407,"RE Community Holdings II, Inc.and Pegasus Community Energy, LLC.",Operator of municipal recycling facilities,"Preferred stock (1,000 shares)",0,3/1/2011,8839.0,0
408,"Waste Pro USA, Inc",Waste management services,"Preferred Class A common equity (611,615 shares)",0,11/9/2006,12263.0,28818
409,"Apple & Eve, LLC and US Juice Partners, LLC (6)",Juice manufacturer,"Senior units (50,000 units)",0,10/5/2007,5000.0,5817
410,"Charter Baking Company, Inc.",Baked goods manufacturer,"Senior subordinated loan ($2,992 par due 6/2015)",17.50% PIK,2/6/2008,2992.0,2992
411,"Charter Baking Company, Inc.",Baked goods manufacturer,"Preferred stock (6,258 shares)",0,9/1/2006,2567.0,2448
412,Distant Lands Trading Co.,Coffee manufacturer,"Class A common stock (1,294 shares)",0,4/1/2010,980.0,0
413,Distant Lands Trading Co.,Coffee manufacturer,"Class A-1 common stock (2,157 shares)",0,4/1/2010,0.0,0
414,"BECO Holding Company, Inc.",Wholesale distributor of first response fire protection equipment and related parts,"Common stock (25,000 shares)",0,7/30/2010,2500.0,3254
