,Company(1),Business Description,Investment,Interest(5)(11),Acquisition  Date,Amortized  Cost,Fair Value
0,"AGILE Fund I, LLC (9)",Investment partnership,Member interest (0.50% interest),0,4/1/2010,122.0,27
1,"CIC Flex, LP (9)",Investment partnership,Limited partnership units (0.94 unit),0,9/7/2007,1050.0,2120
2,"Covestia Capital Partners, LP (9)",Investment partnership,Limited partnership interest (47.00% interest),0,6/17/2008,1059.0,1170
3,"Dynamic India Fund IV, LLC (9)",Investment company,Member interest (5.44% interest),0,4/1/2010,4822.0,2962
4,"HCI Equity, LLC (7)(8)(9)",Investment company,Member interest (100.00% interest),0,4/1/2010,452.0,426
5,"Imperial Capital Private Opportunities, LP (9)",Investment partnership,Limited partnership interest (80.00% interest),0,5/10/2007,5971.0,10037
6,"Partnership Capital Growth Fund I, L.P. (9)",Investment partnership,Limited partnership interest (25.00% interest),0,6/16/2006,1596.0,4059
7,"Partnership Capital Growth Fund III, L.P. (9)",Investment partnership,Limited partnership interest (2.50% interest),0,10/5/2011,2379.0,2341
8,"Piper Jaffray Merchant Banking Fund I, L.P. (9)",Investment partnership,Limited partnership interest (2.00% interest),0,8/16/2012,389.0,341
9,Senior Secured Loan Fund LLC (7)(10),Co-investment vehicle,"Subordinated certificates ($1,250,904 par due 12/2022)",8.31% (Libor + 8.00%/Q)(22),10/30/2009,1244833.0,1269667
10,VSC Investors LLC (9),Investment company,Membership interest (1.95% interest),0,1/24/2008,661.0,1197
11,"California Forensic Medical Group, Incorporated",Correctional facility healthcare operator,"Senior secured loan ($54,047 par due 11/2018)",9.25% (Libor + 8.00%/Q),11/16/2012,54047.0,54047
12,"CCS Group Holdings, LLC",Correctional facility healthcare operator,"Class A units (601,937 units)",0,8/19/2010,602.0,1293
13,"CT Technologies Intermediate Holdings, Inc. and CT Technologies Holdings LLC (6)",Healthcare analysis services,"Senior secured loan ($7,546 par due 3/2017)",7.75% (Libor + 6.50%/Q),3/15/2011,7546.0,7471
14,"CT Technologies Intermediate Holdings, Inc. and CT Technologies Holdings LLC (6)",Healthcare analysis services,"Senior secured loan ($7,154 par due 3/2017)",7.75% (Libor + 6.50%/Q),3/15/2011,7154.0,7082
15,"CT Technologies Intermediate Holdings, Inc. and CT Technologies Holdings LLC (6)",Healthcare analysis services,"Class A common stock (9,679 shares)",0,6/15/2007,4000.0,4931
16,"CT Technologies Intermediate Holdings, Inc. and CT Technologies Holdings LLC (6)",Healthcare analysis services,"Class C common stock (1,546 shares)",0,6/15/2007,0.0,1359
17,"INC Research, Inc.",Pharmaceutical and biotechnology consulting services,"Common stock (1,410,000 shares)",0,9/27/2010,1512.0,996
18,Intermedix Corporation,Revenue cycle management provider to the emergency healthcare industry,"Junior secured loan ($112,000 par due 6/2019)",10.25% (Libor + 9.00%/Q),12/27/2012,112000.0,112000
19,"JHP Group Holdings, Inc.",Manufacturer of specialty pharmaceutical products,"Series A preferred stock (1,000,000 shares)",6.00% PIK,2/19/2013,1000.0,1000
20,"Magnacare Holdings, Inc., Magnacare Administrative Services, LLC, and Magnacare, LLC",Healthcare professional provider,"Senior secured loan ($69,971 par due 3/2018)",9.75% (Libor + 8.75%/Q),9/15/2010,69971.0,69971
21,"Magnacare Holdings, Inc., Magnacare Administrative Services, LLC, and Magnacare, LLC",Healthcare professional provider,"Senior secured loan ($57,900 par due 3/2018)",9.75% (Libor + 8.75%/Q),9/15/2010,57900.0,57900
22,"Magnacare Holdings, Inc., Magnacare Administrative Services, LLC, and Magnacare, LLC",Healthcare professional provider,"Senior secured loan ($4,825 par due 3/2018)",9.75% (Libor + 8.75%/Q),3/16/2012,4825.0,4825
23,MW Dental Holding Corp.,Dental services,"Senior secured revolving loan ($3,500 par due 4/2017)",8.50% (Libor + 7.00%/M),4/12/2011,3500.0,3500
24,MW Dental Holding Corp.,Dental services,"Senior secured loan ($54,885 par due 4/2017)",8.50% (Libor + 7.00%/M),4/12/2011,54885.0,54885
25,MW Dental Holding Corp.,Dental services,"Senior secured loan ($49,129 par due 4/2017)",8.50% (Libor + 7.00%/M),4/12/2011,49129.0,49129
26,MW Dental Holding Corp.,Dental services,"Senior secured loan ($9,875 par due 4/2017)",8.50% (Libor + 7.00%/M),4/12/2011,9875.0,9875
27,Napa Management Services,Anesthesia management,Senior secured loan,6.50% (Libor +,4/15/2011,23674.0,23674
28,Corporation,services provider,"($23,674 par due 4/2018)",5.25%/Q),0,0.0,0
29,Corporation,services provider,"Senior secured loan ($33,518 par due 4/2018)",6.50% (Libor + 5.25%/Q),4/15/2011,33445.0,33518
30,Corporation,services provider,"Common units (5,000 units)",0,4/15/2011,5000.0,6324
31,"Netsmart Technologies, Inc. and NS Holdings, Inc.",Healthcare technology provider,"Senior secured loan ($39,844 par due 12/2017)",7.25% (Libor + 6.00%/Q),12/18/2012,39844.0,39844
32,"Netsmart Technologies, Inc. and NS Holdings, Inc.",Healthcare technology provider,Senior secured loan ($18 par due 12/2017),8.25% (Base Rate + 5.00%/Q),12/18/2012,18.0,18
33,"Netsmart Technologies, Inc. and NS Holdings, Inc.",Healthcare technology provider,Senior secured loan ($232 par due 12/2017),8.25% (Base Rate + 5.00%/Q),12/18/2012,232.0,232
34,"Netsmart Technologies, Inc. and NS Holdings, Inc.",Healthcare technology provider,"Common stock (2,500,000 shares)",0,6/21/2010,2500.0,3106
35,OnCURE Medical Corp.,Radiation oncology care provider,"Common stock (857,143 shares)",0,8/18/2006,3000.0,0
36,"Passport Health Communications, Inc., Passport Holding Corp. and Prism Holding Corp.",Healthcare technology provider,"Series A preferred stock (1,594,457 shares)",0,7/30/2008,11156.0,12388
37,"Passport Health Communications, Inc., Passport Holding Corp. and Prism Holding Corp.",Healthcare technology provider,"Common stock (16,106 shares)",0,7/30/2008,100.0,0
38,"PG Mergersub, Inc. and PGA Holdings, Inc.","Provider of patient surveys, management reports and national databases for the integrated healthcare delivery system","Junior secured loan ($45,000 par due 10/2018)",8.25% (Libor + 7.00%/Q),4/19/2012,45000.0,45000
39,"PG Mergersub, Inc. and PGA Holdings, Inc.","Provider of patient surveys, management reports and national databases for the integrated healthcare delivery system",Preferred stock (333 shares),0,3/12/2008,125.0,14
40,"PG Mergersub, Inc. and PGA Holdings, Inc.","Provider of patient surveys, management reports and national databases for the integrated healthcare delivery system","Common stock (16,667 shares)",0,3/12/2008,167.0,703
41,"RCHP, Inc.",Operator of general acute care hospitals,"Senior secured loan ($9,975 par due 11/2018)",7.00% (Libor + 5.75%/Q),11/4/2011,9950.0,9975
42,"RCHP, Inc.",Operator of general acute care hospitals,"Junior secured loan ($65,000 par due 5/2019)",11.50% (Libor + 10.00%/S),11/4/2011,65000.0,65000
43,"Reed Group, Ltd.",Medical disability management services provider,Equity interests,0,4/1/2010,0.0,0
44,"Respicardia, Inc.",Developer of implantable therapies to improve cardiovascular health,"Senior secured loan ($5,600 par due 7/2015)",11.00%,6/28/2012,5574.0,5600
45,"Respicardia, Inc.",Developer of implantable therapies to improve cardiovascular health,"Warrants to purchase up to 99,094 shares of Series C preferred stock",0,6/26/2012,38.0,30
46,"Sage Products Holdings III, LLC",Patient infection control and preventive care solutions provider,"Junior secured loan ($75,000 par due 6/2020)",9.25% (Libor + 8.00%/Q),12/13/2012,75000.0,75000
47,"Soteria Imaging Services, LLC (6)",Outpatient medical imaging provider,"Junior secured loan ($2,521 par due 11/2010)",0,4/1/2010,2051.0,671
48,"Soteria Imaging Services, LLC (6)",Outpatient medical imaging provider,"Preferred member units (1,823,179 units)",0,4/1/2010,0.0,0
49,"SurgiQuest, Inc.",Medical device company,"Senior secured loan ($7,000 par due 10/2016)",10.00%,9/28/2012,6812.0,7000
50,"SurgiQuest, Inc.",Medical device company,"Warrants to purchase up to 54,672 shares of Series D-4 convertible preferred stock",0,9/28/2012,0.0,0
51,"U.S. Anesthesia Partners, Inc.",Anesthesiology service provider,"Senior secured loan ($14,962 par due 12/2018)",6.50% (Libor + 5.50%/Q),12/27/2012,14962.0,14962
52,"Vantage Oncology, Inc.",Radiation oncology care provider,"Common stock (62,157 shares)",0,2/3/2011,4670.0,2252
53,"Young Innovations, Inc.",Dental equipment manufacturer,"Senior secured loan ($15,000 par due 1/2019)",6.25% (Libor + 5.00%/M),1/31/2013,15000.0,15000
54,"Young Innovations, Inc.",Dental equipment manufacturer,"Senior secured loan ($22,143 par due 1/2019)",6.25% (Libor + 5.00%/M),1/31/2013,22143.0,22143
55,"American Academy Holdings,","Provider of education,",Senior secured revolving,7.25% (Base,3/18/2011,4850.0,4850
56,LLC,"training, certification, networking, and consulting services to medical coders and other healthcare professionals","loan ($4,850 par due 3/2019)",Rate + 4.00%/Q),0,0.0,0
57,LLC,"training, certification, networking, and consulting services to medical coders and other healthcare professionals","Senior secured loan ($7,800 par due 3/2019)",6.00% (Libor + 5.00%/Q),3/18/2011,7800.0,7800
58,LLC,"training, certification, networking, and consulting services to medical coders and other healthcare professionals","Senior secured loan ($5,985 par due 3/2019)",6.00% (Libor + 5.00%/Q),3/18/2011,5985.0,5985
59,LLC,"training, certification, networking, and consulting services to medical coders and other healthcare professionals","Senior secured loan ($10,331 par due 3/2019)",6.00% (Libor + 5.00%/Q),3/18/2011,10331.0,10331
60,LLC,"training, certification, networking, and consulting services to medical coders and other healthcare professionals","Senior secured loan ($60,752 par due 3/2019)",6.00% (Libor + 5.00%/Q),3/18/2011,60752.0,60752
61,LLC,"training, certification, networking, and consulting services to medical coders and other healthcare professionals","Senior secured loan ($4,770 par due 3/2019)",6.00% (Libor + 5.00%/Q),3/18/2011,4770.0,4770
62,Campus Management Corp. and Campus Management Acquisition Corp. (6),Education software developer,"Preferred stock (485,159 shares)",0,2/8/2008,10520.0,5461
63,"Community Education Centers, Inc.",Offender re-entry and in-prison treatment services provider,"Senior secured loan ($15,000 par due 12/2014)",6.25% (Libor + 5.25%/Q),12/10/2010,15000.0,15000
64,"Community Education Centers, Inc.",Offender re-entry and in-prison treatment services provider,Senior secured loan ($714 par due 12/2014),7.50% (Base Rate + 4.25%/Q),12/10/2010,714.0,714
65,"Community Education Centers, Inc.",Offender re-entry and in-prison treatment services provider,"Junior secured loan ($33,599 par due 12/2015)",15.30% (Libor + 15.00%/Q),12/10/2010,33599.0,30912
66,"Community Education Centers, Inc.",Offender re-entry and in-prison treatment services provider,"Junior secured loan ($10,139 par due 12/2015)",15.29% (Libor + 15.00%/Q),12/10/2010,10139.0,9329
67,"Community Education Centers, Inc.",Offender re-entry and in-prison treatment services provider,"Warrants to purchase up to 654,618 shares",0,12/10/2010,0.0,0
68,eInstruction Corporation,"Developer, manufacturer and retailer of educational products","Senior secured loan ($17,000 par due 7/2014)",0,4/1/2010,15258.0,0
69,eInstruction Corporation,"Developer, manufacturer and retailer of educational products","Senior subordinated loan ($33,305 par due 1/2015)",0,4/1/2010,24152.0,0
70,eInstruction Corporation,"Developer, manufacturer and retailer of educational products","Common stock (2,406 shares)",0,4/1/2010,926.0,0
71,"ELC Acquisition Corp., ELC Holdings Corporation, and Excelligence Learning Corporation (6)","Developer, manufacturer and retailer of educational products","Preferred stock (99,492 shares)",12.00% PIK,8/1/2011,10845.0,12119
72,"ELC Acquisition Corp., ELC Holdings Corporation, and Excelligence Learning Corporation (6)","Developer, manufacturer and retailer of educational products","Common stock (50,800 shares)",0,8/1/2011,51.0,3290
73,"Infilaw Holding, LLC",Operator of three for-profit law schools,Senior secured loan ($1 par due 8/2016),9.50% (Libor + 8.50%/Q),8/25/2011,1.0,1
74,"Infilaw Holding, LLC",Operator of three for-profit law schools,"Senior secured loan ($19,086 par due 8/2016)",9.50% (Libor + 8.50%/Q),8/25/2011,19086.0,19086
75,"Infilaw Holding, LLC",Operator of three for-profit law schools,"Series A preferred units (124,890 units)",9.50% (Libor + 8.50%/Q),8/25/2011,124890.0,124890
76,"Infilaw Holding, LLC",Operator of three for-profit law schools,Series B preferred stock (3.91 units),0,10/19/2012,9245.0,9884
77,"Instituto de Banca y Comercio, Inc.  & Leeds IV Advisors, Inc.",Private school operator,"Series B preferred stock (1,750,000 shares)",0,8/5/2010,5000.0,7412
78,"Instituto de Banca y Comercio, Inc.  & Leeds IV Advisors, Inc.",Private school operator,"Series C preferred stock (2,512,586 shares)",0,6/7/2010,689.0,34
79,"Instituto de Banca y Comercio, Inc.  & Leeds IV Advisors, Inc.",Private school operator,Common stock (20 shares),0,6/7/2010,0.0,0
80,"Lakeland Tours, LLC",Educational travel provider,"Senior secured loan ($58,826 par due 12/2016)",9.25% (Libor + 8.25%/Q),10/4/2011,58678.0,58826
81,"Lakeland Tours, LLC",Educational travel provider,"Senior secured loan ($1,760 par due 12/2016)",5.25% (Libor + 4.25%/Q),10/4/2011,1756.0,1760
82,"Lakeland Tours, LLC",Educational travel provider,"Senior secured loan ($40,362 par due 12/2016)",9.25% (Libor + 8.25%/Q),10/4/2011,40259.0,40362
83,"Lakeland Tours, LLC",Educational travel provider,"Senior secured loan ($8,800 par due 12/2016)",5.25% (Libor + 4.25%/Q),10/4/2011,8777.0,8800
84,"Lakeland Tours, LLC",Educational travel provider,"Common stock (5,000 shares)",0,10/4/2011,5000.0,4892
85,"R3 Education, Inc. and EIC Acquisitions Corp.",Medical school operator,"Preferred stock (8,800 shares)",0,7/30/2008,2200.0,1936
86,"R3 Education, Inc. and EIC Acquisitions Corp.",Medical school operator,Common membership,0,9/21/2007,15800.0,29443
87,"R3 Education, Inc. and EIC Acquisitions Corp.",Medical school operator,"interest (26.27% interest) Warrants to purchase up to 27,890 shares",0,12/8/2009,0.0,0
88,"ADF Capital, Inc. & ADF Restaurant Group, LLC",Restaurant owner and operator,"Senior secured revolving loan ($1,468 par due 11/2014)",6.50% (Libor + 3.50%/Q),11/27/2006,1468.0,1468
89,"ADF Capital, Inc. & ADF Restaurant Group, LLC",Restaurant owner and operator,Senior secured revolving loan ($50 par due 11/2014),6.50% (Base Rate + 2.50%/Q),11/27/2006,50.0,50
90,"ADF Capital, Inc. & ADF Restaurant Group, LLC",Restaurant owner and operator,"Senior secured loan ($9,168 par due 11/2015)",12.50% (Libor + 9.50%/Q),11/27/2006,9168.0,9168
91,"ADF Capital, Inc. & ADF Restaurant Group, LLC",Restaurant owner and operator,"Senior secured loan ($10,995 par due 11/2015)",12.50% (Libor + 9.50%/Q),11/27/2006,10998.0,10995
92,"ADF Capital, Inc. & ADF Restaurant Group, LLC",Restaurant owner and operator,"Promissory note ($20,020,806 par due 11/2016)",12.00% PIK,11/27/2006,16584.0,19978
93,"ADF Capital, Inc. & ADF Restaurant Group, LLC",Restaurant owner and operator,Warrants to purchase up to 0.61 shares,0,6/1/2006,0.0,2352
94,"Benihana, Inc.",Restaurant owner and operator,"Senior secured loan ($11,715 par due 2/2018)",9.25% (Libor + 8.00%/Q),8/21/2012,11715.0,11715
95,"Benihana, Inc.",Restaurant owner and operator,"Senior secured loan ($10,000 par due 2/2018)",9.25% (Libor + 8.00%/Q),8/21/2012,10000.0,10000
96,"Benihana, Inc.",Restaurant owner and operator,"Senior secured loan ($9,975 par due 2/2018)",9.25% (Libor + 8.00%/Q),8/21/2012,9975.0,9975
97,"Hojeij Branded Foods, Inc.",Airport restaurant operator,"Senior secured revolving loan ($1,900 par due 2/2017)",9.00% (Libor + 8.00%/Q),2/15/2012,1900.0,1900
98,"Hojeij Branded Foods, Inc.",Airport restaurant operator,"Senior secured loan ($25,600 par due 2/2017)",9.00% (Libor + 8.00%/Q),2/15/2012,25053.0,25600
99,"Hojeij Branded Foods, Inc.",Airport restaurant operator,Warrants to purchase up to 7.5% of membership interest,0,2/15/2012,0.0,164
100,"Hojeij Branded Foods, Inc.",Airport restaurant operator,Warrants to purchase up to 324 shares of Class A common stock,0,2/15/2012,669.0,2362
101,"Orion Foods, LLC (7)",Convenience food service retailer,"Senior secured revolving loan ($9,000 par due 9/2014)",10.75% (Base Rate + 7.50%/M),4/1/2010,9000.0,9000
102,"Orion Foods, LLC (7)",Convenience food service retailer,"Senior secured loan ($33,367 par due 9/2014)",10.00% (Libor + 8.50%/Q),4/1/2010,33367.0,33367
103,"Orion Foods, LLC (7)",Convenience food service retailer,"Junior secured loan ($37,552 par due 9/2014)",0,4/1/2010,22425.0,15358
104,"Orion Foods, LLC (7)",Convenience food service retailer,"Preferred units (10,000 units)",0,10/28/2010,0.0,0
105,"Orion Foods, LLC (7)",Convenience food service retailer,"Class A common units (25,001 units)",0,4/1/2010,0.0,0
106,"Orion Foods, LLC (7)",Convenience food service retailer,"Class B common units (1,122,452 units)",0,4/1/2010,0.0,0
107,"OTG Management, LLC",Airport restaurant operator,"Senior secured loan ($25,000 par due 12/2017)",8.75% (Libor + 7.25%/Q),12/11/2012,25000.0,25000
108,"OTG Management, LLC",Airport restaurant operator,"Common units (3,000,000 units)",0,1/5/2011,3000.0,1955
109,"OTG Management, LLC",Airport restaurant operator,Warrants to purchase up to 7.73% of common units,0,6/19/2008,100.0,4151
110,"Performance Food Group, Inc. and Wellspring Distribution Corp.",Food service distributor,"Junior secured loan ($50,000 par due 5/2015)",11.00%,5/30/2012,50000.0,50000
111,"Performance Food Group, Inc. and Wellspring Distribution Corp.",Food service distributor,"Junior secured loan ($112,250 par due 5/2015)",11.00%,5/23/2008,111327.0,112250
112,"Performance Food Group, Inc. and Wellspring Distribution Corp.",Food service distributor,"Class A non-voting common stock (1,366,120 shares)",0,5/3/2008,7500.0,6823
113,"Restaurant Holding Company, LLC",Fast food restaurant operator,"Senior secured loan ($60,667 par due 2/2017)",9.00% (Libor + 7.50%/M),2/17/2012,59676.0,60667
114,"Restaurant Holding Company, LLC",Fast food restaurant operator,"Senior secured loan ($9,333 par due 2/2017)",9.00% (Libor + 7.50%/M),2/17/2012,9180.0,9333
115,S.B. Restaurant Company,Restaurant owner and,"Preferred stock (46,690",0,4/1/2010,0.0,0
116,S.B. Restaurant Company,operator,"shares) Warrants to purchase up to 257,429 shares of common stock",0,4/1/2010,0.0,0
117,"AllBridge Financial, LLC (7)",Asset management services,Equity interests,0,4/1/2010,5675.0,7422
118,Callidus Capital Corporation (7),Asset management services,Common stock (100 shares),0,4/1/2010,3000.0,1735
119,Ciena Capital LLC (7),Real estate and small business loan servicer,"Senior secured revolving loan ($14,000 par due 12/2014)",6.00%,11/29/2010,14000.0,14000
120,Ciena Capital LLC (7),Real estate and small business loan servicer,"Senior secured loan ($32,000 par due 12/2016)",12.00%,11/29/2010,32000.0,32000
121,Ciena Capital LLC (7),Real estate and small business loan servicer,Equity interests,0,11/29/2010,53374.0,14533
122,"Commercial Credit Group, Inc.",Commercial equipment finance and leasing company,"Senior subordinated loan ($28,000 par due 5/2018)",12.75%,5/10/2012,28000.0,28000
123,"Cook Inlet Alternative Risk, LLC",Risk management services,"Senior subordinated loan ($2,500 par due 9/2015)",9.00%,9/30/2011,2500.0,2500
124,Financial Pacific Company,Commercial finance leasing,"Preferred stock (6,500 shares)",8.00% PIK,10/13/2010,3807.0,14065
125,Financial Pacific Company,Commercial finance leasing,"Common stock (650,000 shares)",0,10/13/2010,0.0,0
126,Gordian Acquisition Corp.,Financial services firm,Common stock (526 shares),0,11/30/2012,0.0,0
127,Imperial Capital Group LLC,Investment services,"2006 Class B common units (2,526 units)",0,5/10/2007,3.0,4
128,Imperial Capital Group LLC,Investment services,2007 Class B common units (315 units),0,5/10/2007,0.0,1
129,Imperial Capital Group LLC,Investment services,"Class A common units (7,710 units)",0,5/10/2007,14997.0,18949
130,"Ivy Hill Asset Management, L.P. (7)(9)",Asset management services,Member interest (100.00% interest),0,6/15/2009,170961.0,267839
131,"Access CIG, LLC",Records and information management services provider,"Senior secured loan ($1,000 par due 10/2017)",7.00% (Libor + 5.75%/Q),10/5/2012,1000.0,1000
132,"Cast & Crew Payroll, LLC and Centerstage Co-Investors, L.L.C. (6)",Payroll and accounting services provider to the entertainment industry,"Senior secured loan ($19,750 par due 12/2017)",7.50% (Libor + 6.50%/Q),12/24/2012,19750.0,19750
133,"Cast & Crew Payroll, LLC and Centerstage Co-Investors, L.L.C. (6)",Payroll and accounting services provider to the entertainment industry,"Senior secured loan ($49,375 par due 12/2017)",7.50% (Libor + 6.50%/Q),12/24/2012,49375.0,49375
134,"Cast & Crew Payroll, LLC and Centerstage Co-Investors, L.L.C. (6)",Payroll and accounting services provider to the entertainment industry,"Class A membership units (2,500,000 units)",0,12/24/2012,2500.0,2500
135,"Cast & Crew Payroll, LLC and Centerstage Co-Investors, L.L.C. (6)",Payroll and accounting services provider to the entertainment industry,"Class B membership units (2,500,000 units)",0,12/24/2012,2500.0,2500
136,"CIBT Investment Holdings, LLC",Expedited travel document processing services,"Class A shares (2,500 shares)",0,12/15/2011,2500.0,3477
137,CitiPostal Inc. (7),Document storage and management services,"Senior secured revolving loan ($1,000 par due 12/2013)",6.50% (Base Rate + 3.25%/Q),4/1/2010,1000.0,1000
138,CitiPostal Inc. (7),Document storage and management services,Senior secured loan ($525 par due 12/2013),"8.50% Cash, 5.50% PIK",4/1/2010,525.0,489
139,CitiPostal Inc. (7),Document storage and management services,"Senior secured loan ($53,817 par due 12/2013)","8.50% Cash, 5.50% PIK",4/1/2010,53817.0,50066
140,CitiPostal Inc. (7),Document storage and management services,"Senior subordinated loan ($17,936 par due 12/2015)",0,4/1/2010,13038.0,0
141,CitiPostal Inc. (7),Document storage and management services,"Common stock (37,024 shares)",0,4/1/2010,0.0,0
142,"Command Alkon, Inc.",Software solutions provider to the ready-mix concrete industry,"Junior secured loan ($39,130 par due 3/2018)",9.75% (Libor + 8.50%/Q),9/28/2012,39130.0,39130
143,"Cornerstone Records Management, LLC",Physical records storage and management service provider,"Senior secured loan ($18,403 par due 8/2016)",12.25% (Base Rate + 9.00%/Q),8/12/2011,18403.0,17667
144,"HCPro, Inc. and HCP",Healthcare compliance,Senior subordinated loan,0,3/5/2013,5500.0,5500
145,"Acquisition Holdings, LLC (7)",advisory services,"($17,103 par due 8/2014)",0,0,0.0,0
146,"Acquisition Holdings, LLC (7)",advisory services,"Class A units (15,043,110 units)",0,6/26/2008,13543.0,0
147,IfByPhone Inc.,Voice-based marketing automation software provider,"Senior secured loan ($2,000 par due 11/2015)",11.00%,10/15/2012,1924.0,2000
148,IfByPhone Inc.,Voice-based marketing automation software provider,"Senior secured loan ($1,000 par due 1/2016)",11.00%,10/15/2012,1000.0,1000
149,IfByPhone Inc.,Voice-based marketing automation software provider,"Warrant to purchase up to 124,300 shares of Series C preferred stock",0,10/15/2012,88.0,88
150,"Impact Innovations Group, LLC",IT consulting and outsourcing services,Member interest (50.00% interest),0,4/1/2010,0.0,200
151,"Investor Group Services, LLC (6)",Business consulting for private equity and corporate clients,Limited liability company membership interest (10.00% interest),0,6/22/2006,0.0,805
152,"Itel Laboratories, Inc.",Data services provider for building materials to property insurance industry,"Senior secured loan ($22,182 par due 6/2018)",6.00% (Libor + 4.75%/M),6/29/2012,22182.0,22182
153,"Itel Laboratories, Inc.",Data services provider for building materials to property insurance industry,"Preferred units (1,798,391 units)",0,6/29/2012,1000.0,1118
154,"Multi-Ad Services, Inc. (6)",Marketing services and software provider,"Preferred units (1,725,280 units)",0,4/1/2010,788.0,2043
155,"Multi-Ad Services, Inc. (6)",Marketing services and software provider,"Common units (1,725,280 units)",0,4/1/2010,0.0,0
156,"MVL Group, Inc. (7)",Marketing research provider,Senior secured revolving loan ($806 par due 6/2012),4.80% (Libor + 4.50%/Q),6/28/2012,806.0,806
157,"MVL Group, Inc. (7)",Marketing research provider,"Senior subordinated loan ($37,003 par due 7/2012)",0,4/1/2010,34636.0,7216
158,"MVL Group, Inc. (7)",Marketing research provider,Junior subordinated loan ($185 par due 7/2012),0,4/1/2010,0.0,0
159,"MVL Group, Inc. (7)",Marketing research provider,"Common stock (560,716 shares)",0,4/1/2010,0.0,0
160,"NComputing, Inc.",Desktop virtualization hardware and software technology service provider,"Senior secured loan ($6,500 par due 7/2016)",10.50%,3/20/2013,6500.0,6500
161,"NComputing, Inc.",Desktop virtualization hardware and software technology service provider,"Warrant to purchase up to 462,726 shares of Series C preferred stock",0,3/20/2013,0.0,41
162,Pillar Processing LLC and PHL Holding Co. (6),Mortgage services,"Senior secured loan ($6,659 par due 11/2018)",0,7/31/2008,6248.0,6659
163,Pillar Processing LLC and PHL Holding Co. (6),Mortgage services,"Senior secured loan ($7,375 par due 5/2019)",0,11/20/2007,6406.0,494
164,Pillar Processing LLC and PHL Holding Co. (6),Mortgage services,Class A common stock (576 shares),0,7/31/2012,3768.0,0
165,"Powersport Auctioneer Holdings, LLC",Powersport vehicle auction operator,"Common units (1,972 units)",0,3/2/2012,1000.0,746
166,"Prommis Holdings, LLC",Bankruptcy and foreclosure processing services,"Class B common units (1,727 units)",0,6/12/2012,0.0,0
167,"Promo Works, LLC",Marketing services,"Senior secured loan ($8,655 par due 12/2013)",0,4/1/2010,3016.0,1888
168,R2 Acquisition Corp.,Marketing services,"Common stock (250,000 shares)",0,5/29/2007,250.0,147
169,"Rainstor, Inc.",Database solution provider designed to manage Big Data for large enterprises at the lowest total cost,"Senior secured loan ($3,000 par due 4/2016)",11.25%,3/28/2013,2913.0,3000
170,"Rainstor, Inc.",Database solution provider designed to manage Big Data for large enterprises at the lowest total cost,"Warrant to purchase up to 142,210 shares of Series C preferred stock",0,3/28/2013,88.0,89
171,"Strident Holding, Inc.",Recovery audit services provider to commercial and governmental healthcare payors,"Senior secured loan ($7,915 par due 7/2018)",6.50% (Libor + 5.25%/M),7/26/2012,7915.0,7915
172,"Strident Holding, Inc.",Recovery audit services provider to commercial and governmental healthcare payors,"Senior secured loan ($9,950 par due 7/2018)",6.50% (Libor + 5.25%/M),7/26/2012,9950.0,9950
173,Summit Business Media Parent Holding Company LLC,Business media consulting services,Limited liability company membership interest (45.98% interest),0,5/20/2011,0.0,1405
174,"TOA Technologies, Inc.","Cloud based, mobile workforce management applications provider","Senior secured loan ($13,000 par due 11/2016)",10.25%,10/31/2012,12445.0,12610
175,"TOA Technologies, Inc.","Cloud based, mobile workforce management applications provider","Warrant to purchase up to 2,509,770 shares of Series D preferred stock",0,10/31/2012,605.0,677
176,"Tradesmen International, Inc.",Construction labor support,"Warrants to purchase up to 771,036 shares",0,4/1/2010,0.0,9878
177,"Tripwire, Inc.",IT security software provider,"Senior secured loan ($19,950 par due 5/2018)",6.00% (Libor + 4.75%/Q),5/23/2011,19950.0,19950
178,"Tripwire, Inc.",IT security software provider,"Senior secured loan ($49,875 par due 5/2018)",6.00% (Libor + 4.75%/Q),5/23/2011,49875.0,49875
179,"Tripwire, Inc.",IT security software provider,"Senior secured loan ($9,975 par due 5/2018)",6.00% (Libor + 4.75%/Q),5/23/2011,9975.0,9975
180,"Tripwire, Inc.",IT security software provider,"Class B common stock (2,655,638 shares)",0,5/23/2011,30.0,72
181,"Tripwire, Inc.",IT security software provider,"Class A common stock (2,970 shares)",0,5/23/2011,2970.0,7103
182,"Venturehouse-Cibernet Investors, LLC",Financial settlement services for intercarrier wireless roaming,Equity interest,0,4/1/2010,0.0,0
183,"VSS-Tranzact Holdings, LLC (6)",Management consulting services,Common membership interest (5.98% interest),0,10/26/2007,10204.0,3306
184,Capital Investments and Ventures Corp.,SCUBA diver training and certification provider,"Senior secured loan ($1,692 par due 8/2018)",9.50% (Base Rate + 6.25%/Q),8/9/2012,1692.0,1692
185,Capital Investments and Ventures Corp.,SCUBA diver training and certification provider,"Senior secured loan ($53,009 par due 8/2018)",8.50% (Libor + 7.25%/Q),8/9/2012,53009.0,53009
186,Capital Investments and Ventures Corp.,SCUBA diver training and certification provider,Senior secured loan ($308 par due 8/2018),9.50% (Base Rate + 6.25%/Q),8/9/2012,308.0,308
187,Capital Investments and Ventures Corp.,SCUBA diver training and certification provider,"Senior secured loan ($9,666 par due 8/2018)",8.50% (Libor + 7.25%/Q),8/9/2012,9666.0,9666
188,Capital Investments and Ventures Corp.,SCUBA diver training and certification provider,Senior secured loan ($308 par due 8/2018),9.50% (Base Rate + 6.25%/Q),8/9/2012,308.0,308
189,Capital Investments and Ventures Corp.,SCUBA diver training and certification provider,"Senior secured loan ($9,642 par due 8/2018)",8.50% (Libor + 7.25%/Q),8/9/2012,9642.0,9642
190,"Competitor Group, Inc. and Calera XVI, LLC",Endurance sports media and event operator,"Senior secured revolving loan ($2,350 par due 11/2018)",10.00% (Base Rate + 6.75%/Q),11/30/2012,2350.0,2350
191,"Competitor Group, Inc. and Calera XVI, LLC",Endurance sports media and event operator,Senior secured revolving loan ($900 par due 11/2018),9.00% (Libor + 7.75%/Q),11/30/2012,900.0,900
192,"Competitor Group, Inc. and Calera XVI, LLC",Endurance sports media and event operator,"Senior secured loan ($24,439 par due 11/2018)",9.00% (Libor + 7.75%/Q),11/30/2012,24439.0,24439
193,"Competitor Group, Inc. and Calera XVI, LLC",Endurance sports media and event operator,"Senior secured loan ($29,925 par due 11/2018)",9.00% (Libor + 7.75%/Q),11/30/2012,29925.0,29925
194,"Competitor Group, Inc. and Calera XVI, LLC",Endurance sports media and event operator,"Membership units (2,500,000 units)",0,11/30/2012,2500.0,2500
195,"Massage Envy, LLC",Franchiser in the massage industry,"Senior secured loan ($53,157 par due 9/2018)",8.50% (Libor + 7.25%/Q),9/27/2012,53157.0,53157
196,"Massage Envy, LLC",Franchiser in the massage industry,"Senior secured loan ($26,830 par due 9/2018)",8.50% (Libor + 7.25%/Q),9/27/2012,26830.0,26830
197,"Massage Envy, LLC",Franchiser in the massage industry,"Common stock (3,000,000 shares)",0,9/27/2012,3000.0,3322
198,"McKenzie Sports Products, LLC","Designer, manufacturer and distributor of taxidermy forms and supplies",Senior secured loan ($422 par due 3/2017),7.75% (Base Rate + 4.50%/Q),3/30/2012,422.0,422
199,"McKenzie Sports Products, LLC","Designer, manufacturer and distributor of taxidermy forms and supplies","Senior secured loan ($10,895 par due 3/2017)",7.00% (Libor + 5.50%/Q),3/30/2012,10895.0,10895
200,"McKenzie Sports Products, LLC","Designer, manufacturer and distributor of taxidermy forms and supplies",Senior secured loan ($354 par due 3/2017),7.75% (Base Rate + 4.50%/Q),3/30/2012,354.0,354
201,"McKenzie Sports Products, LLC","Designer, manufacturer and distributor of taxidermy forms and supplies","Senior secured loan ($9,118 par due 3/2017)",7.00% (Libor + 5.50%/Q),3/30/2012,9118.0,9118
202,The Dwyer Group (6),Operator of multiple franchise concepts primarily related to home maintenance or repairs,"Senior subordinated loan ($25,497 par due 6/2018)","12.00% Cash, 1.50% PIK",12/22/2010,25497.0,25497
203,The Dwyer Group (6),Operator of multiple franchise concepts primarily related to home maintenance or repairs,"Series A preferred units (13,292,377 units)",8.00% PIK,12/22/2010,6462.0,15245
204,"Wash Multifamily Laundry Systems, LLC (fka Web Services Company, LLC)",Laundry service and equipment provider,"Junior secured loan ($78,000 par due 2/2020)",9.75% (Libor + 8.50%/Q),2/21/2013,78000.0,78000
205,"Gilchrist & Soames, Inc.",Personal care manufacturer,"Senior secured revolving loan ($9,200 par due 10/2013)",6.25% (Libor + 5.00%/M),4/1/2010,9200.0,9200
206,"Gilchrist & Soames, Inc.",Personal care manufacturer,"Senior secured loan ($22,171 par due 10/2013)","13.44% Cash, 2.00% PIK",4/1/2010,22009.0,20619
207,"Implus Footcare, LLC",Provider of footwear and other accessories,Preferred stock (455 shares),6.00% PIK,10/31/2011,4945.0,4945
208,"Implus Footcare, LLC",Provider of footwear and other accessories,Common stock (455 shares),0,10/31/2011,455.0,24
209,Insight Pharmaceuticals Corporation (6),OTC drug products manufacture,"Junior secured loan ($19,310 par due 8/2017)",13.25% (Libor + 11.75%/Q),8/26/2011,19142.0,19310
210,Insight Pharmaceuticals Corporation (6),OTC drug products manufacture,"Class A common stock (155,000 shares)",0,8/26/2011,6035.0,8368
211,Insight Pharmaceuticals Corporation (6),OTC drug products manufacture,"Class B common stock (155,000 shares)",0,8/26/2011,6035.0,8368
212,"Matrixx Initiatives, Inc. and Wonder Holdings Acquisition Corp.",Developer and marketer of over-the-counter healthcare products,"Senior secured revolving loan ($2,000 par due 6/2016)",13.00% (Libor + 12.00%/Q),6/30/2011,2000.0,1900
213,"Matrixx Initiatives, Inc. and Wonder Holdings Acquisition Corp.",Developer and marketer of over-the-counter healthcare products,"Senior secured loan ($37,984 par due 6/2016)",13.00% (Libor + 12.00%/Q),6/30/2011,37799.0,36085
214,"Matrixx Initiatives, Inc. and Wonder Holdings Acquisition Corp.",Developer and marketer of over-the-counter healthcare products,"Warrants to purchase up to 1,654,678 shares of common stock",0,7/27/2011,0.0,0
215,"Matrixx Initiatives, Inc. and Wonder Holdings Acquisition Corp.",Developer and marketer of over-the-counter healthcare products,"Warrants to purchase up to 1,489 shares of preferred stock",0,7/27/2011,0.0,891
216,"Oak Parent, Inc.",Manufacturer of athletic apparel,"Senior secured loan ($5,896 par due 4/2018)",8.00% (Libor + 7.00%/Q),4/2/2012,5873.0,5896
217,"Oak Parent, Inc.",Manufacturer of athletic apparel,"Senior secured loan ($35,000 par due 4/2018)",8.00% (Libor + 7.00%/Q),4/2/2012,34859.0,35000
218,"Oak Parent, Inc.",Manufacturer of athletic apparel,"Senior secured loan ($9,335 par due 4/2018)",8.00% (Libor + 7.00%/Q),4/2/2012,9297.0,9335
219,"PG-ACP Co-Invest, LLC","Supplier of medical uniforms, specialized medical footwear and accessories","Class A membership units (1,000,0000 units)",0,8/29/2012,1000.0,1665
220,"The Step2 Company, LLC",Toy manufacturer,"Junior secured loan ($25,600 par due 4/2015)",10.00%,4/1/2010,24823.0,25600
221,"The Step2 Company, LLC",Toy manufacturer,"Junior secured loan ($31,621 par due 4/2015)","10.00% Cash, 5.00% PIK",4/1/2010,30802.0,27194
222,"The Step2 Company, LLC",Toy manufacturer,"Common units (1,116,879 units)",0,4/1/2010,24.0,7
223,"The Step2 Company, LLC",Toy manufacturer,"Warrants to purchase up to 3,157,895 units",0,4/1/2010,0.0,19
224,"The Thymes, LLC (7)",Cosmetic products manufacturer,"Preferred units (6,283 units)",8.00% PIK,6/21/2007,5001.0,4638
225,"The Thymes, LLC (7)",Cosmetic products manufacturer,"Common units (5,400 units)",0,6/21/2007,0.0,4473
226,Woodstream Corporation,Pet products manufacturer,"Senior secured loan ($3,000 par due 8/2016)",6.00% (Libor + 5.00%/Q),4/18/2012,3000.0,3000
227,Woodstream Corporation,Pet products manufacturer,"Senior secured loan ($15,000 par due 8/2016)",6.00% (Libor + 5.00%/Q),4/18/2012,15000.0,15000
228,Woodstream Corporation,Pet products manufacturer,"Senior subordinated loan ($80,000 par due 2/2017)",11.00%,1/22/2010,76964.0,80000
229,Woodstream Corporation,Pet products manufacturer,"Common stock (4,254 shares)",0,1/22/2010,1222.0,2633
230,"ICSH, Inc.","Industrial container manufacturer, reconditioner and servicer","Senior secured loan ($26,191 par due 8/2016)",8.00% (Libor + 7.00%/Q),8/31/2011,26191.0,26191
231,"ICSH, Inc.","Industrial container manufacturer, reconditioner and servicer","Senior secured loan ($24,217 par due 8/2016)",8.04% (Libor + 7.00%/Q),8/31/2011,24217.0,24217
232,"ICSH, Inc.","Industrial container manufacturer, reconditioner and servicer",Senior secured loan ($176 par due 8/2016),8.00% (Libor + 7.00%/Q),8/31/2011,176.0,176
233,"ICSH, Inc.","Industrial container manufacturer, reconditioner and servicer","Senior secured loan ($67,961 par due 8/2016)",8.04% (Libor + 7.00%/Q),8/31/2011,67961.0,67961
234,"ICSH, Inc.","Industrial container manufacturer, reconditioner and servicer",Senior secured loan ($38 par due 8/2016),8.00% (Libor + 7.00%/Q),8/31/2011,38.0,38
235,"ICSH, Inc.","Industrial container manufacturer, reconditioner and servicer","Senior secured loan ($14,795 par due 8/2016)",8.04% (Libor + 7.00%/Q),8/31/2011,14795.0,14795
236,"Microstar Logistics LLC, Microstar Global Asset Management LLC and MStar Holding Corporation",Keg management solutions provider,"Junior secured loan ($165,000 par due 12/2018)",8.50% (Libor + 7.50%/Q),12/14/2012,165000.0,165000
237,"Microstar Logistics LLC, Microstar Global Asset Management LLC and MStar Holding Corporation",Keg management solutions provider,"Common Stock (50,000 shares)",0,12/14/2012,5000.0,5000
238,"Pregis Corporation, Pregis Intellipack Corp. and Pregis Innovative Packaging Inc.","Provider of highly-customized, tailored protective packaging solutions",Senior secured loan ($992 par due 3/2017),7.75% (Libor + 6.25%/M),4/25/2012,992.0,992
239,"Centinela Funding, LLC",Solar power generation facility developer and operator,"Senior secured loan ($56,000 par due 11/2020)",10.00% (Libor + 8.75%/Q),11/14/2012,56000.0,56000
240,"EquiPower Resources Holdings, LLC",Gas-fired power generation facilities operator,"Junior secured loan ($22,500 par due 6/2019)",10.00% (Libor + 8.50%/Q),6/27/2012,22084.0,22500
241,"La Paloma Generating Company, LLC","Natural gas fired, combined cycle plant operator","Junior secured loan ($68,000 par due 8/2018)",10.25% (Libor + 8.75%/Q),8/9/2011,66947.0,68000
242,"Panda Sherman Power, LLC",Developer and operator of a gas turbine power plant,"Senior secured loan ($32,500 par due 9/2018)",9.00% (Libor + 7.50%/Q),9/14/2012,32500.0,32500
243,"Panda Temple Power, LLC",Developer and operator of a gas turbine power plant,"Senior secured loan ($60,000 par due 7/2018)",11.50% (Libor + 10.00%/Q),7/17/2012,58215.0,60000
244,"Driven Holdings, LLC",Automotive aftermarket car care franchisor,"Preferred stock (247,500 units)",0,12/16/2011,2475.0,2742
245,"Driven Holdings, LLC",Automotive aftermarket car care franchisor,"Common stock (25,000 units)",0,12/16/2011,25.0,114
246,"Eckler Industries, Inc.",Restoration parts and accessories provider for classic automobiles,"Senior secured loan ($51,302 par due 7/2017)",7.25% (Libor + 6.00%/M),7/12/2012,51302.0,51302
247,"Eckler Industries, Inc.",Restoration parts and accessories provider for classic automobiles,Senior secured loan ($505 par due 7/2017),8.25% (Base Rate + 5.00%/Q),7/12/2012,505.0,505
248,"Eckler Industries, Inc.",Restoration parts and accessories provider for classic automobiles,"Series A preferred stock (1,800 shares)",0,7/12/2012,1800.0,1909
249,"Eckler Industries, Inc.",Restoration parts and accessories provider for classic automobiles,"Common stock (20,000 shares)",0,7/12/2012,200.0,64
250,"EcoMotors, Inc.",Engine developer,"Senior secured loan ($5,000 par due 7/2016)",10.13%,12/28/2012,4859.0,5000
251,"EcoMotors, Inc.",Engine developer,"Warrant to purchase up to 321,888 shares of Series C Preferred Stock",0,12/28/2012,0.0,84
252,"Service King Paint & Body, LLC",Collision repair site operators,"Senior secured loan ($116,500 par due 8/2017)",7.25% (Libor + 6.25%/Q),8/20/2012,116500.0,116500
253,"Service King Paint & Body, LLC",Collision repair site operators,Senior secured loan,7.25% (Libor +,8/20/2012,11350.0,11350
254,"Service King Paint & Body, LLC",Collision repair site operators,"Senior secured loan ($4,925 par due 8/2017)",4.50% (Libor + 3.50%/Q),8/20/2012,4925.0,4925
255,"Service King Paint & Body, LLC",Collision repair site operators,"Senior secured loan ($9,850 par due 8/2017)",4.50% (Libor + 3.50%/Q),8/20/2012,9850.0,9850
256,"Service King Paint & Body, LLC",Collision repair site operators,Membership interest,0,8/20/2012,5000.0,6819
257,Cambrios Technologies Corporation,Developer and manufacturer of nanotechnology-based solutions for electronic devices and computers,"Senior secured loan ($4,394 par due 8/2015)",12.00%,8/7/2012,4394.0,4394
258,Cambrios Technologies Corporation,Developer and manufacturer of nanotechnology-based solutions for electronic devices and computers,"Warrants to purchase up to 400,000 shares of Series D-4 convertible preferred stock",0,8/2/2012,0.0,8
259,"Component Hardware Group, Inc.",Commercial equipment,"Junior secured loan ($3,226 par due 12/2014)","7.00% Cash, 3.00% PIK",8/4/2010,3226.0,3226
260,"Component Hardware Group, Inc.",Commercial equipment,"Senior subordinated loan ($11,284 par due 12/2014)","7.50% Cash, 5.00% PIK",4/1/2010,8748.0,11284
261,"Component Hardware Group, Inc.",Commercial equipment,"Warrants to purchase up to 1,462,500 shares of common stock",0,8/4/2010,0.0,8804
262,"MWI Holdings, Inc.","Provider of engineered springs, fasteners, and other precision components","Senior secured loan ($38,274 par due 3/2019)",9.38% (Libor + 8.13%/Q),6/15/2011,38274.0,38274
263,"MWI Holdings, Inc.","Provider of engineered springs, fasteners, and other precision components","Senior secured loan ($10,000 par due 6/2017)",9.38% (Libor + 8.13%/Q),6/15/2011,10000.0,10000
264,"NetShape Technologies, Inc.",Metal precision engineered components,Senior secured revolving loan ($454 par due 12/2014),7.50% (Libor + 6.50%/M),4/1/2010,454.0,454
265,"NetShape Technologies, Inc.",Metal precision engineered components,Senior secured revolving loan ($78 par due 12/2014),8.75% (Base Rate + 7.50%/Q),4/1/2010,78.0,78
266,"Pelican Products, Inc.",Flashlights,"Senior secured loan ($7,940 par due 7/2018)",7.00% (Libor + 5.50%/Q),7/13/2012,7940.0,7940
267,"Pelican Products, Inc.",Flashlights,"Junior secured loan ($32,000 par due 6/2019)",11.50% (Libor + 10.00%/Q),7/13/2012,32000.0,32000
268,"Protective Industries, Inc. dba Caplugs",Plastic protection products,Senior secured revolving loan ($817 par due 5/2016),6.25% (Base Rate + 3.00%/M),5/23/2011,817.0,817
269,"Protective Industries, Inc. dba Caplugs",Plastic protection products,Senior secured revolving loan ($467 par due 5/2016),5.75% (Libor + 4.25%/M),5/23/2011,467.0,467
270,"Protective Industries, Inc. dba Caplugs",Plastic protection products,"Senior secured loan ($1,481 par due 5/2017)",5.75% (Libor + 4.25%/M),11/30/2012,1481.0,1481
271,"Protective Industries, Inc. dba Caplugs",Plastic protection products,Senior subordinated loan ($707 par due 5/2018),"8.00% Cash, 7.25% PIK",5/23/2011,707.0,707
272,"Protective Industries, Inc. dba Caplugs",Plastic protection products,"Preferred stock (2,379,361 shares)",0,5/23/2011,2307.0,5203
273,Saw Mill PCG Partners LLC,Metal precision engineered components manufacturer,"Common units (1,000 units)",0,1/30/2007,1000.0,0
274,"SSH Environmental Industries, Inc. and SSH Non-Destructive Testing, Inc.",Magnetic sensors and supporting sensor products,"Senior secured loan ($11,504 par due 12/2016)",9.00% (Libor + 7.50%/Q),3/23/2012,11315.0,11504
275,"ILC Industries, LLC",Designer and manufacturer of protective cases and technically advanced lighting systems,"Senior secured loan ($4,913 par due 7/2018)",7.50% (Libor + 6.00%/Q),7/13/2012,4828.0,4913
276,"ILC Industries, LLC",Designer and manufacturer of protective cases and technically advanced lighting systems,"Senior secured loan ($19,900 par due 7/2018)",7.50% (Libor + 6.00%/Q),7/13/2012,19539.0,19900
277,"PRV Aerospace, LLC",Aerospace precision components manufacturer,"Senior secured loan ($1,136 par due 5/2018)",6.50% (Libor + 5.25%/Q),5/15/2012,1130.0,1136
278,"PRV Aerospace, LLC",Aerospace precision components manufacturer,"Senior secured loan ($8,460 par due 5/2018)",6.50% (Libor + 5.25%/Q),5/15/2012,8386.0,8460
279,"PRV Aerospace, LLC",Aerospace precision components manufacturer,"Junior secured loan ($68,000 par due 5/2019)",10.50% (Libor + 9.25%/Q),5/10/2012,68000.0,68000
280,"PRV Aerospace, LLC",Aerospace precision components manufacturer,"Junior secured loan ($11,657 par due 5/2019)",11.50% (Base Rate + 8.25%/Q),5/10/2012,11657.0,11657
281,"TurboCombuster Technology, Inc.","Manufacturer of complex fabrications for the commercial aerospace, military aerospace and industrial gas turbine markets","Senior secured loan ($10,000 par due 12/2017)",6.00% (Base Rate + 5.00%/Q),1/31/2013,9951.0,10000
282,"Wyle Laboratories, Inc. and Wyle Holdings, Inc.","Provider of specialized engineering, scientific and technical services",Senior preferred stock (775 shares),8.00% PIK,1/17/2008,105.0,105
283,"Wyle Laboratories, Inc. and Wyle Holdings, Inc.","Provider of specialized engineering, scientific and technical services","Common stock (1,885,195 shares)",0,1/17/2008,2291.0,2256
284,Bushnell Inc.,Sports optics manufacturer,"Junior secured loan ($48,825 par due 2/2016)",9.00% (Libor + 7.50%/Q),4/1/2010,44301.0,48825
285,Bushnell Inc.,Sports optics manufacturer,"Junior secured loan ($43,675 par due 2/2016)",9.50% (Libor + 8.00%/Q),4/30/2012,43675.0,43675
286,"American Broadband Communications, LLC, American Broadband Holding Company and Cameron Holdings of NC, Inc.",Broadband communication services,"Senior secured loan ($6,945 par due 9/2013)",7.50% (Libor + 5.50%/Q),9/1/2010,6945.0,6945
287,"American Broadband Communications, LLC, American Broadband Holding Company and Cameron Holdings of NC, Inc.",Broadband communication services,"Senior subordinated loan ($34,492 par due 11/2014)","12.00% Cash, 2.00% PIK",11/7/2007,34492.0,33112
288,"American Broadband Communications, LLC, American Broadband Holding Company and Cameron Holdings of NC, Inc.",Broadband communication services,"Senior subordinated loan ($10,793 par due 11/2014)","12.00% Cash, 2.00% PIK",9/1/2010,10793.0,10361
289,"American Broadband Communications, LLC, American Broadband Holding Company and Cameron Holdings of NC, Inc.",Broadband communication services,"Senior subordinated loan ($23,850 par due 11/2014)","10.00% Cash, 4.00% PIK",11/7/2007,23850.0,22896
290,"American Broadband Communications, LLC, American Broadband Holding Company and Cameron Holdings of NC, Inc.",Broadband communication services,Warrants to purchase up to 378 shares,0,11/7/2007,0.0,3981
291,"American Broadband Communications, LLC, American Broadband Holding Company and Cameron Holdings of NC, Inc.",Broadband communication services,Warrants to purchase up to 200 shares,0,9/1/2010,0.0,2106
292,"Startec Equity, LLC (7)",Communication services,Member interest,0,4/1/2010,0.0,0
293,Fulton Holdings Corp.,Airport restaurant operator,"Senior secured loan ($40,000 par due 5/2016)",12.50%,5/28/2010,40000.0,40000
294,Fulton Holdings Corp.,Airport restaurant operator,"Common stock (19,672 shares)",0,5/28/2010,1967.0,1985
295,Things Remembered Inc. and TRM Holdings Corporation,Personalized gifts retailer,"Senior secured loan ($14,925 par due 5/2018)",8.00% (Libor + 6.50%/M),5/24/2012,14925.0,14925
296,"Geotrace Technologies, Inc.",Reservoir processing and development,"Warrants to purchase up to 69,978 shares of common stock",0,4/1/2010,88.0,0
297,"Geotrace Technologies, Inc.",Reservoir processing and development,"Warrants to purchase up to 210,453 shares of preferred stock",0,4/1/2010,2805.0,1892
298,"UL Holding Co., LLC and Universal Lubricants, LLC (6)",Petroleum product manufacturer,"Junior secured loan ($2,912 par due 12/2014)","9.17% (Libor + 7.17% Cash, 2.00% PIK /Q)",4/30/2012,2912.0,2620
299,"UL Holding Co., LLC and Universal Lubricants, LLC (6)",Petroleum product manufacturer,"Junior secured loan ($4,931 par due 12/2014)","12.00% Cash, 2.00% PIK",4/30/2012,4931.0,4438
300,"UL Holding Co., LLC and Universal Lubricants, LLC (6)",Petroleum product manufacturer,"Junior secured loan ($2,020 par due 12/2014)","9.16% (Libor + 7.16% Cash, 2.00% PIK /Q)",4/30/2012,2020.0,1818
301,"UL Holding Co., LLC and Universal Lubricants, LLC (6)",Petroleum product manufacturer,"Junior secured loan ($5,102 par due 12/2014)","12.00% Cash, 3.00% PIK",4/30/2012,5102.0,4847
302,"UL Holding Co., LLC and Universal Lubricants, LLC (6)",Petroleum product manufacturer,"Junior secured loan ($14,672 par due 12/2014)","9.18% (Libor + 7.18% Cash, 2.00% PIK /Q)",4/30/2012,14672.0,13205
303,"UL Holding Co., LLC and Universal Lubricants, LLC (6)",Petroleum product manufacturer,"Junior secured loan ($10,576 par due 12/2014)","9.17% (Libor + 7.17% Cash,",4/30/2012,10576.0,9518
304,"UL Holding Co., LLC and Universal Lubricants, LLC (6)",Petroleum product manufacturer,"Junior secured loan ($18,760 par due 12/2014)","12.00% Cash, 2.00% PIK",4/30/2012,18760.0,16884
305,"UL Holding Co., LLC and Universal Lubricants, LLC (6)",Petroleum product manufacturer,"Class A common units (10,782 units)",0,6/17/2011,1512.0,2
306,"UL Holding Co., LLC and Universal Lubricants, LLC (6)",Petroleum product manufacturer,"Class B-5 common units (599,200 units)",0,4/25/2008,5472.0,8
307,"UL Holding Co., LLC and Universal Lubricants, LLC (6)",Petroleum product manufacturer,"Class B-4 common units (50,000 units)",0,6/17/2011,500.0,1
308,"UL Holding Co., LLC and Universal Lubricants, LLC (6)",Petroleum product manufacturer,"Class C common units (618,091 units)",0,4/25/2008,0.0,11
309,"Batanga, Inc.",Independent digital media company,"Senior secured revolving loan ($1,500 par due 10/2013)",8.50%,10/31/2012,1500.0,1500
310,"Batanga, Inc.",Independent digital media company,"Senior secured loan ($5,500 par due 11/2016)",9.60%,10/31/2012,5500.0,5594
311,"Earthcolor Group, LLC",Printing management services,Limited liability company interests (9.30%),0,5/18/2012,0.0,0
312,"National Print Group, Inc.",Printing management services,Senior secured revolving loan ($913 par due 10/2013),9.00% (Libor + 6.00%/Q),3/2/2006,913.0,913
313,"National Print Group, Inc.",Printing management services,Senior secured revolving loan ($26 par due 10/2013),9.00% (Base Rate + 5.00%/M),3/2/2006,26.0,26
314,"National Print Group, Inc.",Printing management services,"Senior secured loan ($6,903 par due 10/2013)","10.00% (Libor + 9.00% Cash, 1.00% PIK /Q)",3/2/2006,6632.0,6903
315,"National Print Group, Inc.",Printing management services,Senior secured loan ($349 par due 10/2013),"10.00% (Base Rate + 9.00% Cash, 1.00% PIK /Q)",3/2/2006,335.0,349
316,"National Print Group, Inc.",Printing management services,"Preferred stock (9,344 shares)",0,3/2/2006,2000.0,0
317,"The Teaching Company, LLC and The Teaching Company Holdings, Inc.",Education publications provider,"Senior secured loan ($21,211 par due 3/2017)",9.00% (Libor + 7.50%/Q),9/29/2006,21211.0,21211
318,"The Teaching Company, LLC and The Teaching Company Holdings, Inc.",Education publications provider,"Senior secured loan ($9,851 par due 3/2017)",9.00% (Libor + 7.50%/Q),9/29/2006,9851.0,9851
319,"The Teaching Company, LLC and The Teaching Company Holdings, Inc.",Education publications provider,"Preferred stock (10,663 shares)",0,9/29/2006,1066.0,3341
320,"The Teaching Company, LLC and The Teaching Company Holdings, Inc.",Education publications provider,"Common stock (15,393 shares)",0,9/29/2006,3.0,8
321,"AWTP, LLC (7)",Water treatment services,"Junior secured loan ($4,212 par due 6/2015)",10.00%,4/18/2011,4212.0,4212
322,"AWTP, LLC (7)",Water treatment services,"Junior secured loan ($6,121 par due 6/2015)",15.00% PIK,4/18/2011,6121.0,6121
323,"AWTP, LLC (7)",Water treatment services,Membership interests (90% interest),0,4/18/2011,0.0,5646
324,"Genomatica, Inc.",Chemical company that is developing a biotechnology platform for the production of basic and intermediate chemical products through a proprietary fermentation-based manufacturing process,"Senior secured loan ($1,500 par due 10/2016)",9.26%,3/28/2013,1425.0,1500
325,"Genomatica, Inc.",Chemical company that is developing a biotechnology platform for the production of basic and intermediate chemical products through a proprietary fermentation-based manufacturing process,"Warrant to purchase 322,422 shares of Series D preferred stock",0,3/28/2013,0.0,45
326,"RE Community Holdings II, Inc.and Pegasus Community Energy, LLC.",Operator of municipal recycling facilities,"Preferred stock (1,000 shares)",0,3/1/2011,8839.0,1946
327,"Waste Pro USA, Inc",Waste management,Preferred Class A common,0,11/9/2006,12263.0,25139
328,PODS Funding Corp.,Storage and warehousing,"Junior subordinated loan ($40,499 par due 5/2017)","12.75% Cash, 2.75% PIK",11/29/2011,40499.0,40499
329,"United Road Towing, Inc.",Towing company,Warrants to purchase up to 607 shares,0,4/1/2010,0.0,0
330,"Athletic Club Holdings, Inc.",Premier health club operator,"Senior secured loan ($34,000 par due 10/2013)",7.25% (Libor + 6.00%/M),10/11/2007,34000.0,34000
331,"CFW Co-Invest, L.P. and NCP Curves, L.P.",Health club franchisor,"Limited partnership interest (4,152,165 shares)",0,7/31/2012,4152.0,4328
332,"CFW Co-Invest, L.P. and NCP Curves, L.P.",Health club franchisor,"Limited partnership interest (1,847,835 shares)",0,7/31/2012,1848.0,1926
333,"10th Street, LLC (6)",Real estate holding company,"Senior subordinated loan ($25,468 par due 11/2014)","8.93% Cash, 4.07% PIK",4/1/2010,25468.0,25468
334,"10th Street, LLC (6)",Real estate holding company,Member interest (10.00% interest),0,4/1/2010,594.0,0
335,"10th Street, LLC (6)",Real estate holding company,"Option (25,000 units)",0,4/1/2010,25.0,482
336,"American Commercial Coatings, Inc.",Real estate property,"Commercial mortgage loan ($2,505 par due 12/2025)",8.75% (Base Rate + 1.50%/Q),4/1/2010,879.0,2061
337,"Cleveland East Equity, LLC",Hotel operator,Real estate equity interests,0,4/1/2010,1026.0,4036
338,"Commons R-3, LLC",Real estate developer,Real estate equity interests,0,4/1/2010,0.0,0
339,"Crescent Hotels & Resorts, LLC and affiliates (7)",Hotel operator,"Senior subordinated loan ($2,236 par due 9/2011)",0,4/1/2010,0.0,0
340,"Crescent Hotels & Resorts, LLC and affiliates (7)",Hotel operator,"Senior subordinated loan ($2,092 par due 6/2017)",0,4/1/2010,0.0,0
341,"Crescent Hotels & Resorts, LLC and affiliates (7)",Hotel operator,Common equity interest,0,4/1/2010,0.0,0
342,"Crescent Hotels & Resorts, LLC and affiliates (7)",Hotel operator,Limited liability company membership interest (100% interest),0,6/19/2012,0.0,194
343,"Hot Light Brands, Inc. (7)",Real estate holding company,"Senior secured loan ($32,957 par due 2/2011)",0,4/1/2010,1665.0,1132
344,"Hot Light Brands, Inc. (7)",Real estate holding company,"Common stock (93,500 shares)",0,4/1/2010,0.0,0
345,"NPH, Inc.",Hotel property,Real estate equity interests,0,4/1/2010,5291.0,6817
346,"Apple & Eve, LLC and US Juice Partners, LLC (6)",Juice manufacturer,"Senior units (50,000 units)",0,10/5/2007,5000.0,5027
347,"Charter Baking Company, Inc.",Baked goods manufacturer,"Senior subordinated loan ($9,741 par due 9/2013)",17.50% PIK,2/6/2008,9741.0,9741
348,"Charter Baking Company, Inc.",Baked goods manufacturer,"Preferred stock (6,258 shares)",0,9/1/2006,2567.0,1979
349,Distant Lands Trading Co.,Coffee manufacturer,"Class A common stock (1,294 shares)",0,4/1/2010,980.0,0
350,Distant Lands Trading Co.,Coffee manufacturer,"Class A-1 common stock (2,157 shares)",0,4/1/2010,0.0,0
351,"BECO Holding Company, Inc.",Wholesale distributor of first response fire protection equipment and related parts,"Common stock (25,000 shares)",0,7/30/2010,2500.0,2483
