,Company(1),Business Description,Investment,Interest(5)(11),Acquisition  Date,Amortized  Cost,Fair Value
0,"CIC Flex, LP (9)",Investment partnership,Limited partnership units (0.94 units),0,9/7/2007,0.0,250
1,"Covestia Capital Partners, LP (9)",Investment partnership,Limited partnership interest (47.00% interest),0,6/17/2008,487.0,1863
2,"HCI Equity, LLC (7)(8)(9)",Investment company,Member interest (100.00% interest),0,4/1/2010,0.0,97
3,"Imperial Capital Private Opportunities, LP (9)(29)",Investment partnership,Limited partnership interest (80.00% interest),0,5/10/2007,4654.0,19436
4,"Partnership Capital Growth Fund I, L.P. (9)",Investment partnership,Limited partnership interest (25.00% interest),0,6/16/2006,9.0,1229
5,"Partnership Capital Growth Investors III, L.P. (9)(29)",Investment partnership,Limited partnership interest (2.50% interest),0,10/5/2011,3030.0,3217
6,"PCG-Ares Sidecar Investment, L.P. (9)(29)",Investment partnership,Limited partnership interest (100.00% interest),0,5/22/2014,2104.0,1418
7,"PCG-Ares Sidecar Investment II, L.P. (9)(29)",Investment partnership,Limited partnership interest (100.00% interest),0,10/31/2014,6500.0,7726
8,"Piper Jaffray Merchant Banking Fund I, L.P. (9)(29)",Investment partnership,Limited partnership interest (2.00% interest),0,8/16/2012,1084.0,993
9,Senior Secured Loan Fund LLC (7)(10)(30),Co-investment vehicle,"Subordinated certificates ($1,974,650 par due 12/2024)",8.27% (Libor + 8.00%/M)(24),10/30/2009,1974650.0,2004269
10,Senior Secured Loan Fund LLC (7)(10)(30),Co-investment vehicle,Member interest (87.50% interest),0,10/30/2009,0.0,0
11,VSC Investors LLC (9),Investment company,Membership interest (1.95% interest),0,1/24/2008,879.0,1607
12,Alegeus Technologies Holdings Corp.,Benefits administration and transaction processing provider,"Preferred stock (2,997 shares)",0,12/13/2013,3087.0,1820
13,Alegeus Technologies Holdings Corp.,Benefits administration and transaction processing provider,Common stock (3 shares),0,12/13/2013,3.0,0
14,"American Academy Holdings, LLC","Provider of education, training, certification, networking, and consulting services to medical coders and other healthcare professionals","First lien senior secured loan ($8,810 par due 6/2019)",7.00% (Libor + 6.00%/Q),6/27/2014,8810.0,8810
15,"American Academy Holdings, LLC","Provider of education, training, certification, networking, and consulting services to medical coders and other healthcare professionals","First lien senior secured loan ($52,039 par due 6/2019)",7.00% (Libor + 6.00%/Q),6/27/2014,52039.0,52039
16,"American Academy Holdings, LLC","Provider of education, training, certification, networking, and consulting services to medical coders and other healthcare professionals","First lien senior secured loan ($3,920 par due 6/2019)",4.00% (Libor + 3.00%/Q),6/27/2014,3920.0,3920
17,AwarePoint Corporation,Healthcare technology platform developer,"First lien senior secured loan ($10,000 par due 6/2018)",9.50%,9/5/2014,9914.0,9900
18,AwarePoint Corporation,Healthcare technology platform developer,"Warrant to purchase up to 3,213,367 shares of Series 1 preferred stock",0,11/14/2014,0.0,609
19,"AxelaCare Holdings, Inc. and AxelaCare Investment Holdings, L.P.",Provider of home infusion services,"Preferred units (8,218,160 units)",0,4/12/2013,866.0,617
20,"AxelaCare Holdings, Inc. and AxelaCare Investment Holdings, L.P.",Provider of home infusion services,"Common units (83,010 units)",0,4/12/2013,17.0,6
21,"California Forensic Medical Group, Incorporated (28)",Correctional facility healthcare operator,"First lien senior secured loan ($48,495 par due 11/2018)",9.25% (Libor + 8.00%/Q),11/16/2012,48495.0,48495
22,"CCS Intermediate Holdings, LLC and CCS Group Holdings, LLC (28)",Correctional facility healthcare operator,"First lien senior secured revolving loan ($2,625 par due 7/2019)",6.25% (Base Rate + 3.00%/Q),7/23/2014,2625.0,2572
23,"CCS Intermediate Holdings, LLC and CCS Group Holdings, LLC (28)",Correctional facility healthcare operator,"First lien senior secured loan ($6,702 par due 7/2021)",5.00% (Libor + 4.00%/Q),7/23/2014,6672.0,6568
24,"CCS Intermediate Holdings, LLC and CCS Group Holdings, LLC (28)",Correctional facility healthcare operator,"Second lien senior secured loan ($135,000 par due 7/2022)",9.38% (Libor + 8.38%/Q),7/23/2014,133764.0,133650
25,"CCS Intermediate Holdings, LLC and CCS Group Holdings, LLC (28)",Correctional facility healthcare operator,"Class A units (601,937 units)",0,8/19/2010,0.0,1909
26,"DNAnexus, Inc.",Bioinformatics company,"First lien senior secured loan ($4,980 par due 10/2017)",9.25%,3/21/2014,4801.0,4980
27,"DNAnexus, Inc.",Bioinformatics company,"First lien senior secured loan ($5,000 par due 2/2018)",9.25%,3/21/2014,4804.0,5000
28,"DNAnexus, Inc.",Bioinformatics company,"Warrants to purchase up to 909,092 units of Series C preferred stock",0,3/21/2014,0.0,0
29,"Genocea Biosciences, Inc.",Vaccine discovery technology company,"Common stock (31,500 shares)",0,2/10/2014,0.0,377
30,"Global Healthcare Exchange, LLC and GHX Ultimate Parent Corp. (28)",On-demand supply chain automation solutions provider,"First lien senior secured loan ($230,672 par due 3/2020)",8.50% (Libor + 7.50%/Q),3/11/2014,229129.0,230672
31,"Global Healthcare Exchange, LLC and GHX Ultimate Parent Corp. (28)",On-demand supply chain automation solutions provider,"Class A common stock (2,475 shares)",0,3/11/2014,2991.0,2991
32,"Global Healthcare Exchange, LLC and GHX Ultimate Parent Corp. (28)",On-demand supply chain automation solutions provider,Class B common stock (938 shares),0,3/11/2014,30.0,2235
33,"Greenphire, Inc. and RMCF III CIV XXIX, L.P (28)",Software provider for clinical trial management,"First lien senior secured loan ($4,000 par due 12/2018)",9.00% (Libor + 8.00%/M),12/19/2014,4000.0,4000
34,"Greenphire, Inc. and RMCF III CIV XXIX, L.P (28)",Software provider for clinical trial management,Limited partnership interest (99.90% interest),0,12/19/2014,999.0,999
35,"INC Research Mezzanine Co-Invest, LLC",Pharmaceutical and biotechnology consulting services,"Common units (1,410,000 units)",0,9/27/2010,1512.0,5461
36,Intermedix Corporation,Revenue cycle management provider to the emergency healthcare industry,"Second lien senior secured loan ($112,000 par due 6/2020)",9.25% (Libor + 8.25%/Q),12/27/2012,112000.0,110880
37,"LM Acquisition Holdings, LLC (8)",Developer and manufacturer of medical equipment,Class A units (426 units),0,9/27/2013,660.0,1405
38,"MC Acquisition Holdings I, LLC",Healthcare professional provider,"Class A units (1,338,314 shares)",0,1/17/2014,1338.0,1931
39,"Monte Nido Holdings, LLC",Outpatient eating disorder treatment provider,"First lien senior secured loan ($44,750 par due 12/2019)",8.50% (Libor + 7.50%/Q),12/20/2013,44750.0,42512
40,MW Dental Holding Corp. (28),Dental services provider,"First lien senior secured revolving loan ($2,000 par due 4/2017)",8.50% (Libor + 7.00%/M),4/12/2011,2000.0,2000
41,MW Dental Holding Corp. (28),Dental services provider,"First lien senior secured loan ($9,969 par due 4/2017)",8.50% (Libor + 7.00%/M),4/12/2011,9969.0,9969
42,MW Dental Holding Corp. (28),Dental services provider,"First lien senior secured loan ($24,421 par due 4/2017)",8.50% (Libor + 7.00%/M),4/12/2011,24421.0,24421
43,MW Dental Holding Corp. (28),Dental services provider,"First lien senior secured loan ($48,114 par due 4/2017)",8.50% (Libor + 7.00%/M),4/12/2011,48114.0,48114
44,MW Dental Holding Corp. (28),Dental services provider,"First lien senior secured loan ($19,898 par due 4/2017)",8.50% (Libor + 7.00%/M),4/12/2011,19898.0,19898
45,"My Health Direct, Inc. (28)",Healthcare scheduling exchange software solution provider,"First lien senior secured loan ($3,000 par due 1/2018)",10.75%,9/18/2014,2916.0,3000
46,"My Health Direct, Inc. (28)",Healthcare scheduling exchange software solution provider,"Warrant to purchase up to 4,548 shares of Series D preferred stock",0,9/18/2014,39.0,39
47,Napa Management Services Corporation,Anesthesia management services provider,"First lien senior secured loan ($36,734 par due 2/2019)",9.61% (Libor + 8.61%/Q),4/15/2011,36734.0,36734
48,Napa Management Services Corporation,Anesthesia management services provider,"First lien senior secured loan ($33,266 par due 2/2019)",9.61% (Libor + 8.61%/Q),4/15/2011,33218.0,33266
49,Napa Management Services Corporation,Anesthesia management services provider,"Common units (5,345 units)",0,4/15/2011,5764.0,13332
50,"Netsmart Technologies, Inc. and NS Holdings, Inc.",Healthcare technology provider,"Second lien senior secured loan ($90,000 par due 8/2019)",10.50% (Libor + 9.50%/Q),2/27/2015,90000.0,90000
51,"Netsmart Technologies, Inc. and NS Holdings, Inc.",Healthcare technology provider,"Common stock (2,500,000 shares)",0,6/21/2010,760.0,3124
52,"New Trident Holdcorp, Inc.",Outsourced mobile diagnostic healthcare service provider,"Second lien senior secured loan ($80,000 par due 7/2020)",10.25% (Libor + 9.00%/Q),8/6/2013,78726.0,77600
53,"Nodality, Inc.",Biotechnology company,"First lien senior secured loan ($7,920 par due 2/2018)",8.90%,4/25/2014,7709.0,7920
54,"Nodality, Inc.",Biotechnology company,"First lien senior secured loan ($3,000 par due 8/2018)",8.90%,4/25/2014,2909.0,3000
55,"Nodality, Inc.",Biotechnology company,"Warrant to purchase up to 164,179 shares of Series B preferred stock",0,4/25/2014,0.0,41
56,"OmniSYS Acquisition Corporation, OmniSYS, LLC, and OSYS Holdings, LLC (28)",Provider of technology-enabled solutions to pharmacies,"First lien senior secured loan ($20,344 par due 11/2018)",8.50% (Libor + 7.50%/Q),11/21/2013,20344.0,20344
57,"OmniSYS Acquisition Corporation, OmniSYS, LLC, and OSYS Holdings, LLC (28)",Provider of technology-enabled solutions to pharmacies,Limited liability company membership interest (1.57%),0,11/20/2013,1000.0,1295
58,"PerfectServe, Inc. (28)",Communications software platform provider for hospitals and physician practices,First lien senior secured revolving loan ($500 par due 6/2015),7.50%,12/26/2013,500.0,500
59,"PerfectServe, Inc. (28)",Communications software platform provider for hospitals and physician practices,"First lien senior secured loan ($2,500 par due 10/2017)",10.00%,12/26/2013,2481.0,2500
60,"PerfectServe, Inc. (28)",Communications software platform provider for hospitals and physician practices,"First lien senior secured loan ($3,179 par due 4/2017)",10.00%,12/26/2013,3159.0,3179
61,"PerfectServe, Inc. (28)",Communications software platform provider for hospitals and physician practices,"Warrants to purchase up to 34,113 units of Series C preferred stock",0,12/26/2013,0.0,91
62,"PGA Holdings, Inc.","Provider of patient surveys, management reports and national databases for the integrated healthcare delivery system",Preferred stock (333 shares),0,3/12/2008,125.0,22
63,"PGA Holdings, Inc.","Provider of patient surveys, management reports and national databases for the integrated healthcare delivery system","Common stock (16,667 shares)",0,3/12/2008,167.0,1080
64,PhyMED Management LLC,Provider of anesthesia services,"First lien senior secured loan ($9,975 par due 11/2020)",5.25% (Libor + 4.25%/M),11/18/2014,9906.0,9975
65,"Physiotherapy Associates Holdings, Inc.",Physical therapy provider,"Class A common stock (100,000 shares)",0,12/31/2013,3090.0,2465
66,"POS I Corp. (fka Vantage Oncology, Inc.)",Radiation oncology care provider,"Common stock (62,157 shares)",0,2/3/2011,4670.0,1034
67,"Reed Group Holdings, LLC",Medical disability management services provider,Equity interests,0,4/1/2010,0.0,0
68,"Respicardia, Inc.",Developer of implantable therapies to improve cardiovascular health,"Warrants to purchase up to 99,094 shares of Series C preferred stock",0,6/28/2012,38.0,28
69,"Sage Products Holdings III, LLC",Patient infection control and preventive care solutions provider,"Second lien senior secured loan ($120,000 par due 6/2020)",9.25% (Libor + 8.00%/Q),12/13/2012,119785.0,120000
70,"Sarnova HC, LLC, Tri-Anim Health Services, Inc., and BEMS Holdings, LLC",Distributor of emergency medical service and respiratory products,"Second lien senior secured loan ($60,000 par due 9/2018)",8.75% (Libor + 8.00%/M),6/30/2014,60000.0,60000
71,"SurgiQuest, Inc.",Medical device company,"Warrants to purchase up to 54,672 shares of Series D-4 convertible preferred stock",0,9/28/2012,0.0,0
72,"U.S. Anesthesia Partners, Inc.",Anesthesiology service provider,"First lien senior secured loan ($47,789 par due 12/2019)",6.00% (Libor + 5.00%/Q),6/26/2014,47789.0,47789
73,"U.S. Anesthesia Partners, Inc.",Anesthesiology service provider,"First lien senior secured loan ($1,812 par due 12/2019)",7.25% (Base Rate + 4.00%/Q),6/26/2014,1812.0,1812
74,"U.S. Anesthesia Partners, Inc.",Anesthesiology service provider,"Second lien senior secured loan ($50,000 par due 9/2020)",9.00% (Libor + 8.00%/Q),9/24/2014,50000.0,50000
75,"Young Innovations, Inc.",Dental supplies and equipment manufacturer,"Second lien senior secured loan ($45,000 par due 7/2019)",9.00% (Libor + 8.00%/Q),5/30/2014,45000.0,45000
76,American Residential Services L.L.C.,"Heating, ventilation and air conditioning services provider","Second lien senior secured loan ($50,000 par due 12/2021)",9.00% (Libor + 8.00%/Q),6/30/2014,49550.0,50000
77,"Community Education Centers, Inc. and CEC Parent Holdings LLC (7)",Offender re-entry and in-prison treatment services provider,"First lien senior secured loan ($13,819 par due 12/2017)",6.25% (Libor + 5.25%/Q),12/10/2010,13819.0,13819
78,"Community Education Centers, Inc. and CEC Parent Holdings LLC (7)",Offender re-entry and in-prison treatment services provider,First lien senior secured loan ($467 par due 12/2017),7.50% (Base Rate + 4.25%/Q),12/10/2010,467.0,467
79,"Community Education Centers, Inc. and CEC Parent Holdings LLC (7)",Offender re-entry and in-prison treatment services provider,"Second lien senior secured loan ($21,945 par due 6/2018)",15.27% (Libor + 15.00%/Q),12/10/2010,21945.0,21945
80,"Community Education Centers, Inc. and CEC Parent Holdings LLC (7)",Offender re-entry and in-prison treatment services provider,"Class A senior preferred units (7,846 units)",0,3/27/2015,9405.0,8465
81,"Community Education Centers, Inc. and CEC Parent Holdings LLC (7)",Offender re-entry and in-prison treatment services provider,"Class A junior preferred units (26,154 units)",0,3/27/2015,19761.0,12602
82,"Community Education Centers, Inc. and CEC Parent Holdings LLC (7)",Offender re-entry and in-prison treatment services provider,Class A common units (134 units),0,3/27/2015,0.0,0
83,"Competitor Group, Inc. and Calera XVI, LLC (28)",Endurance sports media and event operator,"First lien senior secured revolving loan ($3,750 par due 11/2018)",9.00% (Libor + 7.75%/Q),11/30/2012,3750.0,3375
84,"Competitor Group, Inc. and Calera XVI, LLC (28)",Endurance sports media and event operator,"First lien senior secured loan ($24,474 par due 11/2018)","10.50% (Libor + 7.75% Cash, 1.50% PIK /Q)",11/30/2012,24474.0,22027
85,"Competitor Group, Inc. and Calera XVI, LLC (28)",Endurance sports media and event operator,"First lien senior secured loan ($29,968 par due 11/2018)","10.50% (Libor + 7.75% Cash, 1.50% PIK /Q)",11/30/2012,29968.0,26971
86,"Competitor Group, Inc. and Calera XVI, LLC (28)",Endurance sports media and event operator,"Membership units (2,500,000 units)",0,11/30/2012,2519.0,105
87,"Crown Health Care Laundry Services, Inc. and Crown Laundry Holdings, LLC (6)(28)",Provider of outsourced healthcare linen management solutions,First lien senior secured revolving loan,0,3/13/2014,0.0,0
88,"Crown Health Care Laundry Services, Inc. and Crown Laundry Holdings, LLC (6)(28)",Provider of outsourced healthcare linen management solutions,"First lien senior secured loan ($24,255 par due 3/2019)",8.25% (Libor + 7.00%/Q),3/13/2014,24255.0,24255
89,"Crown Health Care Laundry Services, Inc. and Crown Laundry Holdings, LLC (6)(28)",Provider of outsourced healthcare linen management solutions,"Class A preferred units (2,475,000 units)",0,3/13/2014,2475.0,3414
90,"Crown Health Care Laundry Services, Inc. and Crown Laundry Holdings, LLC (6)(28)",Provider of outsourced healthcare linen management solutions,"Class B common units (275,000 units)",0,3/13/2014,275.0,379
91,"Dwyer Acquisition Parent, Inc. and TDG Group Holding Company",Operator of multiple franchise concepts primarily related to home maintenance or repairs,"Senior subordinated loan ($52,670 par due 2/2020)",11.00%,8/15/2014,52670.0,52670
92,"Dwyer Acquisition Parent, Inc. and TDG Group Holding Company",Operator of multiple franchise concepts primarily related to home maintenance or repairs,"Common stock (30,000 shares)",0,8/15/2014,3000.0,3651
93,"GHS Interactive Security, LLC and LG Security Holdings, LLC (28)",Originates residential security alarm contracts,"First lien senior secured loan ($6,385 par due 5/2018)",10.50% (Libor + 9.00%/Q),12/13/2013,6415.0,6385
94,"GHS Interactive Security, LLC and LG Security Holdings, LLC (28)",Originates residential security alarm contracts,"First lien senior secured loan ($3,148 par due 5/2018)",11.25% (Base Rate + 8.00%/Q),12/13/2013,3163.0,3148
95,"GHS Interactive Security, LLC and LG Security Holdings, LLC (28)",Originates residential security alarm contracts,"Class A membership units (1,560,000 units)",0,12/13/2013,1607.0,576
96,"Massage Envy, LLC (28)",Franchisor in the massage industry,"First lien senior secured loan ($28,236 par due 9/2018)",8.50% (Libor + 7.25%/Q),9/27/2012,28236.0,28236
97,"Massage Envy, LLC (28)",Franchisor in the massage industry,"First lien senior secured loan ($47,701 par due 9/2018)",8.50% (Libor + 7.25%/Q),9/27/2012,47701.0,47701
98,"Massage Envy, LLC (28)",Franchisor in the massage industry,"Common stock (3,000,000 shares)",0,9/27/2012,3000.0,4530
99,"McKenzie Sports Products, LLC (28)","Designer, manufacturer and distributor of hunting-related supplies","First lien senior secured loan ($84,500 par due 9/2020)",6.75% (Libor + 5.75%/M),9/18/2014,84500.0,83655
100,"OpenSky Project, Inc.",Social commerce platform operator,"First lien senior secured loan ($3,000 par due 9/2017)",10.00%,6/4/2014,2964.0,2655
101,"OpenSky Project, Inc.",Social commerce platform operator,"Warrant to purchase up to 46,996 shares of Series D preferred stock",0,6/4/2014,48.0,0
102,"PODS, LLC",Storage and warehousing,"Second lien senior secured loan ($17,500 par due 2/2023)",9.25% (Libor + 8.25%/Q),2/2/2015,17327.0,17500
103,Spin HoldCo Inc.,Laundry service and equipment provider,"Second lien senior secured loan ($140,000 par due 5/2020)",8.00% (Libor + 7.00%/M),5/14/2013,140000.0,137200
104,"Surface Dive, Inc.",SCUBA diver training and certification provider,"Second lien senior secured loan ($72,000 par due 1/2022)",10.25% (Libor + 9.25%/Q),1/29/2015,71565.0,72000
105,"TWH Water Treatment Industries, Inc., TWH Filtration Industries, Inc. and TWH Infrastructure Industries, Inc. (28)","Wastewater infrastructure repair, treatment and filtration holding company","First lien senior secured loan ($2,240 par due 10/2019)",10.25% (Libor + 9.25%/Q),10/10/2014,2240.0,2240
106,"TWH Water Treatment Industries, Inc., TWH Filtration Industries, Inc. and TWH Infrastructure Industries, Inc. (28)","Wastewater infrastructure repair, treatment and filtration holding company","First lien senior secured loan ($36,400 par due 10/2019)",10.25% (Libor + 9.25%/Q),10/10/2014,36400.0,36400
107,"United Road Towing, Inc.",Towing company,Warrants to purchase up to 607 shares,0,4/1/2010,0.0,0
108,"Wash Multifamily Laundry Systems, LLC",Laundry service and equipment provider,"Second lien senior secured loan ($52,000 par due 2/2020)",7.75% (Libor + 6.75%/M),6/26/2012,52000.0,52000
109,"Feradyne Outdoors, LLC and Bowhunter Holdings, LLC (28)",Provider of branded archery and bowhunting accessories,"First lien senior secured loan ($50,100 par due 3/2019)",6.55% (Libor + 5.55%/Q),4/24/2014,50100.0,49098
110,"Feradyne Outdoors, LLC and Bowhunter Holdings, LLC (28)",Provider of branded archery and bowhunting accessories,"First lien senior secured loan ($6,904 par due 3/2019)",4.00% (Libor + 3.00%/Q),4/24/2014,6904.0,6904
111,"Feradyne Outdoors, LLC and Bowhunter Holdings, LLC (28)",Provider of branded archery and bowhunting accessories,Common units (300 units),0,4/24/2014,3000.0,2624
112,"Implus Footcare, LLC",Provider of footwear and other accessories,Preferred stock (455 shares),6.00% PIK,10/31/2011,4810.0,4810
113,"Implus Footcare, LLC",Provider of footwear and other accessories,Common stock (455 shares),0,10/31/2011,0.0,1685
114,Indra Holdings Corp.,"Designer, marketer, and distributor of rain and cold weather products","Second lien senior secured loan ($80,000 par due 11/2021)",8.50% (Libor + 7.50%/Q),5/1/2014,78857.0,77600
115,"Matrixx Initiatives, Inc. and Wonder Holdings Acquisition Corp.",Developer and marketer of OTC healthcare products,"Warrants to purchase up to 1,489 shares of preferred stock",0,7/27/2011,0.0,1119
116,"Matrixx Initiatives, Inc. and Wonder Holdings Acquisition Corp.",Developer and marketer of OTC healthcare products,"Warrants to purchase up to 1,654,678 shares of common stock",0,7/27/2011,0.0,0
117,"Oak Parent, Inc.",Manufacturer of athletic apparel,"First lien senior secured loan ($2,638 par due 4/2018)",7.50% (Libor + 7.00%/Q),4/2/2012,2633.0,2638
118,"Oak Parent, Inc.",Manufacturer of athletic apparel,"First lien senior secured loan ($8,399 par due 4/2018)",7.50% (Libor + 7.00%/Q),4/2/2012,8377.0,8399
119,"PG-ACP Co-Invest, LLC","Supplier of medical uniforms, specialized medical footwear and accessories","Class A membership units (1,000,0000 units)",0,8/29/2012,1000.0,1369
120,"Plantation Products, LLC, Seed Holdings, Inc. and Flora Parent, Inc.",Provider of branded lawn and garden products,"Second lien senior secured loan ($66,000 par due 6/2021)",9.94% (Libor + 8.94%/Q),12/23/2014,65637.0,66000
121,"Plantation Products, LLC, Seed Holdings, Inc. and Flora Parent, Inc.",Provider of branded lawn and garden products,"Common stock (30,000 shares)",0,12/23/2014,3000.0,3225
122,"Shock Doctor, Inc. and Shock Doctor Holdings, LLC (28)","Developer, marketer and distributor of sports protection equipment and accessories","First lien senior secured revolving loan ($4,200 par due 3/2020)",10.00% (Base Rate + 6.75%/Q),3/14/2014,4200.0,4200
123,"Shock Doctor, Inc. and Shock Doctor Holdings, LLC (28)","Developer, marketer and distributor of sports protection equipment and accessories","First lien senior secured loan ($6,986 par due 3/2020)",8.75% (Libor + 7.75%/M),3/14/2014,6986.0,6986
124,"Shock Doctor, Inc. and Shock Doctor Holdings, LLC (28)","Developer, marketer and distributor of sports protection equipment and accessories","First lien senior secured loan ($53,594 par due 3/2020)",8.75% (Libor + 7.75%/M),3/14/2014,53594.0,53594
125,"Shock Doctor, Inc. and Shock Doctor Holdings, LLC (28)","Developer, marketer and distributor of sports protection equipment and accessories","First lien senior secured loan ($19,899 par due 3/2020)",8.75% (Libor + 7.75%/M),3/14/2014,19899.0,19899
126,"Shock Doctor, Inc. and Shock Doctor Holdings, LLC (28)","Developer, marketer and distributor of sports protection equipment and accessories","Class A preferred units (50,000 units)",0,3/14/2014,5000.0,5757
127,The Hygenic Corporation,"Designer, manufacturer and marketer of branded wellness products","Second lien senior secured loan ($70,000 par due 4/2021)",9.75% (Libor + 8.75%/Q),2/27/2015,70000.0,70000
128,"The Step2 Company, LLC (7)",Toy manufacturer,"Second lien senior secured loan ($27,583 par due 9/2019)",10.00%,4/1/2010,27468.0,27583
129,"The Step2 Company, LLC (7)",Toy manufacturer,"Second lien senior secured loan ($4,500 par due 9/2019)",10.00%,3/13/2014,4500.0,4500
130,"The Step2 Company, LLC (7)",Toy manufacturer,"Second lien senior secured loan ($38,648 par due 9/2019)",0,4/1/2010,30802.0,9956
131,"The Step2 Company, LLC (7)",Toy manufacturer,"Common units (1,116,879 units)",0,4/1/2011,24.0,0
132,"The Step2 Company, LLC (7)",Toy manufacturer,"Class B common units (126,278,000 units)",0,10/30/2014,0.0,0
133,"The Step2 Company, LLC (7)",Toy manufacturer,"Warrants to purchase up to 3,157,895 units",0,4/1/2010,0.0,0
134,"Varsity Brands Holding Co., Inc., Hercules Achievement, Inc., Hercules Achievement Holdings, Inc. and Hercules VB Holdings, Inc.","Leading manufacturer and distributor of textiles, apparel & luxury goods","Second lien senior secured loan ($118,969 par due 12/2022)",9.75% (Libor + 8.75%/Q),12/11/2014,117818.0,118969
135,"Varsity Brands Holding Co., Inc., Hercules Achievement, Inc., Hercules Achievement Holdings, Inc. and Hercules VB Holdings, Inc.","Leading manufacturer and distributor of textiles, apparel & luxury goods","Second lien senior secured loan ($55,576 par due 12/2022)",9.75% (Libor + 8.75%/Q),12/11/2014,55037.0,55576
136,"Varsity Brands Holding Co., Inc., Hercules Achievement, Inc., Hercules Achievement Holdings, Inc. and Hercules VB Holdings, Inc.","Leading manufacturer and distributor of textiles, apparel & luxury goods","Common stock (3,353,371 shares)",0,12/11/2014,4147.0,4353
137,"Varsity Brands Holding Co., Inc., Hercules Achievement, Inc., Hercules Achievement Holdings, Inc. and Hercules VB Holdings, Inc.","Leading manufacturer and distributor of textiles, apparel & luxury goods","Common stock (3,353,371 shares)",0,12/11/2014,3353.0,3520
138,Woodstream Corporation,Pet products manufacturer,First lien senior secured loan ($12 par due 8/2016),7.00% (Base Rate + 3.75%/Q),4/18/2012,12.0,12
139,Woodstream Corporation,Pet products manufacturer,"First lien senior secured loan ($4,792 par due 8/2016)",6.00% (Libor + 5.00%/Q),4/18/2012,4792.0,4792
140,Woodstream Corporation,Pet products manufacturer,"Senior subordinated loan ($80,000 par due 2/2017)",11.50%,4/18/2012,78388.0,80000
141,Woodstream Corporation,Pet products manufacturer,"Common stock (4,254 shares)",0,1/22/2010,1222.0,2127
142,"Alphabet Energy, Inc.",Technology developer to convert waste-heat into electricity,"First lien senior secured loan ($1,813 par due 7/2017)",9.50%,12/16/2013,1758.0,1813
143,"Alphabet Energy, Inc.",Technology developer to convert waste-heat into electricity,"First lien senior secured loan ($2,620 par due 7/2017)",9.62%,12/16/2013,2460.0,2620
144,"Alphabet Energy, Inc.",Technology developer to convert waste-heat into electricity,"Series B preferred stock (74,449 shares)",0,2/26/2014,250.0,405
145,"Alphabet Energy, Inc.",Technology developer to convert waste-heat into electricity,"Warrant to purchase up to 59,524 units of Series B preferred stock",0,12/16/2013,146.0,124
146,Bicent (California) Holdings LLC,Gas turbine power generation facilities operator,"Senior subordinated loan ($49,587 par due 2/2021)",8.25% (Libor + 7.25%/Q),2/6/2014,49587.0,49587
147,"Brush Power, LLC",Gas turbine power generation facilities operator,First lien senior secured loan ($171 par due 8/2020),7.50% (Base Rate + 4.25%/Q),8/1/2013,171.0,171
148,"Brush Power, LLC",Gas turbine power generation facilities operator,"First lien senior secured loan ($66,182 par due 8/2020)",6.25% (Libor + 5.25%/Q),8/1/2013,66182.0,66182
149,"CPV Maryland Holding Company II, LLC",Gas turbine power generation facilities operator,"Senior subordinated loan ($43,366 par due 12/2020)","5.00% Cash, 5.00% PIK",8/8/2014,43366.0,43366
150,"CPV Maryland Holding Company II, LLC",Gas turbine power generation facilities operator,Warrant to purchase up to 4 units of common stock,0,8/8/2014,0.0,200
151,"DESRI VI Management Holdings, LLC",Wind power generation facility operator,"Senior subordinated loan ($26,500 par due 12/2021)",9.75%,12/24/2014,26500.0,26500
152,"DESRI VI Management Holdings, LLC",Wind power generation facility operator,Non-controlling units (10.0 units),0,12/24/2014,1483.0,1483
153,"DESRI Wind Development Acquisition Holdings, L.L.C",Wind and solar power generation facility operator,"Senior subordinated loan ($14,750 par due 8/2021)",9.25%,8/26/2014,14750.0,14750
154,"DESRI Wind Development Acquisition Holdings, L.L.C",Wind and solar power generation facility operator,Non-controlling units (7.5 units),0,8/26/2014,806.0,806
155,"Green Energy Partners, Stonewall LLC and Panda Stonewall Intermediate Holdings II LLC (28)",Gas turbine power generation facilities operator,"Senior subordinated loan ($83,140 par due 12/2021)","8.00% Cash, 5.25% PIK",11/13/2014,83140.0,83140
156,"Joule Unlimited Technologies, Inc. and Stichting Joule Global Foundation (28)",Renewable fuel and chemical production developer,"First lien senior secured loan ($10,000 par due 10/2018)",10.00% (Libor + 9.00%/M),3/31/2015,9850.0,10000
157,"Joule Unlimited Technologies, Inc. and Stichting Joule Global Foundation (28)",Renewable fuel and chemical production developer,"Warrant to purchase up to 32,051 shares of Series C-2 preferred stock",0,7/25/2013,0.0,35
158,"Kay Wind Holdings II, LLC",Wind power generation facility,"Senior subordinated loan ($28,760 par due 12/2015)",10.25%,3/31/2015,28582.0,28760
159,"La Paloma Generating Company, LLC","Natural gas fired, combined cycle plant operator","Second lien senior secured loan ($10,000 par due 2/2020)",9.25% (Libor + 8.25%/Q),2/20/2014,9668.0,8800
160,Moxie Liberty LLC,Gas turbine power generation facilities operator,"First lien senior secured loan ($76,400 par due 8/2020)",7.50% (Libor + 6.50%/Q),8/21/2013,75644.0,76400
161,Moxie Patriot LLC,Gas turbine power generation facilities operator,"First lien senior secured loan ($65,000 par due 12/2020)",6.75% (Libor + 5.75%/Q),12/19/2013,64382.0,65000
162,"Panda Sherman Power, LLC",Gas turbine power generation facilities operator,"First lien senior secured loan ($32,348 par due 9/2018)",9.00% (Libor + 7.50%/Q),9/14/2012,32348.0,32348
163,"Panda Temple Power II, LLC",Gas turbine power generation facilities operator,"First lien senior secured loan ($20,000 par due 4/2019)",7.25% (Libor + 6.00%/Q),4/3/2013,19860.0,19600
164,"Panda Temple Power, LLC",Gas turbine power generation facilities operator,"First lien senior secured loan ($25,000 par due 3/2022)",7.25% (Libor + 6.25%/Q),3/6/2015,23690.0,23500
165,PERC Holdings 1 LLC,"Operator of recycled energy, combined heat and power, and energy efficiency facilities","Class B common units (21,653,543 units)",0,10/20/2014,21654.0,21654
166,Campus Management Corp. and Campus Management Acquisition Corp. (6),Education software developer,"Preferred stock (485,159 shares)",0,2/8/2008,10520.0,10800
167,"Infilaw Holding, LLC (28)",Operator of for-profit law schools,First lien senior secured revolving loan,0,8/25/2011,0.0,0
168,"Infilaw Holding, LLC (28)",Operator of for-profit law schools,"First lien senior secured loan ($6,480 par due 8/2016)",9.50% (Libor + 8.50%/Q),8/25/2011,6480.0,6480
169,"Infilaw Holding, LLC (28)",Operator of for-profit law schools,"Series A preferred units (124,890 units)",9.50% (Libor + 8.50%/Q),8/25/2011,124890.0,122392
170,"Infilaw Holding, LLC (28)",Operator of for-profit law schools,Series B preferred units (3.91 units),0,10/19/2012,9245.0,13322
171,"Instituto de Banca y Comercio, Inc. & Leeds IV Advisors, Inc.",Private school operator,"First lien senior secured loan ($58,987 par due 12/2016)",0,4/24/2013,52600.0,44175
172,"Instituto de Banca y Comercio, Inc. & Leeds IV Advisors, Inc.",Private school operator,"First lien senior secured loan ($1,996 par due 12/2016)",0,6/13/2014,1930.0,1469
173,"Instituto de Banca y Comercio, Inc. & Leeds IV Advisors, Inc.",Private school operator,"Series B preferred stock (1,750,000 shares)",0,8/5/2010,5000.0,0
174,"Instituto de Banca y Comercio, Inc. & Leeds IV Advisors, Inc.",Private school operator,"Series C preferred stock (2,512,586 shares)",0,6/7/2010,689.0,0
175,"Instituto de Banca y Comercio, Inc. & Leeds IV Advisors, Inc.",Private school operator,Common stock (20 shares),0,6/7/2010,0.0,0
176,"Lakeland Tours, LLC (28)",Educational travel provider,First lien senior secured revolving loan,0,10/4/2011,0.0,0
177,"Lakeland Tours, LLC (28)",Educational travel provider,"First lien senior secured loan ($3,987 par due 1/2017)",5.25% (Libor + 4.25%/Q),10/4/2011,3987.0,3987
178,"Lakeland Tours, LLC (28)",Educational travel provider,"First lien senior secured loan ($85,689 par due 1/2017)",8.50% (Libor + 7.50%/Q),10/4/2011,85667.0,85689
179,"Lakeland Tours, LLC (28)",Educational travel provider,"First lien senior secured loan ($40,362 par due 1/2017)",8.50% (Libor + 7.50%/Q),10/4/2011,40312.0,40362
180,"Lakeland Tours, LLC (28)",Educational travel provider,"Common stock (5,000 shares)",0,10/4/2011,5000.0,4785
181,PIH Corporation (28),Franchisor of education-based early childhood centers,First lien senior secured revolving loan ($621 par due 6/2017),6.50% (Libor + 5.50%/M),12/13/2013,621.0,621
182,"R3 Education, Inc. and EIC Acquisitions Corp.",Medical school operator,"Preferred stock (1,977 shares)",0,7/30/2008,494.0,494
183,"R3 Education, Inc. and EIC Acquisitions Corp.",Medical school operator,Common membership interest (15.76% interest),0,9/21/2007,15800.0,24673
184,"R3 Education, Inc. and EIC Acquisitions Corp.",Medical school operator,"Warrants to purchase up to 27,890 shares",0,12/8/2009,0.0,0
185,"Regent Education, Inc. (28)",Provider of software solutions designed to optimize the financial aid and enrollment processes,"First lien senior secured revolving loan ($1,000 par due 7/2016)",7.75% (Base Rate + 4.50%/M),7/1/2014,1000.0,1000
186,"Regent Education, Inc. (28)",Provider of software solutions designed to optimize the financial aid and enrollment processes,"First lien senior secured loan ($3,000 par due 1/2018)",10.00%,7/1/2014,2940.0,3000
187,"Regent Education, Inc. (28)",Provider of software solutions designed to optimize the financial aid and enrollment processes,"Warrant to purchase up to 987,771 shares of Series CC preferred stock",0,7/1/2014,0.0,72
188,"RuffaloCODY, LLC (28)",Provider of student fundraising and enrollment management services,"First lien senior secured loan ($12,683 par due 5/2019)",5.57% (Libor + 4.32%/Q),5/29/2013,12683.0,12429
189,"RuffaloCODY, LLC (28)",Provider of student fundraising and enrollment management services,"First lien senior secured loan ($18,860 par due 5/2019)",5.57% (Libor + 4.32%/Q),5/29/2013,18860.0,18483
190,"RuffaloCODY, LLC (28)",Provider of student fundraising and enrollment management services,"First lien senior secured loan ($11,709 par due 5/2019)",5.57% (Libor + 4.32%/Q),5/29/2013,11709.0,11475
191,"WCI-Quantum Holdings, Inc.","Distributor of instructional products, services and resources","Series A preferred stock (1,272 shares)",0,10/24/2014,1000.0,1050
192,"AllBridge Financial, LLC (7)",Asset management services,Equity interests,0,4/1/2010,1140.0,6534
193,Callidus Capital Corporation (7),Asset management services,Common stock (100 shares),0,4/1/2010,3000.0,1685
194,Ciena Capital LLC (7)(28),Real estate and small business loan servicer,"First lien senior secured revolving loan ($14,000 par due 12/2016)",6.00%,11/29/2010,14000.0,14000
195,Ciena Capital LLC (7)(28),Real estate and small business loan servicer,"First lien senior secured loan ($1,000 par due 12/2016)",12.00%,11/29/2010,1000.0,1000
196,Ciena Capital LLC (7)(28),Real estate and small business loan servicer,"First lien senior secured loan ($10,000 par due 12/2016)",12.00%,11/29/2010,10000.0,10000
197,Ciena Capital LLC (7)(28),Real estate and small business loan servicer,"First lien senior secured loan ($5,000 par due 12/2016)",12.00%,11/29/2010,5000.0,5000
198,Ciena Capital LLC (7)(28),Real estate and small business loan servicer,Equity interests,0,11/29/2010,49374.0,23566
199,"Commercial Credit Group, Inc.",Commercial equipment finance and leasing company,"Senior subordinated loan ($28,000 par due 5/2018)",12.75%,5/10/2012,28000.0,28000
200,Gordian Acquisition Corp.,Financial services firm,Common stock (526 shares),0,11/30/2012,0.0,0
201,Imperial Capital Group LLC,Investment services,"Class A common units (17,307 units)",0,5/10/2007,9832.0,13927
202,Imperial Capital Group LLC,Investment services,"2006 Class B common units (5,670 units)",0,5/10/2007,2.0,3
203,Imperial Capital Group LLC,Investment services,2007 Class B common units (707 units),0,5/10/2007,0.0,0
204,"Ivy Hill Asset Management, L.P. (7)(9)",Asset management services,Member interest (100.00% interest),0,6/15/2009,170961.0,239188
205,"Javlin Three LLC, Javlin Four LLC, and Javlin Five LLC (9)(28)",Asset-backed financial services company,"First lien senior secured revolving loan ($47,200 par due 6/2017)",9.42% (Libor + 9.25%/M),6/24/2014,47200.0,47200
206,2329497 Ontario Inc. (8),Outsourced data center infrastructure and related services provider,"Second lien senior secured loan ($42,480 par due 6/2019)",10.50% (Libor + 9.25%/M),12/13/2013,43267.0,31996
207,"BlackArrow, Inc.",Advertising and data solutions software platform provider,"First lien senior secured loan ($7,273 par due 9/2017)",9.25%,3/13/2014,7094.0,7273
208,"BlackArrow, Inc.",Advertising and data solutions software platform provider,"Warrant to purchase up to 517,386 units of Series C preferred stock",0,3/13/2014,0.0,76
209,"CallMiner, Inc.",Provider of cloud-based conversational analytics solutions,"First lien senior secured loan ($4,000 par due 5/2018)",10.00%,7/23/2014,3975.0,4000
210,"CallMiner, Inc.",Provider of cloud-based conversational analytics solutions,"First lien senior secured loan ($2,000 par due 9/2018)",10.00%,7/23/2014,1987.0,2000
211,"CallMiner, Inc.",Provider of cloud-based conversational analytics solutions,"Warrant to purchase up to 2,350,636 shares of Series 1 preferred stock",0,7/23/2014,0.0,0
212,"Cast & Crew Payroll, LLC and Centerstage Co-Investors, L.L.C. (6)(28)",Payroll and accounting services provider to the entertainment industry,"First lien senior secured loan ($5,699 par due 10/2019)",4.00% (Libor + 3.00%/Q),12/24/2012,5699.0,5699
213,"Cast & Crew Payroll, LLC and Centerstage Co-Investors, L.L.C. (6)(28)",Payroll and accounting services provider to the entertainment industry,"First lien senior secured loan ($45,069 par due 10/2019)",7.00% (Libor + 6.00%/Q),12/24/2012,45069.0,45069
214,"Cast & Crew Payroll, LLC and Centerstage Co-Investors, L.L.C. (6)(28)",Payroll and accounting services provider to the entertainment industry,"First lien senior secured loan ($41,813 par due 10/2019)",7.00% (Libor + 6.00%/Q),12/24/2012,41813.0,41813
215,"Cast & Crew Payroll, LLC and Centerstage Co-Investors, L.L.C. (6)(28)",Payroll and accounting services provider to the entertainment industry,"Class A membership units (2,500,000 units)",0,12/24/2012,57.0,8048
216,"Cast & Crew Payroll, LLC and Centerstage Co-Investors, L.L.C. (6)(28)",Payroll and accounting services provider to the entertainment industry,"Class B membership units (2,500,000 units)",0,12/24/2012,57.0,8048
217,"CIBT Investment Holdings, LLC",Expedited travel document processing services,"Class A shares (2,500 shares)",0,12/15/2011,2500.0,4817
218,"Command Alkon, Incorporated and CA Note Issuer, LLC",Software solutions provider to the ready-mix concrete industry,"Second lien senior secured loan ($10,000 par due 8/2020)",9.25% (Libor + 8.25%/Q),9/28/2012,10000.0,10000
219,"Command Alkon, Incorporated and CA Note Issuer, LLC",Software solutions provider to the ready-mix concrete industry,"Second lien senior secured loan ($26,500 par due 8/2020)",9.25% (Libor + 8.25%/Q),9/28/2012,26500.0,26500
220,"Command Alkon, Incorporated and CA Note Issuer, LLC",Software solutions provider to the ready-mix concrete industry,"Second lien senior secured loan ($11,500 par due 8/2020)",9.25% (Libor + 8.25%/Q),9/28/2012,11500.0,11500
221,"Command Alkon, Incorporated and CA Note Issuer, LLC",Software solutions provider to the ready-mix concrete industry,"Senior subordinated loan ($18,283 par due 8/2021)",14.00% PIK,8/8/2014,18283.0,18283
222,"Compuware Parent, LLC",Web and mobile cloud performance testing and monitoring services provider,"Class A-1 common stock (4,132 units)",0,12/15/2014,2250.0,2527
223,"Compuware Parent, LLC",Web and mobile cloud performance testing and monitoring services provider,"Class B-1 common stock (4,132 units)",0,12/15/2014,450.0,505
224,"Compuware Parent, LLC",Web and mobile cloud performance testing and monitoring services provider,"Class C-1 common stock (4,132 units)",0,12/15/2014,300.0,337
225,"Compuware Parent, LLC",Web and mobile cloud performance testing and monitoring services provider,"Class A-2 common stock (4,132 units)",0,12/15/2014,0.0,0
226,"Compuware Parent, LLC",Web and mobile cloud performance testing and monitoring services provider,"Class B-2 common stock (4,132 units)",0,12/15/2014,0.0,0
227,"Compuware Parent, LLC",Web and mobile cloud performance testing and monitoring services provider,"Class C-2 common stock (4,132 units)",0,12/15/2014,0.0,0
228,"Coverall North America, Inc.",Commercial janitorial services provider,Letter of credit facility,0,1/17/2013,0.0,0
229,"Directworks, Inc. and Co-Exprise Holdings, Inc. (28)",Provider of cloud-based software solutions for direct materials sourcing and supplier management for manufacturers,"First lien senior secured loan ($2,500 par due 4/2018)",10.25% (Libor + 9.25%/M),12/19/2014,2500.0,2500
230,"Directworks, Inc. and Co-Exprise Holdings, Inc. (28)",Provider of cloud-based software solutions for direct materials sourcing and supplier management for manufacturers,"Warrant to purchase up to 1,875,000 shares of Series 1 preferred stock",0,12/19/2014,0.0,0
231,"DTI Holdco, Inc. and OPE DTI Holdings, Inc.",Provider of legal process outsourcing and managed services,First lien senior secured loan ($997 par due 8/2020),5.75% (Libor + 4.75%/Q),8/19/2014,997.0,997
232,"DTI Holdco, Inc. and OPE DTI Holdings, Inc.",Provider of legal process outsourcing and managed services,"Class A common stock (7,500 shares)",0,8/19/2014,7500.0,8186
233,"DTI Holdco, Inc. and OPE DTI Holdings, Inc.",Provider of legal process outsourcing and managed services,"Class B common stock (7,500 shares)",0,8/19/2014,0.0,0
234,"Faction Holdings, Inc. and The Faction Group LLC (fka PeakColo Holdings, Inc.) (28)",Wholesaler of cloud-based software applications and services,"First lien senior secured loan ($4,000 par due 11/2018)",9.75% (Libor + 8.75%/M),11/3/2014,3914.0,3960
235,"Faction Holdings, Inc. and The Faction Group LLC (fka PeakColo Holdings, Inc.) (28)",Wholesaler of cloud-based software applications and services,"Warrant to purchase up to 2,037 shares of Series A preferred stock",0,11/3/2014,93.0,93
236,"First Insight, Inc.",Software company providing merchandising and pricing solutions to companies worldwide,"First lien senior secured loan ($2,917 par due 4/2017)",9.50%,3/20/2014,2859.0,2917
237,"First Insight, Inc.",Software company providing merchandising and pricing solutions to companies worldwide,"Warrants to purchase up to 122,827 units of Series C preferred stock",0,3/20/2014,0.0,14
238,"HCPro, Inc. and HCP Acquisition Holdings, LLC (7)",Healthcare compliance advisory services,"Senior subordinated loan ($9,498 par due 5/2015)",0,3/5/2013,2691.0,0
239,"HCPro, Inc. and HCP Acquisition Holdings, LLC (7)",Healthcare compliance advisory services,"Class A units (14,293,110 units)",0,6/26/2008,12793.0,0
240,"iControl Networks, Inc. and uControl Acquisition, LLC",Software and services company for the connected home market,"Second lien senior secured loan ($20,000 par due 3/2019)",9.50% (Libor + 8.50%/Q),2/19/2015,19608.0,19875
241,"iControl Networks, Inc. and uControl Acquisition, LLC",Software and services company for the connected home market,"Warrant to purchase up to 385,616 shares of Series D preferred stock",0,2/19/2015,0.0,173
242,IfByPhone Inc.,Voice-based marketing automation software provider,"Warrant to purchase up to 124,300 shares of Series C preferred stock",0,10/15/2012,88.0,75
243,"Investor Group Services, LLC (6)",Business consulting for private equity and corporate clients,Limited liability company membership interest (5.17% interest),0,6/22/2006,0.0,354
244,"IronPlanet, Inc. (28)",Online auction platform provider for used heavy equipment,First lien senior secured revolving loan,0,9/24/2013,0.0,0
245,"IronPlanet, Inc. (28)",Online auction platform provider for used heavy equipment,"Warrant to purchase to up to 133,333 shares of Series C preferred stock",0,9/24/2013,214.0,244
246,"Itel Laboratories, Inc. (28)",Data services provider for building materials to property insurance industry,"Preferred units (1,798,391 units)",0,6/29/2012,1000.0,1156
247,"Market Track Holdings, LLC",Business media consulting services company,"Preferred stock (1,500 shares)",0,12/13/2013,1982.0,1957
248,"Market Track Holdings, LLC",Business media consulting services company,"Common stock (15,000 shares)",0,12/13/2013,1982.0,1633
249,"Maximus Holdings, LLC",Provider of software simulation tools and related services,"Warrants to purchase up to 1,050,013 shares of common stock",0,12/13/2013,0.0,0
250,"Multi-Ad Services, Inc. (6)",Marketing services and software provider,"Preferred units (1,725,280 units)",0,4/1/2010,788.0,2178
251,"Multi-Ad Services, Inc. (6)",Marketing services and software provider,"Common units (1,725,280 units)",0,4/1/2010,0.0,0
252,"MVL Group, Inc. (7)",Marketing research provider,Senior subordinated loan ($433 par due 7/2012),0,4/1/2010,226.0,226
253,"MVL Group, Inc. (7)",Marketing research provider,"Common stock (560,716 shares)",0,4/1/2010,0.0,0
254,"PHL Investors, Inc., and PHL Holding Co. (7)",Mortgage services,Class A common stock (576 shares),0,7/31/2012,3768.0,0
255,"PowerPlan, Inc.",Fixed asset financial management software provider,"Second lien senior secured loan ($80,000 par due 2/2023)",10.75% (Libor + 9.75%/Q),2/23/2015,79225.0,80000
256,"PowerPlan, Inc.",Fixed asset financial management software provider,"Class A common stock (1,980 shares)",0,2/23/2015,1980.0,1980
257,"PowerPlan, Inc.",Fixed asset financial management software provider,"Class B common stock (989,011 shares)",0,2/23/2015,20.0,20
258,"Powersport Auctioneer Holdings, LLC",Powersport vehicle auction operator,"Common units (1,972 units)",0,3/2/2012,1000.0,954
259,R2 Acquisition Corp.,Marketing services,"Common stock (250,000 shares)",0,5/29/2007,250.0,169
260,Rocket Fuel Inc.,Provider of open and integrated software for digital marketing optimization,"Common stock (11,405 units)",0,9/9/2014,40.0,57
261,Ship Investor & Cy S.C.A. (8),Payment processing company,"Common stock (936,693 shares)",0,12/13/2013,1729.0,3064
262,"TraceLink, Inc. (28)",Supply chain management software provider for the pharmaceutical industry,"First lien senior secured loan ($4,500 par due 1/2019)",8.50% (Libor + 7.00%/M),1/2/2015,4389.0,4500
263,"TraceLink, Inc. (28)",Supply chain management software provider for the pharmaceutical industry,"Warrant to purchase up to 283,353 shares of Series A-2 preferred stock",0,1/2/2015,146.0,1040
264,Velocity Holdings Corp.,Hosted enterprise resource planning application management services provider,"Common units (1,713,546 units)",0,12/13/2013,4503.0,3121
265,"ADF Capital, Inc., ADF Restaurant Group, LLC, and ARG Restaurant Holdings, Inc.",Restaurant owner and operator,"First lien senior secured loan ($28,581 par due 12/2018)",9.25% (Libor + 8.25%/Q),11/27/2006,28581.0,24866
266,"ADF Capital, Inc., ADF Restaurant Group, LLC, and ARG Restaurant Holdings, Inc.",Restaurant owner and operator,"First lien senior secured loan ($10,919 par due 12/2018)",9.25% (Libor + 8.25%/Q),11/27/2006,10922.0,9499
267,"ADF Capital, Inc., ADF Restaurant Group, LLC, and ARG Restaurant Holdings, Inc.",Restaurant owner and operator,"Promissory note ($19,429 par due 12/2023)",0,11/27/2006,13770.0,0
268,"ADF Capital, Inc., ADF Restaurant Group, LLC, and ARG Restaurant Holdings, Inc.",Restaurant owner and operator,"Warrants to purchase up to 23,750 units of Series D common stock",0,12/18/2013,24.0,0
269,"Benihana, Inc. (28)",Restaurant owner and operator,First lien senior secured revolving loan ($646 par due 7/2018),7.50% (Base Rate + 4.25%/Q),8/21/2012,646.0,633
270,"Benihana, Inc. (28)",Restaurant owner and operator,"First lien senior secured loan ($4,863 par due 1/2019)",6.75% (Libor + 5.50%/Q),8/21/2012,4863.0,4766
271,"DineInFresh, Inc.",Meal-delivery provider,"First lien senior secured loan ($7,500 par due 7/2018)",9.75% (Libor + 8.75%/M),12/19/2014,7428.0,7500
272,"DineInFresh, Inc.",Meal-delivery provider,"Warrant to purchase up to 143,079 shares of Series A preferred stock",0,12/19/2014,0.0,3
273,Garden Fresh Restaurant Corp. (28),Restaurant owner and operator,"First lien senior secured revolving loan ($1,100 par due 7/2018)",10.50% (Libor + 9.00%/M),10/3/2013,1100.0,1100
274,Garden Fresh Restaurant Corp. (28),Restaurant owner and operator,"First lien senior secured loan ($41,836 par due 7/2018)",10.50% (Libor + 9.00%/M),10/3/2013,41836.0,41836
275,"Global Franchise Group, LLC and GFG Intermediate Holding, Inc.",Worldwide franchisor of quick service restaurants,"First lien senior secured loan ($62,500 par due 12/2019)",10.57% (Libor + 9.57%/Q),12/18/2014,62500.0,62500
276,"Hojeij Branded Foods, Inc. (28)",Airport restaurant operator,"First lien senior secured revolving loan ($2,350 par due 2/2017)",9.00% (Libor + 8.00%/Q),2/15/2012,2350.0,2350
277,"Hojeij Branded Foods, Inc. (28)",Airport restaurant operator,"First lien senior secured loan ($9,782 par due 2/2017)",9.00% (Libor + 8.00%/Q),2/15/2012,9782.0,9782
278,"Hojeij Branded Foods, Inc. (28)",Airport restaurant operator,"First lien senior secured loan ($14,262 par due 2/2017)",9.00% (Libor + 8.00%/Q),2/15/2012,14262.0,14262
279,"Hojeij Branded Foods, Inc. (28)",Airport restaurant operator,"First lien senior secured loan ($14,262 par due 2/2017)",9.00% (Libor + 8.00%/Q),2/15/2012,13995.0,14262
280,"Hojeij Branded Foods, Inc. (28)",Airport restaurant operator,Warrants to purchase up to 7.5% of membership interest,0,2/15/2012,0.0,502
281,"Hojeij Branded Foods, Inc. (28)",Airport restaurant operator,Warrants to purchase up to 324 shares of Class A common stock,0,2/15/2012,669.0,7230
282,"Orion Foods, LLC (7)",Convenience food service retailer,"First lien senior secured loan ($7,536 par due 9/2015)",0,4/1/2010,7536.0,1967
283,"Orion Foods, LLC (7)",Convenience food service retailer,"Second lien senior secured loan ($19,420 par due 9/2015)",0,4/1/2010,0.0,0
284,"Orion Foods, LLC (7)",Convenience food service retailer,"Preferred units (10,000 units)",0,10/28/2010,0.0,0
285,"Orion Foods, LLC (7)",Convenience food service retailer,"Class A common units (25,001 units)",0,4/1/2010,0.0,0
286,"Orion Foods, LLC (7)",Convenience food service retailer,"Class B common units (1,122,452 units)",0,4/1/2010,0.0,0
287,"OTG Management, LLC (28)",Airport restaurant operator,"First lien senior secured revolving loan ($1,175 par due 12/2017)",8.75% (Libor + 7.25%/M),12/11/2012,1175.0,1175
288,"OTG Management, LLC (28)",Airport restaurant operator,First lien senior secured loan ($6.250 par due 12/2017),8.75% (Libor + 7.25%/Q),12/11/2012,6250.0,6250
289,"OTG Management, LLC (28)",Airport restaurant operator,"First lien senior secured loan ($15,700 par due 12/2017)",8.75% (Libor + 7.25%/Q),12/11/2012,15700.0,15700
290,"OTG Management, LLC (28)",Airport restaurant operator,"First lien senior secured loan ($25,000 par due 12/2017)",8.75% (Libor + 7.25%/Q),12/11/2012,25000.0,25000
291,"OTG Management, LLC (28)",Airport restaurant operator,"Common units (3,000,000 units)",0,1/5/2011,3000.0,2164
292,"OTG Management, LLC (28)",Airport restaurant operator,Warrants to purchase up to 7.73% of common units,0,6/19/2008,100.0,4317
293,"Restaurant Holding Company, LLC",Fast food restaurant operator,"First lien senior secured loan ($37,219 par due 2/2019)",8.75% (Libor + 7.75%/M),3/13/2014,36924.0,34241
294,Wellspring Distribution Corp,Food service distributor,"Class A non-voting common stock (1,366,120 shares)",0,5/3/2008,6303.0,8507
295,Cambrios Technologies Corporation,Nanotechnology-based solutions for electronic devices and computers,First lien senior secured loan ($758 par due 8/2015),12.00%,8/7/2012,758.0,758
296,Cambrios Technologies Corporation,Nanotechnology-based solutions for electronic devices and computers,"Warrants to purchase up to 400,000 shares of Series D-4 convertible preferred stock",0,8/7/2012,0.0,13
297,"Component Hardware Group, Inc. (28)",Commercial equipment,"First lien senior secured revolving loan ($2,241 par due 7/2019)",5.50% (Libor + 4.50%/M),7/1/2013,2241.0,2241
298,"Component Hardware Group, Inc. (28)",Commercial equipment,"First lien senior secured loan ($8,124 par due 7/2019)",5.50% (Libor + 4.50%/M),7/1/2013,8124.0,8124
299,"Harvey Tool Company, LLC and Harvey Tool Holding, LLC (28)",Cutting tool provider to the metalworking industry,Class A membership units (750 units),0,3/28/2014,750.0,1014
300,"Ioxus, Inc.",Energy storage devices,"First lien senior secured loan ($10,000 par due 11/2017)",11.00%,4/29/2014,9702.0,9000
301,"Ioxus, Inc.",Energy storage devices,"Warrant to purchase up to 538,314 shares of Series C preferred stock",0,4/29/2014,0.0,0
302,Mac Lean-Fogg Company,Intelligent transportation systems products in the traffic and rail industries,"Senior subordinated loan ($102,139 par due 10/2023)","9.50% Cash, 1.50% PIK",10/31/2013,102139.0,102139
303,"MWI Holdings, Inc.","Engineered springs, fasteners, and other precision components","First lien senior secured loan ($28,274 par due 3/2019)",9.38% (Libor + 8.13%/Q),6/15/2011,28274.0,28274
304,"MWI Holdings, Inc.","Engineered springs, fasteners, and other precision components","First lien senior secured loan ($20,000 par due 3/2019)",9.38% (Libor + 8.13%/Q),6/15/2011,20000.0,20000
305,Niagara Fiber Intermediate Corp. (28),Insoluble fiber filler products,"First lien senior secured revolving loan ($1,881 par due 5/2018)",6.75% (Libor + 5.50%/M),5/8/2014,1866.0,1750
306,Niagara Fiber Intermediate Corp. (28),Insoluble fiber filler products,"First lien senior secured loan ($15,367 par due 5/2018)",6.75% (Libor + 5.50%/M),5/8/2014,15247.0,14292
307,"Pelican Products, Inc.",Flashlights,"Second lien senior secured loan ($40,000 par due 4/2021)",9.25% (Libor + 8.25%/Q),4/11/2014,39949.0,40000
308,Saw Mill PCG Partners LLC,Metal precision engineered components,"Common units (1,000 units)",0,1/30/2007,1000.0,0
309,"SI Holdings, Inc.","Elastomeric parts, mid-sized composite structures, and composite tooling","Common stock (1,500 shares)",0,5/30/2014,1500.0,1601
310,TPTM Merger Corp. (28),Time temperature indicator products,First lien senior secured revolving loan ($750 par due 9/2018),7.25% (Libor + 6.25%/Q),9/12/2013,750.0,750
311,TPTM Merger Corp. (28),Time temperature indicator products,"First lien senior secured loan ($36,423 par due 9/2018)",9.42% (Libor + 8.42%/Q),9/12/2013,36423.0,36423
312,TPTM Merger Corp. (28),Time temperature indicator products,First lien senior secured loan ($407 par due 9/2018),4.75% (Libor + 3.75%/Q),9/12/2013,407.0,407
313,TPTM Merger Corp. (28),Time temperature indicator products,"First lien senior secured loan ($5,135 par due 9/2018)",4.75% (Libor + 3.75%/Q),9/12/2013,5135.0,5135
314,"Charter NEX US Holdings, Inc.",Producer of high-performance specialty films used in flexible packaging,"Second lien senior secured loan ($16,000 par due 2/2023)",9.25% (Libor + 8.25%/Q),2/5/2015,15765.0,16000
315,"GS Pretium Holdings, Inc.",Manufacturer and supplier of high performance plastic containers,"Common stock (500,000 shares)",0,6/2/2014,500.0,447
316,"ICSH, Inc. (28)","Industrial container manufacturer, reconditioner and servicer",First lien senior secured revolving loan,0,8/31/2011,0.0,0
317,"ICSH, Inc. (28)","Industrial container manufacturer, reconditioner and servicer","First lien senior secured loan ($25,603 par due 8/2016)",6.75% (Libor + 5.75%/Q),8/31/2011,25603.0,25603
318,"ICSH, Inc. (28)","Industrial container manufacturer, reconditioner and servicer","First lien senior secured loan ($53,374 par due 8/2016)",6.75% (Libor + 5.75%/Q),8/31/2011,53374.0,53374
319,"ICSH, Inc. (28)","Industrial container manufacturer, reconditioner and servicer","First lien senior secured loan ($12,683 par due 8/2016)",6.75% (Libor + 5.75%/Q),8/31/2011,12672.0,12683
320,"Microstar Logistics LLC, Microstar Global Asset Management LLC, and MStar Holding Corporation",Keg management solutions provider,"Second lien senior secured loan ($142,500 par due 12/2018)",8.50% (Libor + 7.50%/Q),12/14/2012,142500.0,142500
321,"Microstar Logistics LLC, Microstar Global Asset Management LLC, and MStar Holding Corporation",Keg management solutions provider,"Common stock (50,000 shares)",0,12/14/2012,3951.0,6251
322,"Lonestar Prospects, Ltd.",Sand proppant producer and distributor to the oil and natural gas industry,"First lien senior secured loan ($75,372 par due 9/2018)","8.50% (Libor + 6.50% Cash, 1.00% PIK/Q)",9/18/2014,75372.0,72357
323,Petroflow Energy Corporation,Oil and gas exploration and production company,"First lien senior secured loan ($51,532 par due 7/2017)","12.00% (Libor + 8.00% Cash, 3.00% PIK/Q)",7/31/2014,50550.0,46379
324,"UL Holding Co., LLC and Universal Lubricants, LLC (6)",Manufacturer and distributor of re-refined oil products,"Second lien senior secured loan ($11,374 par due 12/2016)",0,4/30/2012,8761.0,9198
325,"UL Holding Co., LLC and Universal Lubricants, LLC (6)",Manufacturer and distributor of re-refined oil products,"Second lien senior secured loan ($48,239 par due 12/2016)",0,4/30/2012,37228.0,39015
326,"UL Holding Co., LLC and Universal Lubricants, LLC (6)",Manufacturer and distributor of re-refined oil products,"Second lien senior secured loan ($5,613 par due 12/2016)",0,4/30/2012,4294.0,4539
327,"UL Holding Co., LLC and Universal Lubricants, LLC (6)",Manufacturer and distributor of re-refined oil products,"Class A common units (10,782 units)",0,6/17/2011,4993.0,0
328,"UL Holding Co., LLC and Universal Lubricants, LLC (6)",Manufacturer and distributor of re-refined oil products,"Class B-5 common units (599,200 units)",0,6/17/2011,2492.0,0
329,"UL Holding Co., LLC and Universal Lubricants, LLC (6)",Manufacturer and distributor of re-refined oil products,"Class C common units (618,091 units)",0,4/25/2008,0.0,0
330,"UL Holding Co., LLC and Universal Lubricants, LLC (6)",Manufacturer and distributor of re-refined oil products,"Warrant to purchase up to 513,037 shares of Class A units",0,5/2/2014,0.0,0
331,"UL Holding Co., LLC and Universal Lubricants, LLC (6)",Manufacturer and distributor of re-refined oil products,"Warrant to purchase up to 20,451 shares of Class B-1 units",0,5/2/2014,0.0,0
332,"UL Holding Co., LLC and Universal Lubricants, LLC (6)",Manufacturer and distributor of re-refined oil products,"Warrant to purchase up to 40,901 shares of Class B-2 units",0,5/2/2014,0.0,0
333,"UL Holding Co., LLC and Universal Lubricants, LLC (6)",Manufacturer and distributor of re-refined oil products,"Warrant to purchase up to 21,152 shares of Class B-3 units",0,5/2/2014,0.0,0
334,"UL Holding Co., LLC and Universal Lubricants, LLC (6)",Manufacturer and distributor of re-refined oil products,"Warrant to purchase up to 57,345 shares of Class B-5 units",0,5/2/2014,0.0,0
335,"UL Holding Co., LLC and Universal Lubricants, LLC (6)",Manufacturer and distributor of re-refined oil products,"Warrant to purchase up to 42,564 shares of Class B-6 units",0,5/2/2014,0.0,0
336,"UL Holding Co., LLC and Universal Lubricants, LLC (6)",Manufacturer and distributor of re-refined oil products,"Warrant to purchase up to 746,828 shares of Class C units",0,5/2/2014,0.0,0
337,"Cadence Aerospace, LLC",Aerospace precision components manufacturer,"First lien senior secured loan ($4,343 par due 5/2018)",6.50% (Libor + 5.25%/Q),5/15/2012,4319.0,4343
338,"Cadence Aerospace, LLC",Aerospace precision components manufacturer,"Second lien senior secured loan ($79,657 par due 5/2019)",10.50% (Libor + 9.25%/Q),5/10/2012,79657.0,76471
339,"ILC Industries, LLC",Designer and manufacturer of protective cases and technically advanced lighting systems,"Second lien senior secured loan ($40,000 par due 7/2021)",9.50% (Libor + 8.50%/Q),7/15/2014,40000.0,40000
340,"Wyle Laboratories, Inc. and Wyle Holdings, Inc.","Provider of specialized engineering, scientific and technical services",Senior preferred stock (775 shares),8.00% PIK,1/17/2008,123.0,123
341,"Wyle Laboratories, Inc. and Wyle Holdings, Inc.","Provider of specialized engineering, scientific and technical services","Common stock (1,885,195 shares)",0,1/17/2008,2291.0,2275
342,Fulton Holdings Corp.,Airport restaurant operator,"First lien senior secured loan ($43,000 par due 5/2018)",8.50%,5/10/2013,43000.0,43000
343,Fulton Holdings Corp.,Airport restaurant operator,"First lien senior secured loan ($40,000 par due 5/2018)",8.50%,5/28/2010,40000.0,40000
344,Fulton Holdings Corp.,Airport restaurant operator,"Common stock (19,672 shares)",0,5/28/2010,1461.0,3374
345,"Paper Source, Inc. and Pine Holdings, Inc. (28)",Retailer of fine and artisanal paper products,"First lien senior secured loan ($9,875 par due 9/2018)",7.25% (Libor + 6.25%/Q),9/23/2013,9875.0,9875
346,"Paper Source, Inc. and Pine Holdings, Inc. (28)",Retailer of fine and artisanal paper products,"Class A common stock (36,364 shares)",0,9/23/2013,6000.0,8283
347,"Things Remembered, Inc. and TRM Holdings Corporation (28)",Personalized gifts retailer,"First lien senior secured revolving loan ($1,666 par due 5/2017)",8.00% (Libor + 6.50%/M),5/23/2012,1666.0,1666
348,"Things Remembered, Inc. and TRM Holdings Corporation (28)",Personalized gifts retailer,"First lien senior secured loan ($13,688 par due 5/2018)",8.00% (Libor + 6.50%/Q),5/24/2012,13688.0,12182
349,"10th Street, LLC and New 10th Street, LLC (7)",Real estate holding company,"First lien senior secured loan ($25,128 par due 11/2019)","7.00% Cash, 1.00% PIK",3/31/2014,25128.0,25128
350,"10th Street, LLC and New 10th Street, LLC (7)",Real estate holding company,"Senior subordinated loan ($27,031 par due 11/2019)","7.00% Cash, 1.00% PIK",4/1/2010,27031.0,27031
351,"10th Street, LLC and New 10th Street, LLC (7)",Real estate holding company,Member interest (10.00% interest),0,4/1/2010,594.0,49512
352,"10th Street, LLC and New 10th Street, LLC (7)",Real estate holding company,"Option (25,000 units)",0,4/1/2010,25.0,25
353,"Cleveland East Equity, LLC",Hotel operator,Real estate equity interests,0,4/1/2010,0.0,2973
354,"Commons R-3, LLC",Real estate developer,Real estate equity interests,0,4/1/2010,0.0,0
355,"Crescent Hotels & Resorts, LLC and affiliates (7)",Hotel operator,"Senior subordinated loan ($2,236 par due 9/2011)",15.00%,4/1/2010,0.0,0
356,"Crescent Hotels & Resorts, LLC and affiliates (7)",Hotel operator,Common equity interest,0,4/1/2010,0.0,0
357,"NPH, Inc.",Hotel property,Real estate equity interests,0,4/1/2010,1691.0,1950
358,"ChargePoint, Inc. (28)",Developer and operator of electric vehicle charging stations,"First lien senior secured loan ($10,000 par due 1/2019)",9.75% (Libor + 8.75%/M),12/24/2014,9496.0,9800
359,"ChargePoint, Inc. (28)",Developer and operator of electric vehicle charging stations,"Warrant to purchase up to 404,563 shares of Series E preferred stock",0,12/24/2014,327.0,327
360,"Driven Brands, Inc. and Driven Holdings, LLC",Automotive aftermarket car care franchisor,First lien senior secured loan ($209 par due 3/2017),6.00% (Libor + 5.00%/S),1/3/2014,209.0,209
361,"Driven Brands, Inc. and Driven Holdings, LLC",Automotive aftermarket car care franchisor,First lien senior secured loan ($776 par due 3/2017),7.25% (Base Rate + 4.00%/Q),1/3/2014,776.0,776
362,"Driven Brands, Inc. and Driven Holdings, LLC",Automotive aftermarket car care franchisor,"Preferred stock (247,500 units)",0,12/16/2011,2475.0,3149
363,"Driven Brands, Inc. and Driven Holdings, LLC",Automotive aftermarket car care franchisor,"Common stock (25,000 units)",0,12/16/2011,25.0,2713
364,"Eckler Industries, Inc. (28)",Restoration parts and accessories provider for classic automobiles,"First lien senior secured revolving loan ($6,200 par due 7/2017)",10.25% (Base Rate + 7.00%/Q),7/12/2012,6200.0,5890
365,"Eckler Industries, Inc. (28)",Restoration parts and accessories provider for classic automobiles,"First lien senior secured loan ($7,927 par due 7/2017)",10.25% (Base Rate + 7.00%/M),7/12/2012,7928.0,7530
366,"Eckler Industries, Inc. (28)",Restoration parts and accessories provider for classic automobiles,"First lien senior secured loan ($29,800 par due 7/2017)",10.25% (Base Rate + 7.00%/M),7/12/2012,29800.0,28310
367,"Eckler Industries, Inc. (28)",Restoration parts and accessories provider for classic automobiles,"Series A preferred stock (1,800 shares)",0,7/12/2012,1800.0,0
368,"Eckler Industries, Inc. (28)",Restoration parts and accessories provider for classic automobiles,"Common stock (20,000 shares)",0,7/12/2012,200.0,0
369,"EcoMotors, Inc.",Engine developer,"First lien senior secured loan ($3,636 par due 10/2016)",10.83%,12/28/2012,3582.0,3600
370,"EcoMotors, Inc.",Engine developer,"First lien senior secured loan ($4,394 par due 6/2017)",10.83%,12/28/2012,4310.0,4350
371,"EcoMotors, Inc.",Engine developer,"First lien senior secured loan ($3,000 par due 7/2016)",10.13%,12/28/2012,2966.0,2970
372,"EcoMotors, Inc.",Engine developer,"Warrant to purchase up to 321,888 shares of Series C preferred stock",0,12/28/2012,0.0,128
373,"EcoMotors, Inc.",Engine developer,"Warrant to purchase up to 70,000 shares of Series C preferred stock",0,2/24/2015,0.0,28
374,"Simpson Performance Products, Inc.",Provider of motorsports safety equipment,"First lien senior secured loan ($19,500 par due 2/2020)",9.83% (Libor + 8.83%/Q),2/20/2015,19500.0,19500
375,"SK SPV IV, LLC",Collision repair site operators,"Series A common stock (12,500 units)",0,8/18/2014,625.0,1987
376,"SK SPV IV, LLC",Collision repair site operators,"Series B common stock (12,500 units)",0,8/18/2014,625.0,1987
377,"TA THI Buyer, Inc. and TA THI Parent, Inc.",Collision repair company,"Series A preferred stock (50,000 shares)",0,7/28/2014,5000.0,5824
378,"Genomatica, Inc.",Developer of a biotechnology platform for the production of chemical products,"Warrant to purchase 322,422 shares of Series D preferred stock",0,3/28/2013,0.0,6
379,"K2 Pure Solutions Nocal, L.P. (28)",Chemical producer,"First lien senior secured revolving loan ($2,256 par due 8/2019)",9.13% (Libor + 8.13%/M),8/19/2013,2256.0,2256
380,"K2 Pure Solutions Nocal, L.P. (28)",Chemical producer,"First lien senior secured loan ($21,097 par due 8/2019)",8.00% (Libor + 7.00%/M),8/19/2013,21097.0,21097
381,"K2 Pure Solutions Nocal, L.P. (28)",Chemical producer,"First lien senior secured loan ($39,250 par due 8/2019)",8.00% (Libor + 7.00%/M),8/19/2013,39250.0,39250
382,"K2 Pure Solutions Nocal, L.P. (28)",Chemical producer,"First lien senior secured loan ($19,625 par due 8/2019)",8.00% (Libor + 7.00%/M),8/19/2013,19625.0,19625
383,"Kinestral Technologies, Inc.","Designer of adaptive, dynamic glass for the commercial and residential markets","First lien senior secured loan ($6,283 par due 8/2017)",10.00%,4/22/2014,6187.0,6283
384,"Kinestral Technologies, Inc.","Designer of adaptive, dynamic glass for the commercial and residential markets","Warrant to purchase up to 325,000 shares of Series A preferred stock",0,4/22/2014,73.0,100
385,"Liquid Light, Inc.",Developer and licensor of process technology for the conversion of carbon dioxide into major chemicals,"First lien senior secured loan ($3,000 par due 11/2017)",10.00%,8/13/2014,2937.0,3000
386,"Liquid Light, Inc.",Developer and licensor of process technology for the conversion of carbon dioxide into major chemicals,"Warrant to purchase up to 86,009 shares of Series B preferred stock",0,8/13/2014,77.0,74
387,"RE Community Holdings II, Inc., Pegasus Community Energy, LLC., and MPH Energy Holdings, LP",Operator of municipal recycling facilities,"Preferred stock (1,000 shares)",0,3/1/2011,8839.0,0
388,"RE Community Holdings II, Inc., Pegasus Community Energy, LLC., and MPH Energy Holdings, LP",Operator of municipal recycling facilities,Limited partnership interest (3.13% interest),0,1/8/2014,0.0,0
389,"Waste Pro USA, Inc",Waste management services,"Second lien senior secured loan ($77,306 par due 10/2020)",8.50% (Libor + 7.50%/Q),10/15/2014,77306.0,77306
390,Castle Management Borrower LLC,Hotel operator,"First lien senior secured loan ($5,985 par due 9/2020)",7.50% (Libor + 6.50%/Q),10/17/2014,5985.0,5985
391,Castle Management Borrower LLC,Hotel operator,"Second lien senior secured loan ($55,000 par due 3/2021)",11.00% (Libor + 10.00%/Q),10/17/2014,55000.0,55000
392,Castle Management Borrower LLC,Hotel operator,"Second lien senior secured loan ($10,000 par due 3/2021)",11.00% (Libor + 10.00%/Q),10/17/2014,10000.0,10000
393,"Athletic Club Holdings, Inc. (28)",Premier health club operator,"First lien senior secured loan ($41,000 par due 10/2020)",9.50% (Libor + 8.50%/M),10/11/2007,41000.0,41000
394,"CFW Co-Invest, L.P., NCP Curves, L.P. and Curves International Holdings, Inc.",Health club franchisor,"Limited partnership interest (4,152,165 shares)",0,7/31/2012,4152.0,3798
395,"CFW Co-Invest, L.P., NCP Curves, L.P. and Curves International Holdings, Inc.",Health club franchisor,"Limited partnership interest (2,218,235 shares)",0,7/31/2012,2218.0,2029
396,"CFW Co-Invest, L.P., NCP Curves, L.P. and Curves International Holdings, Inc.",Health club franchisor,"Common stock (1,680 shares)",0,11/12/2014,0.0,0
397,"Batanga, Inc. (28)",Independent digital media company,"First lien senior secured revolving loan ($3,000 par due 12/2015)",10.00%,10/31/2012,3000.0,3000
398,"Batanga, Inc. (28)",Independent digital media company,"First lien senior secured loan ($6,590 par due 6/2017)",10.60%,10/31/2012,6590.0,6650
399,"Earthcolor Group, LLC",Printing management services,Limited liability company interests (9.30%),0,5/18/2012,0.0,0
400,"The Teaching Company, LLC and The Teaching Company Holdings, Inc.",Education publications provider,"First lien senior secured loan ($20,345 par due 3/2017)",9.00% (Libor + 7.50%/Q),3/6/2011,20346.0,20142
401,"The Teaching Company, LLC and The Teaching Company Holdings, Inc.",Education publications provider,"First lien senior secured loan ($9,449 par due 3/2017)",9.00% (Libor + 7.50%/Q),3/6/2011,9449.0,9355
402,"The Teaching Company, LLC and The Teaching Company Holdings, Inc.",Education publications provider,"Preferred stock (10,663 shares)",0,9/29/2006,1066.0,3076
403,"The Teaching Company, LLC and The Teaching Company Holdings, Inc.",Education publications provider,"Common stock (15,393 shares)",0,9/29/2006,3.0,7
404,"Flow Solutions Holdings, Inc. (28)","Distributor of high value fluid handling, filtration and flow control products","Second lien senior secured loan ($5,000 par due 10/2018)",10.00% (Libor + 9.00%/M),12/16/2014,5000.0,5000
405,"Flow Solutions Holdings, Inc. (28)","Distributor of high value fluid handling, filtration and flow control products","Second lien senior secured loan ($29,500 par due 10/2018)",10.00% (Libor + 9.00%/M),12/16/2014,29500.0,29500
406,Adaptive Mobile Security Limited (8)(28),Developer of security software for mobile communications networks,"First lien senior secured loan ($3,765 par due 7/2018)",10.00% (Libor + 9.00%/M),1/16/2015,3693.0,3479
407,"American Broadband Communications, LLC, American Broadband Holding Company, and Cameron Holdings of NC, Inc.",Broadband communication services,Warrants to purchase up to 208 shares,0,11/7/2007,0.0,8787
408,"American Broadband Communications, LLC, American Broadband Holding Company, and Cameron Holdings of NC, Inc.",Broadband communication services,Warrants to purchase up to 200 shares,0,9/1/2010,0.0,4649
409,"Quantance, Inc.",Designer of semiconductor products to the mobile wireless market,"First lien senior secured loan ($2,427 par due 9/2016)",10.25%,8/23/2013,2389.0,2427
410,"Quantance, Inc.",Designer of semiconductor products to the mobile wireless market,"Warrant to purchase up to 130,432 shares of Series D preferred stock",0,8/23/2013,74.0,102
411,"Startec Equity, LLC (7)",Communication services,Member interest,0,4/1/2010,0.0,0
412,Wilcon Holdings LLC,Communications infrastructure provider,"Class A common stock (2,000,000 shares)",0,12/13/2013,1829.0,2184
413,Powervation Inc. and Powervation Limited (8),Semiconductor company focused on power control and management,"First lien senior secured loan ($3,000 par due 11/2017)",9.04%,11/13/2014,2895.0,3000
414,Powervation Inc. and Powervation Limited (8),Semiconductor company focused on power control and management,"Warrant to purchase up to 11,531 shares of Series D preferred stock",0,11/13/2014,0.0,6
