,Company(1),Business Description,Investment,Interest(6)(12),Acquisition  Date,Amortized  Cost,Fair Value
0,"Covestia Capital Partners, LP (10)",Investment partnership,Limited partnership interest (47.00% interest),0,6/17/2008,487.0,1863
1,"HCI Equity, LLC (8)(9)(10)",Investment company,Member interest (100.00% interest),0,4/1/2010,0.0,127
2,"Imperial Capital Private Opportunities, LP (10)(26)",Investment partnership,Limited partnership interest (80.00% interest),0,5/10/2007,4054.0,15343
3,"Partnership Capital Growth Fund I, L.P. (10)",Investment partnership,Limited partnership interest (25.00% interest),0,6/16/2006,0.0,692
4,"Partnership Capital Growth Investors III, L.P. (10)(26)",Investment partnership,Limited partnership interest (2.50% interest),0,10/5/2011,2451.0,3289
5,"PCG-Ares Sidecar Investment II, L.P. (10)(26)",Investment partnership,Limited partnership interest (100.00% interest),0,10/31/2014,6548.0,8316
6,"PCG-Ares Sidecar Investment, L.P. (10)(26)",Investment partnership,Limited partnership interest (100.00% interest),0,5/22/2014,2178.0,215
7,"Piper Jaffray Merchant Banking Fund I, L.P. (10)(26)",Investment partnership,Limited partnership interest (2.00% interest),0,8/16/2012,1626.0,1639
8,Senior Secured Loan Fund LLC (8)(11)(27),Co-investment vehicle,"Subordinated certificates ($2,003,959 par due 12/2024)",8.63% (Libor + 8.00%/M) (22),10/30/2009,1938446.0,1889734
9,Senior Secured Loan Fund LLC (8)(11)(27),Co-investment vehicle,Member interest (87.50% interest),0,10/30/2009,0.0,0
10,VSC Investors LLC (10),Investment company,Membership interest (1.95% interest),0,1/24/2008,299.0,1158
11,"Absolute Dental Management LLC and ADM Equity, LLC",Dental services provider,"First lien senior secured loan ($18,750 par due 1/2022)",9.27% (Libor + 8.27%/Q),1/5/2016,18750.0,18750
12,"Absolute Dental Management LLC and ADM Equity, LLC",Dental services provider,"First lien senior secured loan ($5,000 par due 1/2022)",9.27% (Libor + 8.27%/Q),1/5/2016,5000.0,5000
13,"Absolute Dental Management LLC and ADM Equity, LLC",Dental services provider,"Class A preferred units (4,000,000 units)",0,1/5/2016,4000.0,4000
14,"Absolute Dental Management LLC and ADM Equity, LLC",Dental services provider,"Class A common units (4,000,000 units)",0,1/5/2016,0.0,0
15,Alegeus Technologies Holdings Corp.,Benefits administration and transaction processing provider,"Preferred stock (2,997 shares)",0,12/13/2013,3087.0,1782
16,Alegeus Technologies Holdings Corp.,Benefits administration and transaction processing provider,Common stock (3 shares),0,12/13/2013,3.0,0
17,"American Academy Holdings, LLC","Provider of education, training, certification, networking, and consulting services to medical coders and other healthcare professionals","First lien senior secured loan ($8,810 par due 6/2019)",7.00% (Libor + 6.00%/Q),6/27/2014,8810.0,8810
18,"American Academy Holdings, LLC","Provider of education, training, certification, networking, and consulting services to medical coders and other healthcare professionals","First lien senior secured loan ($52,039 par due 6/2019)",7.00% (Libor + 6.00%/Q),6/27/2014,52039.0,52039
19,"American Academy Holdings, LLC","Provider of education, training, certification, networking, and consulting services to medical coders and other healthcare professionals","First lien senior secured loan ($2,801 par due 6/2019)",4.00% (Libor + 3.00%/Q),6/27/2014,2801.0,2801
20,"Argon Medical Devices, Inc.",Manufacturer and marketer of single-use specialty medical devices,"Second lien senior secured loan ($9,000 par due 6/2022)",10.50% (Libor + 9.50%/Q),12/23/2015,8740.0,9000
21,AwarePoint Corporation,Healthcare technology platform developer,"First lien senior secured loan ($9,474 par due 6/2018)",9.50%,9/5/2014,9418.0,9474
22,AwarePoint Corporation,Healthcare technology platform developer,"Warrant to purchase up to 3,213,367 shares of Series 1 preferred stock",0,11/14/2014,0.0,609
23,"CCS Intermediate Holdings, LLC and CCS Group Holdings, LLC (25)",Correctional facility healthcare operator,"First lien senior secured revolving loan ($3,750 par due 7/2019)",5.00% (Libor + 4.00%/Q),7/23/2014,3750.0,3487
24,"CCS Intermediate Holdings, LLC and CCS Group Holdings, LLC (25)",Correctional facility healthcare operator,"First lien senior secured revolving loan ($1,500 par due 7/2019)",6.50%(Base Rate + 3.00%/Q),7/23/2014,1500.0,1395
25,"CCS Intermediate Holdings, LLC and CCS Group Holdings, LLC (25)",Correctional facility healthcare operator,"First lien senior secured loan ($6,635 par due 7/2021)",5.00% (Libor + 4.00%/Q),7/23/2014,6610.0,6170
26,"CCS Intermediate Holdings, LLC and CCS Group Holdings, LLC (25)",Correctional facility healthcare operator,"Second lien senior secured loan ($135,000 par due 7/2022)",9.38% (Libor + 8.38%/Q),7/23/2014,133932.0,121500
27,"CCS Intermediate Holdings, LLC and CCS Group Holdings, LLC (25)",Correctional facility healthcare operator,"Class A units (601,937 units)",0,8/19/2010,0.0,661
28,"Correctional Medical Group Companies, Inc. (25)",Correctional facility healthcare operator,"First lien senior secured loan ($3,088 par due 9/2021)",9.59% (Libor + 8.59%/Q),9/29/2015,3088.0,3088
29,"Correctional Medical Group Companies, Inc. (25)",Correctional facility healthcare operator,"First lien senior secured loan ($4,093 par due 9/2021)",9.59% (Libor + 8.59%/Q),9/29/2015,4093.0,4093
30,"Correctional Medical Group Companies, Inc. (25)",Correctional facility healthcare operator,"First lien senior secured loan ($44,707 par due 9/2021)",9.59% (Libor + 8.59%/Q),9/29/2015,44707.0,44707
31,"DCA Investment Holding, LLC (25)",Multi-branded dental practice management,"First lien senior secured revolving loan ($1,605 par due 7/2021)",7.75%(Base Rate + 4.25%/Q),7/2/2015,1605.0,1572
32,"DCA Investment Holding, LLC (25)",Multi-branded dental practice management,"First lien senior secured loan ($19,041 par due 7/2021)",6.25% (Libor + 5.25%/Q),7/2/2015,18887.0,18660
33,"DNAnexus, Inc.",Bioinformatics company,"First lien senior secured loan ($10,500 par due 10/2018)",9.25% (Libor + 8.25%/M),3/21/2014,10232.0,10500
34,"DNAnexus, Inc.",Bioinformatics company,"Warrant to purchase up to 909,092 units of Series C preferred stock",0,3/21/2014,0.0,250
35,"Global Healthcare Exchange, LLC and GHX Ultimate Parent Corp.",On-demand supply chain automation solutions provider,"Class A common stock (2,991 shares)",0,3/11/2014,2991.0,2991
36,"Global Healthcare Exchange, LLC and GHX Ultimate Parent Corp.",On-demand supply chain automation solutions provider,Class B common stock (980 shares),0,3/11/2014,30.0,4735
37,"Greenphire, Inc. and RMCF III CIV XXIX, L.P (25)",Software provider for clinical trial management,"First lien senior secured loan ($4,000 par due 12/2018)",9.00% (Libor + 8.00%/M),12/19/2014,4000.0,4000
38,"Greenphire, Inc. and RMCF III CIV XXIX, L.P (25)",Software provider for clinical trial management,Limited partnership interest (99.90% interest),0,12/19/2014,999.0,999
39,"INC Research Mezzanine Co-Invest, LLC",Pharmaceutical and biotechnology consulting services,"Common units (1,410,000 units)",0,9/27/2010,0.0,2796
40,Intermedix Corporation,Revenue cycle management provider to the emergency healthcare industry,"Second lien senior secured loan ($112,000 par due 6/2020)",9.25% (Libor + 8.25%/Q),12/27/2012,112000.0,107520
41,"LM Acquisition Holdings, LLC (9)",Developer and manufacturer of medical equipment,Class A units (426 units),0,9/27/2013,660.0,1725
42,"MC Acquisition Holdings I, LLC",Healthcare professional provider,"Class A units (1,338,314 shares)",0,1/17/2014,1338.0,1352
43,MW Dental Holding Corp. (25),Dental services provider,"First lien senior secured revolving loan ($2,000 par due 4/2018)",8.50% (Libor + 7.00%/Q),4/12/2011,2000.0,2000
44,MW Dental Holding Corp. (25),Dental services provider,"First lien senior secured loan ($50,219 par due 4/2018)",8.50% (Libor + 7.00%/Q),4/12/2011,50219.0,50219
45,MW Dental Holding Corp. (25),Dental services provider,"First lien senior secured loan ($47,620 par due 4/2018)",8.50% (Libor + 7.00%/Q),4/12/2011,47620.0,47620
46,MW Dental Holding Corp. (25),Dental services provider,"First lien senior secured loan ($19,693 par due 4/2018)",8.50% (Libor + 7.00%/Q),4/12/2011,19693.0,19693
47,"My Health Direct, Inc. (25)",Healthcare scheduling exchange software solution provider,"First lien senior secured loan ($2,200 par due 1/2018)",10.75%,9/18/2014,2162.0,2200
48,"My Health Direct, Inc. (25)",Healthcare scheduling exchange software solution provider,"Warrant to purchase up to 4,548 shares of Series D preferred stock",0,9/18/2014,39.0,40
49,Napa Management Services Corporation,Anesthesia management services provider,"First lien senior secured loan ($16,000 par due 2/2019)",9.95% (Libor + 8.95%/Q),4/15/2011,16000.0,16000
50,Napa Management Services Corporation,Anesthesia management services provider,"First lien senior secured loan ($54,000 par due 2/2019)",9.95% (Libor + 8.95%/Q),4/15/2011,53967.0,54000
51,Napa Management Services Corporation,Anesthesia management services provider,"Common units (5,345 units)",0,4/15/2011,5764.0,20035
52,"Netsmart Technologies, Inc. and NS Holdings, Inc.",Healthcare technology provider,"Second lien senior secured loan ($90,000 par due 8/2019)",10.50% (Libor + 9.50%/Q),2/27/2015,90000.0,90000
53,"Netsmart Technologies, Inc. and NS Holdings, Inc.",Healthcare technology provider,"Common stock (2,500,000 shares)",0,6/21/2010,760.0,8891
54,"New Trident Holdcorp, Inc.",Outsourced mobile diagnostic healthcare service provider,"Second lien senior secured loan ($80,000 par due 7/2020)",10.25% (Libor + 9.00%/Q),8/6/2013,78965.0,76800
55,"Nodality, Inc.",Biotechnology company,"First lien senior secured loan ($2,266 par due 5/2016)",0,11/12/2015,2173.0,2266
56,"Nodality, Inc.",Biotechnology company,"First lien senior secured loan ($10,365 par due 5/2016)",0,4/25/2014,9694.0,1555
57,"Nodality, Inc.",Biotechnology company,"Warrant to purchase up to 225,746 shares of Series B preferred stock",0,4/25/2014,0.0,0
58,"OmniSYS Acquisition Corporation, OmniSYS, LLC, and OSYS Holdings, LLC (25)",Provider of technology-enabled solutions to pharmacies,"First lien senior secured loan ($12,204 par due 11/2018)",8.50% (Libor + 7.50%/Q),11/21/2013,12204.0,12204
59,"OmniSYS Acquisition Corporation, OmniSYS, LLC, and OSYS Holdings, LLC (25)",Provider of technology-enabled solutions to pharmacies,"First lien senior secured loan ($6,858 par due 11/2018)",8.50% (Libor + 7.50%/Q),11/21/2013,6858.0,6858
60,"OmniSYS Acquisition Corporation, OmniSYS, LLC, and OSYS Holdings, LLC (25)",Provider of technology-enabled solutions to pharmacies,Limited liability company membership interest (1.57%),0,11/21/2013,1000.0,1051
61,"Patterson Medical Supply, Inc.",Distributor of rehabilitation supplies and equipment,"Second lien senior secured loan ($19,000 par due 8/2023)",8.75% (Libor + 7.75%/Q),9/2/2015,18822.0,18430
62,"PerfectServe, Inc. (25)",Communications software platform provider for hospitals and physician practices,"First lien senior secured loan ($9,000 par due 3/2020)",9.00% (Libor + 8.00%/M),9/15/2015,8680.0,9000
63,"PerfectServe, Inc. (25)",Communications software platform provider for hospitals and physician practices,"First lien senior secured loan ($2,000 par due 7/2020)",9.00% (Libor + 8.00%/M),9/15/2015,1962.0,2000
64,"PerfectServe, Inc. (25)",Communications software platform provider for hospitals and physician practices,"First lien senior secured loan ($1,000 par due 6/2021)",9.00% (Libor + 8.00%/M),9/15/2015,980.0,1000
65,"PerfectServe, Inc. (25)",Communications software platform provider for hospitals and physician practices,"Warrant to purchase up to 28,428 shares of Series C preferred stock",0,9/15/2015,180.0,211
66,"PerfectServe, Inc. (25)",Communications software platform provider for hospitals and physician practices,"Warrant to purchase up to 34,113 units of Series C preferred stock",0,12/26/2013,0.0,253
67,PhyMED Management LLC,Provider of anesthesia services,"Second lien senior secured loan ($47,239 par due 5/2021)",9.75% (Libor + 8.75%/Q),12/18/2015,46549.0,44877
68,"POS I Corp. (fka Vantage Oncology, Inc.)",Radiation oncology care provider,"Common stock (62,157 shares)",0,2/3/2011,4670.0,3254
69,"Respicardia, Inc.",Developer of implantable therapies to improve cardiovascular health,"Warrant to purchase up to 99,094 shares of Series C preferred stock",0,6/28/2012,38.0,28
70,"Sage Products Holdings III, LLC",Patient infection control and preventive care solutions provider,"Second lien senior secured loan ($108,679 par due 6/2020)",9.25% (Libor + 8.00%/Q),12/13/2012,108523.0,108679
71,"Sarnova HC, LLC, Tri-Anim Health Services, Inc., and BEMS Holdings, LLC",Distributor of emergency medical service and respiratory products,"Second lien senior secured loan ($54,000 par due 7/2022)",10.50% (Libor + 9.50%/Q),1/29/2016,54000.0,54000
72,"Transaction Data Systems, Inc.",Pharmacy management software provider,"Second lien senior secured loan ($27,500 par due 6/2022)",9.25% (Libor + 8.25%/Q),6/15/2015,27500.0,26950
73,"U.S. Anesthesia Partners, Inc.",Anesthesiology service provider,"Second lien senior secured loan ($23,500 par due 9/2020)",10.25% (Libor + 9.25%/Q),12/14/2015,23500.0,23500
74,"U.S. Anesthesia Partners, Inc.",Anesthesiology service provider,"Second lien senior secured loan ($50,000 par due 9/2020)",10.25% (Libor + 9.25%/Q),9/24/2014,50000.0,50000
75,"Urgent Cares of America Holdings I, LLC and FastMed Holdings I, LLC (25)",Operator of urgent care clinics,"First lien senior secured loan ($13,965 par due 12/2022)",7.00% (Libor + 6.00%/Q),12/1/2015,13965.0,13685
76,"Urgent Cares of America Holdings I, LLC and FastMed Holdings I, LLC (25)",Operator of urgent care clinics,"First lien senior secured loan ($54,588 par due 12/2022)",7.00% (Libor + 6.00%/Q),12/1/2015,54588.0,53496
77,"Urgent Cares of America Holdings I, LLC and FastMed Holdings I, LLC (25)",Operator of urgent care clinics,"Preferred units (7,494,819 units)",0,6/11/2015,7495.0,7907
78,"Urgent Cares of America Holdings I, LLC and FastMed Holdings I, LLC (25)",Operator of urgent care clinics,"Series A common units (2,000,000 units)",0,6/11/2015,2000.0,1262
79,"Urgent Cares of America Holdings I, LLC and FastMed Holdings I, LLC (25)",Operator of urgent care clinics,"Series C common units (999,943 units)",0,6/11/2015,0.0,516
80,"VistaPharm, Inc. and Vertice Pharma UK Parent Limited",Manufacturer and distributor of generic pharmaceutical products,"First lien senior secured loan ($5,137 par due 12/2021)",6.50% (Libor + 5.50%/Q),12/21/2015,5137.0,5137
81,"VistaPharm, Inc. and Vertice Pharma UK Parent Limited",Manufacturer and distributor of generic pharmaceutical products,"Preferred shares (40,662 shares)",0,12/21/2015,407.0,418
82,"Young Innovations, Inc.",Dental supplies and equipment manufacturer,"Second lien senior secured loan ($45,000 par due 7/2019)",9.00% (Libor + 8.00%/Q),5/30/2014,45000.0,45000
83,American Residential Services L.L.C.,"Heating, ventilation and air conditioning services provider","Second lien senior secured loan ($50,000 par due 12/2021)",8.50% (Libor + 7.50%/Q),6/30/2014,49617.0,50000
84,"Community Education Centers, Inc. and CEC Parent Holdings LLC (8)",Offender re-entry and in-prison treatment services provider,"First lien senior secured loan ($13,612 par due 12/2017)",6.25% (Libor + 5.25%/Q),12/10/2010,13612.0,13612
85,"Community Education Centers, Inc. and CEC Parent Holdings LLC (8)",Offender re-entry and in-prison treatment services provider,First lien senior secured loan ($673 par due 12/2017),7.75%(Base Rate + 4.25%/Q),12/10/2010,673.0,673
86,"Community Education Centers, Inc. and CEC Parent Holdings LLC (8)",Offender re-entry and in-prison treatment services provider,"Second lien senior secured loan ($21,895 par due 6/2018)",15.62% (Libor + 15.00%/Q),12/10/2010,21895.0,21895
87,"Community Education Centers, Inc. and CEC Parent Holdings LLC (8)",Offender re-entry and in-prison treatment services provider,"Class A senior preferred units (7,846 units)",0,3/27/2015,9384.0,10150
88,"Community Education Centers, Inc. and CEC Parent Holdings LLC (8)",Offender re-entry and in-prison treatment services provider,"Class A junior preferred units (26,154 units)",0,3/27/2015,20168.0,16310
89,"Community Education Centers, Inc. and CEC Parent Holdings LLC (8)",Offender re-entry and in-prison treatment services provider,Class A common units (134 units),0,3/27/2015,0.0,0
90,"Competitor Group, Inc., Calera XVI, LLC and Champion Parent Corporation (8)(25)",Endurance sports media and event operator,"First lien senior secured revolving loan ($4,476 par due 11/2018)",5.00% (Libor + 3.75%/Q),11/30/2012,4472.0,4476
91,"Competitor Group, Inc., Calera XVI, LLC and Champion Parent Corporation (8)(25)",Endurance sports media and event operator,"First lien senior secured loan ($38,063 par due 11/2018)",5.00% (Libor + 3.75%/Q),11/30/2012,38028.0,38063
92,"Competitor Group, Inc., Calera XVI, LLC and Champion Parent Corporation (8)(25)",Endurance sports media and event operator,"Preferred shares (18,875 shares)",0,3/25/2016,15966.0,508
93,"Competitor Group, Inc., Calera XVI, LLC and Champion Parent Corporation (8)(25)",Endurance sports media and event operator,"Membership units (2,522,512 units)",0,11/30/2012,2523.0,0
94,"Competitor Group, Inc., Calera XVI, LLC and Champion Parent Corporation (8)(25)",Endurance sports media and event operator,"Common shares (114,000 shares)",0,3/25/2016,0.0,0
95,"Crown Health Care Laundry Services, Inc. and Crown Laundry Holdings, LLC (7)(25)",Provider of outsourced healthcare linen management solutions,"First lien senior secured revolving loan ($1,700 par due 3/2019)",7.25% (Libor + 6.00%/Q),3/13/2014,1700.0,1700
96,"Crown Health Care Laundry Services, Inc. and Crown Laundry Holdings, LLC (7)(25)",Provider of outsourced healthcare linen management solutions,"First lien senior secured loan ($18,323 par due 3/2019)",7.25% (Libor + 6.00%/Q),3/13/2014,18323.0,18323
97,"Crown Health Care Laundry Services, Inc. and Crown Laundry Holdings, LLC (7)(25)",Provider of outsourced healthcare linen management solutions,"Class A preferred units (2,475,000 units)",0,3/13/2014,2475.0,3112
98,"Crown Health Care Laundry Services, Inc. and Crown Laundry Holdings, LLC (7)(25)",Provider of outsourced healthcare linen management solutions,"Class B common units (275,000 units)",0,3/13/2014,275.0,345
99,"Dwyer Acquisition Parent, Inc. and TDG Group Holding Company",Operator of multiple franchise concepts primarily related to home maintenance or repairs,"Senior subordinated loan ($31,500 par due 2/2020)",11.00%,6/12/2015,31500.0,31500
100,"Dwyer Acquisition Parent, Inc. and TDG Group Holding Company",Operator of multiple franchise concepts primarily related to home maintenance or repairs,"Senior subordinated loan ($52,670 par due 2/2020)",11.00%,8/15/2014,52670.0,52670
101,"Dwyer Acquisition Parent, Inc. and TDG Group Holding Company",Operator of multiple franchise concepts primarily related to home maintenance or repairs,"Common stock (32,843 shares)",0,8/15/2014,3378.0,4403
102,"Massage Envy, LLC (25)",Franchisor in the massage industry,"First lien senior secured loan ($8,016 par due 9/2018)",8.50% (Libor + 7.25%/Q),9/27/2012,8016.0,8016
103,"Massage Envy, LLC (25)",Franchisor in the massage industry,"First lien senior secured loan ($46,429 par due 9/2018)",8.50% (Libor + 7.25%/Q),9/27/2012,46429.0,46429
104,"Massage Envy, LLC (25)",Franchisor in the massage industry,"First lien senior secured loan ($19,467 par due 9/2018)",8.50% (Libor + 7.25%/Q),9/27/2012,19467.0,19467
105,"Massage Envy, LLC (25)",Franchisor in the massage industry,"Common stock (3,000,000 shares)",0,9/27/2012,3000.0,5378
106,"McKenzie Sports Products, LLC (25)","Designer, manufacturer and distributor of hunting-related supplies","First lien senior secured loan ($39,500 par due 9/2020)",6.75% (Libor + 5.75%/Q),9/18/2014,39500.0,37920
107,"McKenzie Sports Products, LLC (25)","Designer, manufacturer and distributor of hunting-related supplies","First lien senior secured loan ($45,000 par due 9/2020)",6.75% (Libor + 5.75%/Q),9/18/2014,45000.0,43200
108,"OpenSky Project, Inc. and OSP Holdings, Inc.",Social commerce platform operator,"First lien senior secured loan ($1,800 par due 9/2017)",10.00%,6/4/2014,1788.0,1800
109,"OpenSky Project, Inc. and OSP Holdings, Inc.",Social commerce platform operator,"Warrant to purchase up to 159,496 shares of Series D preferred stock",0,6/29/2015,48.0,0
110,"Osmose Holdings, Inc.",Provider of structural integrity management services to transmission and distribution infrastructure,"Second lien senior secured loan ($25,000 par due 8/2023)",8.75% (Libor + 7.75%/Q),9/3/2015,24536.0,24250
111,"PODS, LLC",Storage and warehousing,"Second lien senior secured loan ($17,500 par due 2/2023)",9.25% (Libor + 8.25%/Q),2/2/2015,17349.0,17500
112,"SocialFlow, Inc.",Social media optimization platform provider,"First lien senior secured loan ($4,000 par due 8/2019)",9.50% (Libor + 8.50%/M),1/29/2016,3905.0,4000
113,"SocialFlow, Inc.",Social media optimization platform provider,"Warrant to purchase up to 215,331 shares of Series C preferred stock",0,1/29/2016,0.0,25
114,Spin HoldCo Inc.,Laundry service and equipment provider,"Second lien senior secured loan ($140,000 par due 5/2020)",8.00% (Libor + 7.00%/Q),5/14/2013,140000.0,133000
115,"Surface Dive, Inc.",SCUBA diver training and certification provider,"Second lien senior secured loan ($53,686 par due 1/2022)",9.00% (Libor + 8.00%/Q),7/28/2015,53686.0,53686
116,"Surface Dive, Inc.",SCUBA diver training and certification provider,"Second lien senior secured loan ($72,000 par due 1/2022)",10.25% (Libor + 9.25%/Q),1/29/2015,71628.0,72000
117,"TWH Water Treatment Industries, Inc., TWH Filtration Industries, Inc. and TWH Infrastructure Industries, Inc. (25)","Wastewater infrastructure repair, treatment and filtration holding company","First lien senior secured loan ($5,370 par due 10/2019)",10.25% (Libor + 9.25%/Q),10/10/2014,5370.0,5370
118,"TWH Water Treatment Industries, Inc., TWH Filtration Industries, Inc. and TWH Infrastructure Industries, Inc. (25)","Wastewater infrastructure repair, treatment and filtration holding company","First lien senior secured loan ($36,400 par due 10/2019)",10.25% (Libor + 9.25%/Q),10/10/2014,36400.0,36400
119,"U.S. Security Associates Holdings, Inc",Security guard service provider,"Second lien senior secured loan ($25,000 par due 7/2018)",11.00%,11/24/2015,25000.0,25000
120,WASH Multifamily Acquisition Inc. and Coinamatic Canada Inc.,Laundry service and equipment provider,"Second lien senior secured loan ($3,726 par due 5/2023)",8.00% (Libor + 7.00%/Q),5/14/2015,3659.0,3539
121,WASH Multifamily Acquisition Inc. and Coinamatic Canada Inc.,Laundry service and equipment provider,"Second lien senior secured loan ($21,274 par due 5/2023)",8.00% (Libor + 7.00%/Q),5/14/2015,20893.0,20210
122,Wrench Group LLC,Provider of essential home services to residential customers,"First lien senior secured loan ($10,000 par due 3/2022)",7.75%(Base Rate + 4.25%/Q),3/2/2016,10000.0,10000
123,"Feradyne Outdoors, LLC and Bowhunter Holdings, LLC",Provider of branded archery and bowhunting accessories,"First lien senior secured loan ($4,500 par due 3/2019)",4.00% (Libor + 3.00%/Q),4/24/2014,4500.0,4365
124,"Feradyne Outdoors, LLC and Bowhunter Holdings, LLC",Provider of branded archery and bowhunting accessories,"First lien senior secured loan ($9,500 par due 3/2019)",6.55% (Libor + 5.55%/Q),4/24/2014,9500.0,9120
125,"Feradyne Outdoors, LLC and Bowhunter Holdings, LLC",Provider of branded archery and bowhunting accessories,"First lien senior secured loan ($6,710 par due 3/2019)",4.00% (Libor + 3.00%/Q),4/24/2014,6710.0,6508
126,"Feradyne Outdoors, LLC and Bowhunter Holdings, LLC",Provider of branded archery and bowhunting accessories,"First lien senior secured loan ($50,100 par due 3/2019)",6.55% (Libor + 5.55%/Q),4/24/2014,50100.0,48096
127,"Feradyne Outdoors, LLC and Bowhunter Holdings, LLC",Provider of branded archery and bowhunting accessories,Common units (300 units),0,4/24/2014,3733.0,3574
128,Indra Holdings Corp.,"Designer, marketer, and distributor of rain and cold weather products","Second lien senior secured loan ($80,000 par due 11/2021)",8.50% (Libor + 7.50%/Q),5/1/2014,79030.0,66400
129,"Matrixx Initiatives, Inc. and Wonder Holdings Acquisition Corp.",Developer and marketer of OTC healthcare products,"Warrant to purchase up to 1,120 shares of preferred stock",0,7/27/2011,0.0,1369
130,"Matrixx Initiatives, Inc. and Wonder Holdings Acquisition Corp.",Developer and marketer of OTC healthcare products,"Warrant to purchase up to 1,654,678 shares of common stock",0,7/27/2011,0.0,613
131,"Oak Parent, Inc.",Manufacturer of athletic apparel,"First lien senior secured loan ($2,493 par due 4/2018)",7.61% (Libor + 7.00%/Q),4/2/2012,2490.0,2493
132,"Oak Parent, Inc.",Manufacturer of athletic apparel,"First lien senior secured loan ($7,937 par due 4/2018)",7.61% (Libor + 7.00%/Q),4/2/2012,7923.0,7937
133,"PG-ACP Co-Invest, LLC","Supplier of medical uniforms, specialized medical footwear and accessories","Class A membership units (1,000,0000 units)",0,8/29/2012,1000.0,2151
134,"Plantation Products, LLC, Seed Holdings, Inc. and Flora Parent, Inc.",Provider of branded lawn and garden products,"Second lien senior secured loan ($2,000 par due 6/2021)",9.54% (Libor + 8.54%/Q),12/23/2014,1996.0,2000
135,"Plantation Products, LLC, Seed Holdings, Inc. and Flora Parent, Inc.",Provider of branded lawn and garden products,"Second lien senior secured loan ($54,000 par due 6/2021)",9.54% (Libor + 8.54%/Q),12/23/2014,53749.0,54000
136,"Plantation Products, LLC, Seed Holdings, Inc. and Flora Parent, Inc.",Provider of branded lawn and garden products,"Second lien senior secured loan ($10,000 par due 6/2021)",9.54% (Libor + 8.54%/Q),12/23/2014,9957.0,10000
137,"Plantation Products, LLC, Seed Holdings, Inc. and Flora Parent, Inc.",Provider of branded lawn and garden products,"Common stock (30,000 shares)",0,12/23/2014,3000.0,4623
138,SHO Holding I Corporation,Manufacturer and distributor of slip resistant footwear,"Second lien senior secured loan ($100,000 par due 4/2023)",9.50% (Libor + 8.50%/Q),10/27/2015,97582.0,98000
139,"Shock Doctor, Inc. and Shock Doctor Holdings, LLC (7)","Developer, marketer and distributor of sports protection equipment and accessories.","Second lien senior secured loan ($35,425 par due 10/2021)",11.50% (Libor + 10.50%/Q),4/22/2015,35425.0,35425
140,"Shock Doctor, Inc. and Shock Doctor Holdings, LLC (7)","Developer, marketer and distributor of sports protection equipment and accessories.","Second lien senior secured loan ($54,000 par due 10/2021)",11.50% (Libor + 10.50%/Q),4/22/2015,54000.0,54000
141,"Shock Doctor, Inc. and Shock Doctor Holdings, LLC (7)","Developer, marketer and distributor of sports protection equipment and accessories.","Class A preferred units (50,000 units)",0,3/14/2014,5000.0,5245
142,"Shock Doctor, Inc. and Shock Doctor Holdings, LLC (7)","Developer, marketer and distributor of sports protection equipment and accessories.","Class C preferred units (50,000 units)",0,4/22/2015,5000.0,5245
143,The Hygenic Corporation,"Designer, manufacturer and marketer of branded wellness products","Second lien senior secured loan ($70,000 par due 4/2021)",9.75% (Libor + 8.75%/Q),2/27/2015,70000.0,67900
144,"The Step2 Company, LLC (8)",Toy manufacturer,"Second lien senior secured loan ($27,583 par due 9/2019)",10.00%,4/1/2010,27489.0,27583
145,"The Step2 Company, LLC (8)",Toy manufacturer,"Second lien senior secured loan ($4,500 par due 9/2019)",10.00%,3/13/2014,4500.0,4500
146,"The Step2 Company, LLC (8)",Toy manufacturer,"Second lien senior secured loan ($44,906 par due 9/2019)",0,4/1/2010,30802.0,20892
147,"The Step2 Company, LLC (8)",Toy manufacturer,"Common units (1,116,879 units)",0,4/1/2011,24.0,0
148,"The Step2 Company, LLC (8)",Toy manufacturer,"Class B common units (126,278,000 units)",0,10/30/2014,0.0,0
149,"The Step2 Company, LLC (8)",Toy manufacturer,"Warrant to purchase up to 3,157,895 units",0,4/1/2010,0.0,0
150,"Varsity Brands Holding Co., Inc., Hercules Achievement, Inc., Hercules Achievement Holdings, Inc. and Hercules VB Holdings, Inc.","Leading manufacturer and distributor of textiles, apparel & luxury goods","Second lien senior secured loan ($55,576 par due 12/2022)",9.75% (Libor + 8.75%/Q),12/11/2014,55108.0,55576
151,"Varsity Brands Holding Co., Inc., Hercules Achievement, Inc., Hercules Achievement Holdings, Inc. and Hercules VB Holdings, Inc.","Leading manufacturer and distributor of textiles, apparel & luxury goods","Second lien senior secured loan ($91,697 par due 12/2022)",9.75% (Libor + 8.75%/Q),12/11/2014,90930.0,91697
152,"Varsity Brands Holding Co., Inc., Hercules Achievement, Inc., Hercules Achievement Holdings, Inc. and Hercules VB Holdings, Inc.","Leading manufacturer and distributor of textiles, apparel & luxury goods","Common stock (3,353,370 shares)",0,12/11/2014,3353.0,4816
153,"Varsity Brands Holding Co., Inc., Hercules Achievement, Inc., Hercules Achievement Holdings, Inc. and Hercules VB Holdings, Inc.","Leading manufacturer and distributor of textiles, apparel & luxury goods","Common stock (3,353,371 shares)",0,12/11/2014,4147.0,5955
154,"Alphabet Energy, Inc.",Technology developer to convert waste-heat into electricity,"First lien senior secured loan ($3,900 par due 8/2017)",12.50% (Libor + 11.50%/M),12/16/2013,3787.0,3549
155,"Alphabet Energy, Inc.",Technology developer to convert waste-heat into electricity,"Series B preferred stock (74,449 shares)",0,2/26/2014,250.0,127
156,"Alphabet Energy, Inc.",Technology developer to convert waste-heat into electricity,"Warrant to purchase up to 59,524 units of Series B preferred stock",0,12/16/2013,146.0,101
157,Bicent (California) Holdings LLC,Gas turbine power generation facilities operator,"Senior subordinated loan ($49,507 par due 2/2021)",8.25% (Libor + 7.25%/Q),2/6/2014,49507.0,49507
158,"Brush Power, LLC",Gas turbine power generation facilities operator,"First lien senior secured loan ($44,740 par due 8/2020)",6.25% (Libor + 5.25%/Q),8/1/2013,44740.0,44740
159,"Brush Power, LLC",Gas turbine power generation facilities operator,First lien senior secured loan ($124 par due 8/2020),7.75%(Base Rate + 4.25%/Q),8/1/2013,124.0,124
160,"Brush Power, LLC",Gas turbine power generation facilities operator,"First lien senior secured loan ($2,266 par due 8/2020)",6.25% (Libor + 5.25%/Q),8/1/2013,2266.0,2266
161,"Brush Power, LLC",Gas turbine power generation facilities operator,First lien senior secured loan ($6 par due 8/2020),7.75%(Base Rate + 4.25%/Q),8/1/2013,6.0,6
162,"Brush Power, LLC",Gas turbine power generation facilities operator,"First lien senior secured loan ($9,693 par due 8/2020)",6.25% (Libor + 5.25%/Q),8/1/2013,9693.0,9693
163,"Brush Power, LLC",Gas turbine power generation facilities operator,First lien senior secured loan ($27 par due 8/2020),7.75%(Base Rate + 4.25%/Q),8/1/2013,27.0,27
164,"CEI Kings Mountain Investor, LP",Gas turbine power generation facilities operator,"Senior subordinated loan ($30,024 par due 3/2017)",11.00% PIK,3/11/2016,29917.0,30024
165,"CPV Maryland Holding Company II, LLC",Gas turbine power generation facilities operator,"Senior subordinated loan ($44,460 par due 12/2020)",10.00%,8/8/2014,44460.0,41570
166,"CPV Maryland Holding Company II, LLC",Gas turbine power generation facilities operator,Warrant to purchase up to 4 units of common stock,0,8/8/2014,0.0,0
167,"DESRI VI Management Holdings, LLC",Wind power generation facility operator,"Senior subordinated loan ($25,000 par due 12/2021)",9.75%,12/24/2014,25000.0,25000
168,"DESRI VI Management Holdings, LLC",Wind power generation facility operator,Non-Controlling units (10.0 units),0,12/24/2014,1483.0,1652
169,"Grant Wind Holdings II, LLC",Wind power generation facility,"Senior subordinated loan ($23,400 par due 7/2016)",10.00%,9/8/2015,23400.0,24195
170,"Green Energy Partners, Stonewall LLC and Panda Stonewall Intermediate Holdings II LLC",Gas turbine power generation facilities operator,"First lien senior secured loan ($25,000 par due 11/2021)",6.50% (Libor + 5.50%/Q),11/13/2014,24764.0,23125
171,"Green Energy Partners, Stonewall LLC and Panda Stonewall Intermediate Holdings II LLC",Gas turbine power generation facilities operator,"Senior subordinated loan ($18,754 par due 12/2021)","8.00% Cash, 5.25% PIK",11/13/2014,18754.0,17722
172,"Green Energy Partners, Stonewall LLC and Panda Stonewall Intermediate Holdings II LLC",Gas turbine power generation facilities operator,"Senior subordinated loan ($87,667 par due 12/2021)","8.00% Cash, 5.25% PIK",11/13/2014,87667.0,82845
173,"Joule Unlimited Technologies, Inc. and Stichting Joule Global Foundation",Renewable fuel and chemical production developer,"First lien senior secured loan ($9,394 par due 10/2018)",10.00% (Libor + 9.00%/M),3/31/2015,9293.0,7985
174,"Joule Unlimited Technologies, Inc. and Stichting Joule Global Foundation",Renewable fuel and chemical production developer,"Warrant to purchase up to 32,051 shares of Series C-2 preferred stock",0,7/25/2013,0.0,0
175,"La Paloma Generating Company, LLC","Natural gas fired, combined cycle plant operator","Second lien senior secured loan ($10,000 par due 2/2020)",0,2/20/2014,9235.0,2100
176,Moxie Liberty LLC,Gas turbine power generation facilities operator,"First lien senior secured loan ($35,000 par due 8/2020)",7.50% (Libor + 6.50%/Q),8/21/2013,34729.0,33250
177,Moxie Patriot LLC,Gas turbine power generation facilities operator,"First lien senior secured loan ($35,000 par due 12/2020)",6.75% (Libor + 5.75%/Q),12/19/2013,34734.0,32375
178,Panda Power Annex Fund Hummel Holdings II LLC,Gas turbine power generation facilities operator,"Senior subordinated loan ($75,820 par due 10/2016)",12.00% PIK,10/27/2015,75471.0,75820
179,"Panda Sherman Power, LLC",Gas turbine power generation facilities operator,"First lien senior secured loan ($32,023 par due 9/2018)",9.00% (Libor + 7.50%/Q),9/14/2012,32023.0,28180
180,"Panda Temple Power II, LLC",Gas turbine power generation facilities operator,"First lien senior secured loan ($19,950 par due 4/2019)",7.25% (Libor + 6.00%/Q),4/3/2013,19846.0,16758
181,"Panda Temple Power, LLC",Gas turbine power generation facilities operator,"First lien senior secured loan ($24,750 par due 3/2022)",7.25% (Libor + 6.25%/Q),3/6/2015,23641.0,20295
182,PERC Holdings 1 LLC,"Operator of recycled energy, combined heat and power, and energy efficiency facilities","Class B common units (21,653,543 units)",0,10/20/2014,21654.0,21654
183,2329497 Ontario Inc. (9),Outsourced data center infrastructure and related services provider,"Second lien senior secured loan ($34,673 par due 6/2019)",10.50% (Libor + 9.25%/Q),12/13/2013,43054.0,27738
184,Brandtone Holdings Limited (9),Mobile communications and marketing services provider,"First lien senior secured loan ($5,340 par due 11/2018)",9.50% (Libor + 8.50%/M),5/11/2015,5219.0,5340
185,Brandtone Holdings Limited (9),Mobile communications and marketing services provider,"First lien senior secured loan ($3,296 par due 1/2019)",9.50% (Libor + 8.50%/M),5/11/2015,3216.0,3296
186,Brandtone Holdings Limited (9),Mobile communications and marketing services provider,"Warrant to purchase up to 115,002 units of Series Three participating convertible preferred ordinary shares",0,5/11/2015,0.0,1
187,"CallMiner, Inc.",Provider of cloud-based conversational analytics solutions,"First lien senior secured loan ($3,152 par due 5/2018)",10.00%,7/23/2014,3139.0,3152
188,"CallMiner, Inc.",Provider of cloud-based conversational analytics solutions,"First lien senior secured loan ($1,758 par due 9/2018)",10.00%,7/23/2014,1749.0,1758
189,"CallMiner, Inc.",Provider of cloud-based conversational analytics solutions,"Warrant to purchase up to 2,350,636 shares of Series 1 preferred stock",0,7/23/2014,0.0,0
190,"CIBT Holdings, Inc. and CIBT Investment Holdings, LLC (25)",Expedited travel document processing services,"Class A shares (2,500 shares)",0,12/15/2011,2500.0,4759
191,"CMW Parent LLC (fka Black Arrow, Inc.)",Multiplatform media firm,Series A units (32 units),0,9/11/2015,0.0,0
192,"Command Alkon, Incorporated and CA Note Issuer, LLC",Software solutions provider to the ready-mix concrete industry,"Second lien senior secured loan ($10,000 par due 8/2020)",9.25% (Libor + 8.25%/Q),9/28/2012,10000.0,10000
193,"Command Alkon, Incorporated and CA Note Issuer, LLC",Software solutions provider to the ready-mix concrete industry,"Second lien senior secured loan ($11,500 par due 8/2020)",9.25% (Libor + 8.25%/Q),9/28/2012,11500.0,11500
194,"Command Alkon, Incorporated and CA Note Issuer, LLC",Software solutions provider to the ready-mix concrete industry,"Second lien senior secured loan ($26,500 par due 8/2020)",9.25% (Libor + 8.25%/Q),9/28/2012,26500.0,26500
195,"Command Alkon, Incorporated and CA Note Issuer, LLC",Software solutions provider to the ready-mix concrete industry,"Senior subordinated loan ($21,028 par due 8/2021)",14.00% PIK,8/8/2014,21028.0,21028
196,"Compuware Parent, LLC",Web and mobile cloud performance testing and monitoring services provider,"Class A-1 common stock (4,132 units)",0,12/15/2014,2250.0,1834
197,"Compuware Parent, LLC",Web and mobile cloud performance testing and monitoring services provider,"Class B-1 common stock (4,132 units)",0,12/15/2014,450.0,367
198,"Compuware Parent, LLC",Web and mobile cloud performance testing and monitoring services provider,"Class C-1 common stock (4,132 units)",0,12/15/2014,300.0,245
199,"Compuware Parent, LLC",Web and mobile cloud performance testing and monitoring services provider,"Class A-2 common stock (4,132 units)",0,12/15/2014,0.0,0
200,"Compuware Parent, LLC",Web and mobile cloud performance testing and monitoring services provider,"Class B-2 common stock (4,132 units)",0,12/15/2014,0.0,0
201,"Compuware Parent, LLC",Web and mobile cloud performance testing and monitoring services provider,"Class C-2 common stock (4,132 units)",0,12/15/2014,0.0,0
202,"Directworks, Inc. and Co-Exprise Holdings, Inc.",Provider of cloud-based software solutions for direct materials sourcing and supplier management for manufacturers,"First lien senior secured loan ($2,125 par due 4/2018)",10.25% (Libor + 9.25%/M),12/19/2014,2050.0,2082
203,"Directworks, Inc. and Co-Exprise Holdings, Inc.",Provider of cloud-based software solutions for direct materials sourcing and supplier management for manufacturers,"Warrant to purchase up to 1,875,000 shares of Series 1 preferred stock",0,12/19/2014,0.0,0
204,"DTI Holdco, Inc. and OPE DTI Holdings, Inc.",Provider of legal process outsourcing and managed services,First lien senior secured loan ($966 par due 8/2020),5.75% (Libor + 4.75%/Q),8/19/2014,966.0,927
205,"DTI Holdco, Inc. and OPE DTI Holdings, Inc.",Provider of legal process outsourcing and managed services,"Class A common stock (7,500 shares)",0,8/19/2014,7500.0,7288
206,"DTI Holdco, Inc. and OPE DTI Holdings, Inc.",Provider of legal process outsourcing and managed services,"Class B common stock (7,500 shares)",0,8/19/2014,0.0,0
207,"EN Engineering, L.L.C. (25)","National utility services firm providing engineering and consulting services to natural gas, electric power and other energy and industrial end markets","First lien senior secured loan ($2,561 par due 6/2021)",8.50%(Base Rate + 5.00%/Q),6/30/2015,2561.0,2561
208,"EN Engineering, L.L.C. (25)","National utility services firm providing engineering and consulting services to natural gas, electric power and other energy and industrial end markets","First lien senior secured loan ($22,311 par due 6/2021)",7.00% (Libor + 6.00%/Q),6/30/2015,22179.0,22311
209,"Faction Holdings, Inc. and The Faction Group LLC (fka PeakColo Holdings, Inc.) (25)",Wholesaler of cloud-based software applications and services,"First lien senior secured loan ($3,000 par due 12/2019)",9.75% (Libor + 8.75%/Q),12/3/2015,3000.0,3000
210,"Faction Holdings, Inc. and The Faction Group LLC (fka PeakColo Holdings, Inc.) (25)",Wholesaler of cloud-based software applications and services,"First lien senior secured loan ($4,000 par due 5/2019)",9.75% (Libor + 8.75%/Q),11/3/2014,3938.0,4000
211,"Faction Holdings, Inc. and The Faction Group LLC (fka PeakColo Holdings, Inc.) (25)",Wholesaler of cloud-based software applications and services,"Warrant to purchase up to 1,481 shares of Series A preferred stock",0,12/3/2015,0.0,62
212,"Faction Holdings, Inc. and The Faction Group LLC (fka PeakColo Holdings, Inc.) (25)",Wholesaler of cloud-based software applications and services,"Warrant to purchase up to 2,037 shares of Series A preferred stock",0,11/3/2014,93.0,85
213,"First Insight, Inc.",Software company providing merchandising and pricing solutions to companies worldwide,"Warrants to purchase up to 122,827 units of Series C preferred stock",0,3/20/2014,0.0,12
214,"GCN Storage Solutions, LLC (25)",Energy storage and power efficiency solutions provider for commercial and industrial businesses,"First lien senior secured loan ($8,443 par due 12/2021)",9.75%,1/8/2016,8255.0,8443
215,"iControl Networks, Inc. and uControl Acquisition, LLC",Software and services company for the connected home market,"Second lien senior secured loan ($20,000 par due 3/2019)",9.50% (Libor + 8.50%/Q),2/19/2015,19709.0,20075
216,"iControl Networks, Inc. and uControl Acquisition, LLC",Software and services company for the connected home market,"Warrant to purchase up to 385,616 shares of Series D preferred stock",0,2/19/2015,0.0,173
217,IfByPhone Inc.,Voice-based marketing automation software provider,"Warrant to purchase up to 124,300 shares of Series C preferred stock",0,10/15/2012,88.0,71
218,Interactions Corporation,Developer of a speech recognition software based customer interaction system,"First lien senior secured loan ($2,500 par due 7/2019)",9.85% (Libor + 8.85%/Q),6/16/2015,2217.0,2500
219,Interactions Corporation,Developer of a speech recognition software based customer interaction system,"First lien senior secured loan ($22,500 par due 7/2019)",9.85% (Libor + 8.85%/Q),6/16/2015,22179.0,22500
220,Interactions Corporation,Developer of a speech recognition software based customer interaction system,"Warrant to purchase up to 68,187 shares of Series G-3 convertible preferred stock",0,6/16/2015,303.0,290
221,"iPipeline, Inc., Internet Pipeline, Inc. and iPipeline Holdings, Inc. (25)",Provider of SaaS-based software solutions to the insurance and financial services industry,"First lien senior secured loan ($11,940 par due 8/2022)",8.25% (Libor + 7.25%/Q),8/4/2015,11940.0,11940
222,"iPipeline, Inc., Internet Pipeline, Inc. and iPipeline Holdings, Inc. (25)",Provider of SaaS-based software solutions to the insurance and financial services industry,"First lien senior secured loan ($44,775 par due 8/2022)",8.25% (Libor + 7.25%/Q),8/4/2015,44775.0,44775
223,"iPipeline, Inc., Internet Pipeline, Inc. and iPipeline Holdings, Inc. (25)",Provider of SaaS-based software solutions to the insurance and financial services industry,"First lien senior secured loan ($14,925 par due 8/2022)",8.25% (Libor + 7.25%/Q),8/4/2015,14925.0,14925
224,"iPipeline, Inc., Internet Pipeline, Inc. and iPipeline Holdings, Inc. (25)",Provider of SaaS-based software solutions to the insurance and financial services industry,"Preferred stock (1,485 shares)",0,8/4/2015,1485.0,2179
225,"iPipeline, Inc., Internet Pipeline, Inc. and iPipeline Holdings, Inc. (25)",Provider of SaaS-based software solutions to the insurance and financial services industry,"Common stock (647,542 shares)",0,8/4/2015,15.0,22
226,"IronPlanet, Inc.",Online auction platform provider for used heavy equipment,"Warrant to purchase to up to 133,333 shares of Series C preferred stock",0,9/24/2013,214.0,203
227,"ISS Compressors Industries, Inc., ISS Valves Industries, Inc., ISS Motors Industries, Inc., ISS Machining Industries, Inc., and ISS Specialty Services Industries, Inc. (25)","Provider of repairs, refurbishments and services to the broader industrial end user markets","First lien senior secured loan ($2,369 par due 6/2018)",7.00% (Libor + 6.00%/Q),2/17/2016,2369.0,2369
228,"ISS Compressors Industries, Inc., ISS Valves Industries, Inc., ISS Motors Industries, Inc., ISS Machining Industries, Inc., and ISS Specialty Services Industries, Inc. (25)","Provider of repairs, refurbishments and services to the broader industrial end user markets","First lien senior secured loan ($32,627 par due 6/2018)",7.00% (Libor + 6.00%/Q),2/17/2016,32627.0,32627
229,"Itel Laboratories, Inc. (25)",Data services provider for building materials to property insurance industry,"Preferred units (1,798,391 units)",0,6/29/2012,1000.0,1181
230,"Market Track Holdings, LLC",Business media consulting services company,"Preferred stock (1,685 shares)",0,12/13/2013,2221.0,2418
231,"Market Track Holdings, LLC",Business media consulting services company,"Common stock (16,251 shares)",0,12/13/2013,2221.0,2247
232,"Maximus Holdings, LLC",Provider of software simulation tools and related services,"Warrant to purchase up to 1,050,013 shares of common stock",0,12/13/2013,0.0,0
233,"Ministry Brands, LLC and MB Parent Holdings, LLC",Software and payment services provider to faith-based institutions,"First lien senior secured loan ($49,191 par due 11/2021)",10.37% (Libor + 9.37%/Q),3/16/2016,48864.0,49191
234,"Ministry Brands, LLC and MB Parent Holdings, LLC",Software and payment services provider to faith-based institutions,"First lien senior secured loan ($25,192 par due 11/2021)",10.37% (Libor + 9.37%/Q),3/16/2016,25192.0,25192
235,"Ministry Brands, LLC and MB Parent Holdings, LLC",Software and payment services provider to faith-based institutions,"Class A common units (2,130,772 units)",0,11/20/2015,2131.0,2131
236,"Multi-Ad Services, Inc. (7)",Marketing services and software provider,"Preferred units (1,725,280 units)",0,4/1/2010,0.0,162
237,"Multi-Ad Services, Inc. (7)",Marketing services and software provider,"Common units (1,725,280 units)",0,4/1/2010,0.0,0
238,"MVL Group, Inc. (8)",Marketing research provider,Senior subordinated loan ($444 par due 7/2012),0,4/1/2010,226.0,226
239,"MVL Group, Inc. (8)",Marketing research provider,"Common stock (560,716 shares)",0,4/1/2010,0.0,0
240,"NAS, LLC, Nationwide Marketing Group, LLC and Nationwide Administrative Services, Inc.","Buying and marketing services organization for appliance, furniture and consumer electronics dealers","Second lien senior secured loan ($24,100 par due 12/2021)",9.75% (Libor + 8.75%/Q),6/1/2015,24100.0,23136
241,"PayNearMe, Inc.",Electronic cash payment system provider,"First lien senior secured loan ($10,000 par due 9/2019)",9.50% (Libor + 8.50%/M),3/11/2016,9543.0,9800
242,"PayNearMe, Inc.",Electronic cash payment system provider,"Warrant to purchase up to 195,726 shares of Series E preferred stock",0,3/11/2016,207.0,206
243,"PHL Investors, Inc., and PHL Holding Co. (8)",Mortgage services,Class A common stock (576 shares),0,7/31/2012,3768.0,0
244,Poplicus Incorporated,Business intelligence and market analytics platform for companies that sell to the public sector,"First lien senior secured loan ($5,000 par due 7/2019)",8.50% (Libor + 7.50%/M),6/25/2015,4776.0,4950
245,Poplicus Incorporated,Business intelligence and market analytics platform for companies that sell to the public sector,"Warrant to purchase up to 2,402,991 shares of Series C preferred stock",0,6/25/2015,125.0,125
246,"PowerPlan, Inc. and Project Torque Ultimate Parent Corporation",Fixed asset financial management software provider,"Second lien senior secured loan ($30,000 par due 2/2023)",10.75% (Libor + 9.75%/Q),2/23/2015,29757.0,30000
247,"PowerPlan, Inc. and Project Torque Ultimate Parent Corporation",Fixed asset financial management software provider,"Second lien senior secured loan ($50,000 par due 2/2023)",10.75% (Libor + 9.75%/Q),2/23/2015,49572.0,50000
248,"PowerPlan, Inc. and Project Torque Ultimate Parent Corporation",Fixed asset financial management software provider,"Class A common stock (1,980 shares)",0,2/23/2015,1980.0,6
249,"PowerPlan, Inc. and Project Torque Ultimate Parent Corporation",Fixed asset financial management software provider,"Class B common stock (989,011 shares)",0,2/23/2015,20.0,3039
250,"Powersport Auctioneer Holdings, LLC",Powersport vehicle auction operator,"Common units (1,972 units)",0,3/2/2012,1000.0,1232
251,R2 Acquisition Corp.,Marketing services,"Common stock (250,000 shares)",0,5/29/2007,250.0,242
252,Rocket Fuel Inc.,Provider of open and integrated software for digital marketing optimization,"Common stock (11,405 units)",0,9/9/2014,40.0,18
253,Sonian Inc.,Cloud-based email archiving platform,"First lien senior secured loan ($7,500 par due 9/2019)",9.00% (Libor + 8.00%/M),9/9/2015,7321.0,7500
254,Sonian Inc.,Cloud-based email archiving platform,"Warrant to purchase up to 169,045 shares of Series C preferred stock",0,9/9/2015,93.0,93
255,"Talari Networks, Inc.",Networking equipment provider,"First lien senior secured loan ($6,000 par due 12/2018)",9.75% (Libor + 8.75%/M),8/3/2015,5909.0,6000
256,"Talari Networks, Inc.",Networking equipment provider,"Warrant to purchase up to 421,052 shares of Series D-1 preferred stock",0,8/3/2015,50.0,50
257,"The Greeley Company, Inc. and HCP Acquisition Holdings, LLC (8)",Healthcare compliance advisory services,"Senior subordinated loan ($9,915 par due 5/2015)",0,3/5/2013,2691.0,0
258,"The Greeley Company, Inc. and HCP Acquisition Holdings, LLC (8)",Healthcare compliance advisory services,"Class A units (14,293,110 units)",0,6/26/2008,12793.0,0
259,"TraceLink, Inc. (25)",Supply chain management software provider for the pharmaceutical industry,"First lien senior secured revolving loan ($4,400 par due 12/2016)",7.50%(Base Rate + 4.00%/M),1/2/2015,4400.0,4400
260,"TraceLink, Inc. (25)",Supply chain management software provider for the pharmaceutical industry,"First lien senior secured loan ($4,500 par due 1/2019)",8.50% (Libor + 7.00%/M),1/2/2015,4421.0,4500
261,"TraceLink, Inc. (25)",Supply chain management software provider for the pharmaceutical industry,"Warrant to purchase up to 283,353 shares of Series A-2 preferred stock",0,1/2/2015,146.0,1041
262,Velocity Holdings Corp.,Hosted enterprise resource planning application management services provider,"Common units (1,713,546 units)",0,12/13/2013,4503.0,3259
263,WorldPay Group PLC (9),Payment processing company,"C2 shares (73,974 shares)",0,10/21/2015,11.0,43
264,WorldPay Group PLC (9),Payment processing company,"Ordinary shares (1,310,386 shares)",0,10/21/2015,1128.0,5179
265,Cambrios Technologies Corporation,Nanotechnology-based solutions for electronic devices and computers,"Warrants to purchase up to 400,000 shares of Series D-4 convertible preferred stock",0,8/7/2012,0.0,0
266,"Chariot Acquisition, LLC (25)",Distributor and designer of aftermarket golf cart parts and accessories,"First lien senior secured loan ($55,711 par due 9/2021)",7.25% (Libor + 6.25%/Q),9/30/2015,55711.0,55711
267,"Component Hardware Group, Inc. (25)",Commercial equipment,"First lien senior secured revolving loan ($2,241 par due 7/2019)",5.50% (Libor + 4.50%/Q),7/1/2013,2241.0,2196
268,"Component Hardware Group, Inc. (25)",Commercial equipment,"First lien senior secured loan ($8,042 par due 7/2019)",5.50% (Libor + 4.50%/Q),7/1/2013,8042.0,7881
269,"Harvey Tool Company, LLC and Harvey Tool Holding, LLC (25)",Cutting tool provider to the metalworking industry,"Senior subordinated loan ($27,925 par due 9/2020)",11.00%,8/13/2015,27925.0,27925
270,"Harvey Tool Company, LLC and Harvey Tool Holding, LLC (25)",Cutting tool provider to the metalworking industry,Class A membership units (750 units),0,3/28/2014,896.0,1460
271,"Ioxus, Inc",Energy storage devices,"First lien senior secured loan ($10,220 par due 6/2018)","10.00% Cash, 2.00% PIK",4/29/2014,10030.0,8687
272,"Ioxus, Inc",Energy storage devices,"Warrant to purchase up to 3,038,730 shares of common stock",0,1/28/2016,0.0,0
273,"Ioxus, Inc",Energy storage devices,"Warrant to purchase up to 1,210,235 shares of Series BB preferred stock",0,1/28/2016,0.0,216
274,KPS Global LLC,Walk-in cooler and freezer systems,"First lien senior secured loan ($40,000 par due 12/2020)",9.61% (Libor + 8.61%/Q),12/4/2015,40000.0,40000
275,"MacLean-Fogg Company and MacLean-Fogg Holdings, L.L.C.",Manufacturer and supplier for the power utility and automotive markets worldwide,"Senior subordinated loan ($97,716 par due 10/2025)","10.50% Cash, 3.00% PIK",10/31/2013,97716.0,97716
276,"MacLean-Fogg Company and MacLean-Fogg Holdings, L.L.C.",Manufacturer and supplier for the power utility and automotive markets worldwide,"Preferred units (70,183 units)","4.50% Cash, 9.25% PIK",10/9/2015,72410.0,72410
277,"MWI Holdings, Inc.","Engineered springs, fasteners, and other precision components","First lien senior secured loan ($9,377 par due 3/2019)",7.38% (Libor + 6.13%/Q),2/4/2016,9377.0,9377
278,"MWI Holdings, Inc.","Engineered springs, fasteners, and other precision components",First lien senior secured loan ($24 par due 3/2019),7.63%(Base Rate + 4.13%/Q),2/4/2016,24.0,24
279,"MWI Holdings, Inc.","Engineered springs, fasteners, and other precision components","First lien senior secured loan ($28,102 par due 3/2019)",9.38% (Libor + 8.13%/Q),6/15/2011,28102.0,28102
280,"MWI Holdings, Inc.","Engineered springs, fasteners, and other precision components","First lien senior secured loan ($19,879 par due 3/2019)",9.38% (Libor + 8.13%/Q),6/15/2011,19879.0,19879
281,Niagara Fiber Intermediate Corp. (25),Insoluble fiber filler products,"First lien senior secured loan ($1,430 par due 5/2018)",6.75% (Libor + 5.50%/Q),5/8/2014,1422.0,1144
282,Niagara Fiber Intermediate Corp. (25),Insoluble fiber filler products,"First lien senior secured revolving loan ($1,881 par due 5/2018)",6.75% (Libor + 5.50%/Q),5/8/2014,1871.0,1505
283,Niagara Fiber Intermediate Corp. (25),Insoluble fiber filler products,"First lien senior secured loan ($13,649 par due 5/2018)",6.75% (Libor + 5.50%/Q),5/8/2014,13576.0,10919
284,Nordco Inc. (25),Railroad maintenance-of-way machinery,"First lien senior secured revolving loan ($3,375 par due 8/2020)",8.75%(Base Rate + 5.25%/Q),8/26/2015,3375.0,3308
285,Nordco Inc. (25),Railroad maintenance-of-way machinery,"First lien senior secured loan ($70,085 par due 8/2020)",7.25% (Libor + 6.25%/Q),8/26/2015,70085.0,68684
286,Nordco Inc. (25),Railroad maintenance-of-way machinery,First lien senior secured loan ($176 par due 8/2020),8.75%(Base Rate + 5.25%/Q),8/26/2015,176.0,173
287,"Pelican Products, Inc.",Flashlights,"Second lien senior secured loan ($40,000 par due 4/2021)",9.25% (Libor + 8.25%/Q),4/11/2014,39958.0,37200
288,Saw Mill PCG Partners LLC,Metal precision engineered components,"Common units (1,000 units)",0,1/30/2007,1000.0,0
289,"SI Holdings, Inc.","Elastomeric parts, mid-sized composite structures, and composite tooling","Common stock (1,500 shares)",0,5/30/2014,1500.0,1757
290,TPTM Merger Corp. (25),Time temperature indicator products,First lien senior secured revolving loan ($750 par due 9/2018),7.25% (Libor + 6.25%/Q),9/12/2013,750.0,742
291,TPTM Merger Corp. (25),Time temperature indicator products,"First lien senior secured loan ($22,000 par due 9/2018)",9.42% (Libor + 8.42%/Q),9/12/2013,22000.0,21780
292,TPTM Merger Corp. (25),Time temperature indicator products,"First lien senior secured loan ($10,000 par due 9/2018)",9.42% (Libor + 8.42%/Q),9/12/2013,10000.0,9900
293,"AllBridge Financial, LLC (8)",Asset management services,Equity interests,0,4/1/2010,0.0,534
294,Callidus Capital Corporation (8),Asset management services,Common stock (100 shares),0,4/1/2010,3000.0,1662
295,Ciena Capital LLC (8)(25),Real estate and small business loan servicer,"First lien senior secured revolving loan ($14,000 par due 12/2016)",6.00%,11/29/2010,14000.0,14000
296,Ciena Capital LLC (8)(25),Real estate and small business loan servicer,First lien senior secured loan ($500 par due 12/2016),12.00%,11/29/2010,500.0,500
297,Ciena Capital LLC (8)(25),Real estate and small business loan servicer,"First lien senior secured loan ($5,000 par due 12/2016)",12.00%,11/29/2010,5000.0,5000
298,Ciena Capital LLC (8)(25),Real estate and small business loan servicer,"First lien senior secured loan ($2,500 par due 12/2016)",12.00%,11/29/2010,2500.0,2500
299,Ciena Capital LLC (8)(25),Real estate and small business loan servicer,Equity interests,0,11/29/2010,38974.0,17784
300,"Commercial Credit Group, Inc.",Commercial equipment finance and leasing company,"Senior subordinated loan ($28,000 par due 5/2018)",12.75%,5/10/2012,28000.0,28000
301,Gordian Acquisition Corp.,Financial services firm,Common stock (526 shares),0,11/30/2012,0.0,0
302,Imperial Capital Group LLC,Investment services,"Class A common units (35,047 units)",0,5/10/2007,8521.0,12775
303,Imperial Capital Group LLC,Investment services,"2006 Class B common units (11,482 units)",0,5/10/2007,1.0,3
304,Imperial Capital Group LLC,Investment services,"2007 Class B common units (1,432 units)",0,5/10/2007,0.0,0
305,"Ivy Hill Asset Management, L.P. (8)(10)",Asset management services,Member interest (100.00% interest),0,6/15/2009,170961.0,232937
306,"Javlin Three LLC, Javlin Four LLC, and Javlin Five LLC (10)",Asset-backed financial services company,"First lien senior secured revolving loan ($40,832 par due 6/2017)",10.43% (Libor + 10.00%/Q),6/24/2014,40832.0,40832
307,"LSQ Funding Group, L.C. and LM LSQ Investors LLC (10)(25)",Asset based lender,"Senior subordinated loan ($30,000 par due 6/2021)",10.50%,6/25/2015,30000.0,30000
308,"LSQ Funding Group, L.C. and LM LSQ Investors LLC (10)(25)",Asset based lender,"Membership units (3,275,000 units)",0,6/25/2015,3275.0,2999
309,Campus Management Corp. and Campus Management Acquisition Corp. (7),Education software developer,"Preferred stock (485,159 shares)",0,2/8/2008,10520.0,10730
310,"Infilaw Holding, LLC (25)",Operator of for-profit law schools,First lien senior secured revolving loan,0,8/25/2011,0.0,0
311,"Infilaw Holding, LLC (25)",Operator of for-profit law schools,"First lien senior secured loan ($3,410 par due 1/2017)","11.50% (Libor + 8.50% Cash, 2.00% PIK/Q)",8/25/2011,3410.0,3410
312,"Infilaw Holding, LLC (25)",Operator of for-profit law schools,"Series A preferred units (124,890 units)","11.50% (Libor + 8.50% Cash, 2.00% PIK/Q)",8/25/2011,124890.0,113650
313,"Infilaw Holding, LLC (25)",Operator of for-profit law schools,Series B preferred units (1.96 units),0,10/19/2012,9245.0,4956
314,"Instituto de Banca y Comercio, Inc. & Leeds IV Advisors, Inc.",Private school operator,"First lien senior secured loan ($1,714 par due 12/2018)",10.50% PIK (Libor + 9.00%/Q),10/31/2015,1714.0,1714
315,"Instituto de Banca y Comercio, Inc. & Leeds IV Advisors, Inc.",Private school operator,"Senior preferred series A-1 shares (163,902 shares)",0,10/31/2015,119422.0,90279
316,"Instituto de Banca y Comercio, Inc. & Leeds IV Advisors, Inc.",Private school operator,"Series B preferred stock (1,750,000 shares)",0,8/5/2010,5000.0,0
317,"Instituto de Banca y Comercio, Inc. & Leeds IV Advisors, Inc.",Private school operator,"Series C preferred stock (2,512,586 shares)",0,6/7/2010,689.0,0
318,"Instituto de Banca y Comercio, Inc. & Leeds IV Advisors, Inc.",Private school operator,Common stock (20 shares),0,6/7/2010,0.0,0
319,"Instituto de Banca y Comercio, Inc. & Leeds IV Advisors, Inc.",Private school operator,Common stock (20 shares),0,6/7/2010,0.0,0
320,"Lakeland Tours, LLC (25)",Educational travel provider,"First lien senior secured loan ($19,083 par due 2/2022)",5.75% (Libor + 4.75%/Q),2/10/2016,18853.0,19083
321,"Lakeland Tours, LLC (25)",Educational travel provider,"First lien senior secured loan ($43,707 par due 2/2022)",10.45% (Libor + 9.45%/Q),2/10/2016,43182.0,43707
322,PIH Corporation (25),Franchisor of education-based early childhood centers,First lien senior secured revolving loan ($621 par due 12/2018),7.00% (Libor + 6.00%/Q),12/13/2013,621.0,621
323,"R3 Education, Inc. and EIC Acquisitions Corp.",Medical school operator,"Preferred stock (1,977 shares)",0,7/30/2008,494.0,494
324,"R3 Education, Inc. and EIC Acquisitions Corp.",Medical school operator,Common membership interest (15.76% interest),0,9/21/2007,15800.0,29393
325,"R3 Education, Inc. and EIC Acquisitions Corp.",Medical school operator,"Warrant to purchase up to 27,890 shares",0,12/8/2009,0.0,0
326,"Regent Education, Inc.",Provider of software solutions designed to optimize the financial aid and enrollment processes,"First lien senior secured loan ($4,013 par due 1/2018)",12.00% (Libor + 10.00%/M),7/1/2014,3855.0,3933
327,"Regent Education, Inc.",Provider of software solutions designed to optimize the financial aid and enrollment processes,"Warrant to purchase up to 987,771 shares of Series CC preferred stock",0,7/1/2014,0.0,62
328,"Severin Acquisition, LLC (25)",Provider of student information system software solutions to the K-12 education market,"Second lien senior secured loan ($4,154 par due 7/2022)",9.75% (Libor + 8.75%/Q),10/28/2015,4076.0,4112
329,"Severin Acquisition, LLC (25)",Provider of student information system software solutions to the K-12 education market,"Second lien senior secured loan ($3,273 par due 7/2022)",10.25% (Libor + 9.25%/Q),2/1/2016,3208.0,3273
330,"Severin Acquisition, LLC (25)",Provider of student information system software solutions to the K-12 education market,"Second lien senior secured loan ($15,000 par due 7/2022)",9.75% (Libor + 8.75%/Q),7/31/2015,14729.0,14850
331,"WCI-Quantum Holdings, Inc.","Distributor of instructional products, services and resources","Series A preferred stock (1,272 shares)",0,10/24/2014,1000.0,1121
332,"ADF Capital, Inc., ADF Restaurant Group, LLC, and ARG Restaurant Holdings, Inc.",Restaurant owner and operator,"First lien senior secured loan ($28,581 par due 12/2018)",9.25% (Libor + 8.25%/Q),11/27/2006,28581.0,26295
333,"ADF Capital, Inc., ADF Restaurant Group, LLC, and ARG Restaurant Holdings, Inc.",Restaurant owner and operator,"First lien senior secured loan ($10,919 par due 12/2018)",9.25% (Libor + 8.25%/Q),11/27/2006,10922.0,10045
334,"ADF Capital, Inc., ADF Restaurant Group, LLC, and ARG Restaurant Holdings, Inc.",Restaurant owner and operator,"Promissory note ($22,797 par due 12/2023)",0,11/27/2006,13770.0,8390
335,"ADF Capital, Inc., ADF Restaurant Group, LLC, and ARG Restaurant Holdings, Inc.",Restaurant owner and operator,"Warrant to purchase up to 23,750 units of Series D common stock",0,12/18/2013,24.0,0
336,"Benihana, Inc. (25)",Restaurant owner and operator,First lien senior secured revolving loan ($485 par due 7/2018),8.25%(Base Rate + 4.75%/Q),8/21/2012,485.0,460
337,"Benihana, Inc. (25)",Restaurant owner and operator,"First lien senior secured loan ($4,814 par due 1/2019)",7.25% (Libor + 6.00%/Q),8/21/2012,4814.0,4573
338,"DineInFresh, Inc.",Meal-delivery provider,"First lien senior secured loan ($7,000 par due 7/2018)",9.75% (Libor + 8.75%/M),12/19/2014,6946.0,7000
339,"DineInFresh, Inc.",Meal-delivery provider,"Warrant to purchase up to 143,079 shares of Series A preferred stock",0,12/19/2014,0.0,4
340,Garden Fresh Restaurant Corp. (25),Restaurant owner and operator,"First lien senior secured revolving loan ($1,100 par due 7/2018)",10.50% (Libor + 9.00%/Q),10/3/2013,1100.0,1100
341,Garden Fresh Restaurant Corp. (25),Restaurant owner and operator,"First lien senior secured loan ($40,141 par due 7/2018)",10.50% (Libor + 9.00%/Q),10/3/2013,40141.0,40141
342,"Global Franchise Group, LLC and GFG Intermediate Holding, Inc.",Worldwide franchisor of quick service restaurants,"First lien senior secured loan ($62,500 par due 12/2019)",10.51% (Libor + 9.51%/Q),12/18/2014,62500.0,62500
343,"Heritage Food Service Group, Inc. and WCI-HFG Holdings, LLC",Distributor of repair and replacement parts for commercial kitchen equipment,"Second lien senior secured loan ($31,645 par due 10/2022)",9.50% (Libor + 8.50%/Q),10/20/2015,31645.0,30696
344,"Heritage Food Service Group, Inc. and WCI-HFG Holdings, LLC",Distributor of repair and replacement parts for commercial kitchen equipment,"Preferred units (3,000,000 units)",0,10/20/2015,3000.0,2706
345,"Orion Foods, LLC (8)",Convenience food service retailer,"First lien senior secured loan ($1,414 par due 9/2015)",0,4/1/2010,1414.0,549
346,"Orion Foods, LLC (8)",Convenience food service retailer,"Second lien senior secured loan ($19,420 par due 9/2016)",0,4/1/2010,0.0,0
347,"Orion Foods, LLC (8)",Convenience food service retailer,"Preferred units (10,000 units)",0,10/28/2010,0.0,0
348,"Orion Foods, LLC (8)",Convenience food service retailer,"Class A common units (25,001 units)",0,4/1/2010,0.0,0
349,"Orion Foods, LLC (8)",Convenience food service retailer,"Class B common units (1,122,452 units)",0,4/1/2010,0.0,0
350,"OTG Management, LLC (25)",Airport restaurant operator,"First lien senior secured revolving loan ($2,300 par due 12/2017)",8.75% (Libor + 7.25%/Q),12/11/2012,2300.0,2300
351,"OTG Management, LLC (25)",Airport restaurant operator,"First lien senior secured loan ($12,506 par due 12/2017)",8.75% (Libor + 7.25%/Q),12/11/2012,12506.0,12506
352,"OTG Management, LLC (25)",Airport restaurant operator,"First lien senior secured loan ($22,101 par due 12/2017)",8.75% (Libor + 7.25%/Q),12/11/2012,22101.0,22101
353,"OTG Management, LLC (25)",Airport restaurant operator,"First lien senior secured loan ($24,688 par due 12/2017)",8.75% (Libor + 7.25%/Q),12/11/2012,24688.0,24688
354,"OTG Management, LLC (25)",Airport restaurant operator,"Common units (3,000,000 units)",0,1/5/2011,3000.0,11517
355,"OTG Management, LLC (25)",Airport restaurant operator,Warrant to purchase up to 7.73% of common units,0,6/19/2008,100.0,22975
356,"Restaurant Holding Company, LLC",Fast food restaurant operator,"First lien senior secured loan ($36,215 par due 2/2019)",8.75% (Libor + 7.75%/Q),3/13/2014,36001.0,35128
357,"Lonestar Prospects, Ltd.",Sand proppant producer and distributor to the oil and natural gas industry,"First lien senior secured loan ($24,904 par due 9/2018)","8.50% (Libor + 6.50% Cash, 1.00% PIK/Q)",9/18/2014,24904.0,23659
358,"Lonestar Prospects, Ltd.",Sand proppant producer and distributor to the oil and natural gas industry,"First lien senior secured loan ($48,598 par due 9/2018)","8.50% (Libor + 6.50% Cash, 1.00% PIK/Q)",9/18/2014,48598.0,46168
359,Petroflow Energy Corporation,Oil and gas exploration and production company,"First lien senior secured loan ($52,539 par due 7/2017)",0,7/31/2014,49269.0,18389
360,Primexx Energy Corporation,Privately-held oil and gas exploration and production company,"Second lien senior secured loan ($125,000 par due 1/2020)",10.00% (Libor + 9.00%/Q),7/7/2015,124553.0,112500
361,"UL Holding Co., LLC and Universal Lubricants, LLC (7)",Manufacturer and distributor of re-refined oil products,"Second lien senior secured loan ($14,686 par due 12/2016)",3.56%,4/30/2012,8717.0,11620
362,"UL Holding Co., LLC and Universal Lubricants, LLC (7)",Manufacturer and distributor of re-refined oil products,"Second lien senior secured loan ($62,287 par due 12/2016)",3.56%,4/30/2012,37043.0,49283
363,"UL Holding Co., LLC and Universal Lubricants, LLC (7)",Manufacturer and distributor of re-refined oil products,"Second lien senior secured loan ($7,248 par due 12/2016)",3.56%,4/30/2012,4272.0,5734
364,"UL Holding Co., LLC and Universal Lubricants, LLC (7)",Manufacturer and distributor of re-refined oil products,"Class A common units (533,351 units)",0,6/17/2011,4993.0,0
365,"UL Holding Co., LLC and Universal Lubricants, LLC (7)",Manufacturer and distributor of re-refined oil products,"Class B-5 common units (272,834 units)",0,6/17/2011,2492.0,0
366,"UL Holding Co., LLC and Universal Lubricants, LLC (7)",Manufacturer and distributor of re-refined oil products,"Class C common units (758,546 units)",0,4/25/2008,0.0,0
367,"UL Holding Co., LLC and Universal Lubricants, LLC (7)",Manufacturer and distributor of re-refined oil products,"Warrant to purchase up to 702,665 shares of Class A units",0,5/2/2014,0.0,0
368,"UL Holding Co., LLC and Universal Lubricants, LLC (7)",Manufacturer and distributor of re-refined oil products,"Warrant to purchase up to 28,009 shares of Class B-1 units",0,5/2/2014,0.0,0
369,"UL Holding Co., LLC and Universal Lubricants, LLC (7)",Manufacturer and distributor of re-refined oil products,"Warrant to purchase up to 56,019 shares of Class B-2 units",0,5/2/2014,0.0,0
370,"UL Holding Co., LLC and Universal Lubricants, LLC (7)",Manufacturer and distributor of re-refined oil products,"Warrant to purchase up to 28,969 shares of Class B-3 units",0,5/2/2014,0.0,0
371,"UL Holding Co., LLC and Universal Lubricants, LLC (7)",Manufacturer and distributor of re-refined oil products,"Warrant to purchase up to 78,540 shares of Class B-5 units",0,5/2/2014,0.0,0
372,"UL Holding Co., LLC and Universal Lubricants, LLC (7)",Manufacturer and distributor of re-refined oil products,"Warrant to purchase up to 58,296 shares of Class B-6 units",0,5/2/2014,0.0,0
373,"UL Holding Co., LLC and Universal Lubricants, LLC (7)",Manufacturer and distributor of re-refined oil products,"Warrant to purchase up to 1,022,856 shares of Class C units",0,5/2/2014,0.0,0
374,"Charter NEX US Holdings, Inc.",Producer of high-performance specialty films used in flexible packaging,"Second lien senior secured loan ($16,000 par due 2/2023)",9.25% (Libor + 8.25%/Q),2/5/2015,15795.0,15680
375,"GS Pretium Holdings, Inc.",Manufacturer and supplier of high performance plastic containers,"Common stock (500,000 shares)",0,6/2/2014,500.0,405
376,"ICSH, Inc. (25)","Industrial container manufacturer, reconditioner and servicer","First lien senior secured revolving loan ($1,000 par due 12/2018)",8.25%(Base Rate + 4.75%/Q),8/30/2011,1000.0,1000
377,"ICSH, Inc. (25)","Industrial container manufacturer, reconditioner and servicer","Second lien senior secured loan ($66,000 par due 12/2019)",10.00% (Libor + 9.00%/Q),12/31/2015,66000.0,66000
378,LBP Intermediate Holdings LLC (25),Manufacturer of paper and corrugated foodservice packaging,First lien senior secured revolving loan,0,7/10/2015,0.0,0
379,LBP Intermediate Holdings LLC (25),Manufacturer of paper and corrugated foodservice packaging,"First lien senior secured loan ($24,555 par due 7/2020)",6.50% (Libor + 5.50%/Q),7/10/2015,24297.0,24555
380,"Microstar Logistics LLC, Microstar Global Asset Management LLC, and MStar Holding Corporation",Keg management solutions provider,"Second lien senior secured loan ($78,500 par due 12/2018)",8.50% (Libor + 7.50%/Q),12/14/2012,78500.0,78500
381,"Microstar Logistics LLC, Microstar Global Asset Management LLC, and MStar Holding Corporation",Keg management solutions provider,"Second lien senior secured loan ($54,000 par due 12/2018)",8.50% (Libor + 7.50%/Q),12/14/2012,54000.0,54000
382,"Microstar Logistics LLC, Microstar Global Asset Management LLC, and MStar Holding Corporation",Keg management solutions provider,"Second lien senior secured loan ($10,000 par due 12/2018)",8.50% (Libor + 7.50%/Q),12/14/2012,10000.0,10000
383,"Microstar Logistics LLC, Microstar Global Asset Management LLC, and MStar Holding Corporation",Keg management solutions provider,"Common stock (50,000 shares)",0,12/14/2012,3951.0,7435
384,American Seafoods Group LLC and American Seafoods Partners LLC (25),Harvester and processor of seafood,"First lien senior secured revolving loan ($1,029 par due 8/2021)",7.50%(Base Rate + 4.00%/Q),8/19/2015,1029.0,998
385,American Seafoods Group LLC and American Seafoods Partners LLC (25),Harvester and processor of seafood,"First lien senior secured loan ($19,651 par due 8/2021)",6.00% (Libor + 5.00%/Q),8/19/2015,19412.0,19062
386,American Seafoods Group LLC and American Seafoods Partners LLC (25),Harvester and processor of seafood,"Second lien senior secured loan ($55,000 par due 2/2022)",10.00% (Libor + 9.00%/Q),8/19/2015,55000.0,53350
387,American Seafoods Group LLC and American Seafoods Partners LLC (25),Harvester and processor of seafood,"Class A units (77,922 units)",0,8/19/2015,78.0,86
388,American Seafoods Group LLC and American Seafoods Partners LLC (25),Harvester and processor of seafood,"Warrant to purchase up to 7,422,078 Class A units",0,8/19/2015,7422.0,8163
389,Eagle Family Foods Group LLC,Manufacturer and producer of milk products,"First lien senior secured loan ($4,775 par due 12/2021)",10.05% (Libor + 9.05%/Q),12/31/2015,4742.0,4775
390,Eagle Family Foods Group LLC,Manufacturer and producer of milk products,"First lien senior secured loan ($50,000 par due 12/2021)",10.05% (Libor + 9.05%/Q),12/31/2015,49627.0,50000
391,GF Parent LLC,"Producer of low-acid, aseptic food and beverage products","Class A Preferred Units (2,940 units)",0,5/13/2015,2940.0,2227
392,GF Parent LLC,"Producer of low-acid, aseptic food and beverage products","Class A Common Units (59,999.74 units)",0,5/13/2015,60.0,0
393,"Kettle Cuisine, LLC",Manufacturer of fresh refrigerated and frozen food products,"Second lien senior secured loan ($28,500 par due 2/2022)",10.75% (Libor + 9.75%/Q),8/21/2015,28500.0,28500
394,"KeyImpact Holdings, Inc. and JWC/KI Holdings, LLC (25)",Foodservice sales and marketing agency,"First lien senior secured loan ($46,134 par due 11/2021)",7.13% (Libor + 6.13%/Q),11/16/2015,46134.0,46134
395,"KeyImpact Holdings, Inc. and JWC/KI Holdings, LLC (25)",Foodservice sales and marketing agency,"Membership units (5,000 units)",0,11/16/2015,5000.0,5727
396,"AEP Holdings, Inc. and Arrowhead Holdco Company","Distributor of non-discretionary, mission-critical aftermarket replacement parts","First lien senior secured loan ($45,346 par due 8/2021)",7.25% (Libor + 6.25%/Q),8/31/2015,45346.0,44439
397,"AEP Holdings, Inc. and Arrowhead Holdco Company","Distributor of non-discretionary, mission-critical aftermarket replacement parts",First lien senior secured loan ($788 par due 8/2021),8.75%(Base Rate + 5.25%/Q),8/31/2015,788.0,772
398,"AEP Holdings, Inc. and Arrowhead Holdco Company","Distributor of non-discretionary, mission-critical aftermarket replacement parts","First lien senior secured loan ($10,000 par due 8/2021)",8.25% (Libor + 7.25%/Q),3/31/2016,10000.0,10000
399,"AEP Holdings, Inc. and Arrowhead Holdco Company","Distributor of non-discretionary, mission-critical aftermarket replacement parts","Common stock (2,832 shares)",0,8/31/2015,2832.0,2677
400,CH Hold Corp. (25),Collision repair company,"First lien senior secured revolving loan ($1,185 par due 11/2019)",6.25% (Libor + 5.25%/Q),2/24/2016,1185.0,1185
401,"ChargePoint, Inc.",Developer and operator of electric vehicle charging stations,"First lien senior secured loan ($10,000 par due 7/2019)",9.75% (Libor + 8.75%/M),12/24/2014,9833.0,10000
402,"ChargePoint, Inc.",Developer and operator of electric vehicle charging stations,"First lien senior secured loan ($10,000 par due 1/2019)",9.75% (Libor + 8.75%/M),12/24/2014,9590.0,10000
403,"ChargePoint, Inc.",Developer and operator of electric vehicle charging stations,"Warrant to purchase up to 404,563 shares of Series E preferred stock",0,12/24/2014,327.0,327
404,"Dent Wizard International Corporation and DWH Equity Investors, L.P.",Automotive reconditioning services,"Second lien senior secured loan ($50,000 par due 10/2020)",10.25% (Libor + 9.25%/Q),4/7/2015,50000.0,50000
405,"Dent Wizard International Corporation and DWH Equity Investors, L.P.",Automotive reconditioning services,"Class A common stock (10,000 shares)",0,4/7/2015,333.0,493
406,"Dent Wizard International Corporation and DWH Equity Investors, L.P.",Automotive reconditioning services,"Class B common stock (20,000 shares)",0,4/7/2015,667.0,987
407,"Eckler Industries, Inc. (25)",Restoration parts and accessories provider for classic automobiles,"First lien senior secured revolving loan ($2,000 par due 7/2017)",8.50%(Base Rate + 5.00%/Q),7/12/2012,2000.0,1880
408,"Eckler Industries, Inc. (25)",Restoration parts and accessories provider for classic automobiles,"First lien senior secured loan ($7,005 par due 7/2017)",7.25% (Libor + 6.00%/Q),7/12/2012,7005.0,6584
409,"Eckler Industries, Inc. (25)",Restoration parts and accessories provider for classic automobiles,"First lien senior secured loan ($26,420 par due 7/2017)",7.25% (Libor + 6.00%/Q),7/12/2012,26420.0,24834
410,"Eckler Industries, Inc. (25)",Restoration parts and accessories provider for classic automobiles,"Series A preferred stock (1,800 shares)",0,7/12/2012,1800.0,0
411,"Eckler Industries, Inc. (25)",Restoration parts and accessories provider for classic automobiles,"Common stock (20,000 shares)",0,7/12/2012,200.0,0
412,"EcoMotors, Inc.",Engine developer,"First lien senior secured loan ($11,480 par due 3/2018)",11.00%,9/1/2015,10924.0,11480
413,"EcoMotors, Inc.",Engine developer,"Warrant to purchase up to 321,888 shares of Series C preferred stock",0,12/28/2012,0.0,286
414,"EcoMotors, Inc.",Engine developer,"Warrant to purchase up to 70,000 shares of Series C preferred stock",0,2/24/2015,0.0,62
415,"Simpson Performance Products, Inc.",Provider of motorsports safety equipment,"First lien senior secured loan ($24,506 par due 2/2020)",9.80% (Libor + 8.80%/Q),2/20/2015,24506.0,24506
416,"SK SPV IV, LLC",Collision repair site operators,"Series A common stock (12,500 units)",0,8/18/2014,571.0,2663
417,"SK SPV IV, LLC",Collision repair site operators,"Series B common stock (12,500 units)",0,8/18/2014,571.0,2663
418,"TA THI Buyer, Inc. and TA THI Parent, Inc.",Collision repair company,"Series A preferred stock (50,000 shares)",0,7/28/2014,5000.0,9852
419,"10th Street, LLC and New 10th Street, LLC (8)",Real estate holding company,"First lien senior secured loan ($25,384 par due 11/2019)","12.00% Cash, 1.00% PIK",3/31/2014,25384.0,25384
420,"10th Street, LLC and New 10th Street, LLC (8)",Real estate holding company,"Senior subordinated loan ($27,303 par due 11/2019)","12.00% Cash, 1.00% PIK",4/1/2010,27303.0,27303
421,"10th Street, LLC and New 10th Street, LLC (8)",Real estate holding company,Member interest (10.00% interest),0,4/1/2010,594.0,44502
422,"10th Street, LLC and New 10th Street, LLC (8)",Real estate holding company,"Option (25,000 units)",0,4/1/2010,25.0,25
423,"Crescent Hotels & Resorts, LLC and affiliates (8)",Hotel operator,"Senior subordinated loan ($2,236 par due 9/2011)",15.00%,4/1/2010,0.0,3244
424,"Crescent Hotels & Resorts, LLC and affiliates (8)",Hotel operator,Common equity interest,0,4/1/2010,0.0,0
425,"Aimbridge Hospitality, LLC (25)",Hotel operator,"First lien senior secured loan ($2,885 par due 10/2018)",8.25% (Libor + 7.00%/Q),1/7/2016,2841.0,2885
426,"Aimbridge Hospitality, LLC (25)",Hotel operator,"First lien senior secured loan ($3,305 par due 10/2018)",8.25% (Libor + 7.00%/Q),7/15/2015,3274.0,3305
427,"Aimbridge Hospitality, LLC (25)",Hotel operator,"First lien senior secured loan ($15,000 par due 10/2018)",8.25% (Libor + 7.00%/Q),7/15/2015,14818.0,15000
428,Castle Management Borrower LLC,Hotel operator,"First lien senior secured loan ($5,925 par due 9/2020)",5.50% (Libor + 4.50%/Q),10/17/2014,5925.0,5925
429,Castle Management Borrower LLC,Hotel operator,"Second lien senior secured loan ($10,000 par due 3/2021)",11.00% (Libor + 10.00%/Q),10/17/2014,10000.0,10000
430,Castle Management Borrower LLC,Hotel operator,"Second lien senior secured loan ($55,000 par due 3/2021)",11.00% (Libor + 10.00%/Q),10/17/2014,55000.0,55000
431,"Cadence Aerospace, LLC",Aerospace precision components manufacturer,"First lien senior secured loan ($4,074 par due 5/2018)",6.50% (Libor + 5.25%/Q),5/15/2012,4059.0,4074
432,"Cadence Aerospace, LLC",Aerospace precision components manufacturer,"Second lien senior secured loan ($79,657 par due 5/2019)",10.50% (Libor + 9.25%/Q),5/10/2012,79657.0,77267
433,"Wyle Laboratories, Inc. and Wyle Holdings, Inc.","Provider of specialized engineering, scientific and technical services",Senior preferred stock (775 shares),8.00% PIK,1/17/2008,133.0,131
434,"Wyle Laboratories, Inc. and Wyle Holdings, Inc.","Provider of specialized engineering, scientific and technical services","Common stock (1,885,195 shares)",0,1/17/2008,2291.0,2598
435,"RE Community Holdings II, Inc., Pegasus Community Energy, LLC., and MPH Energy Holdings, LP",Operator of municipal recycling facilities,"Preferred stock (1,000 shares)",0,3/1/2011,8839.0,0
436,"RE Community Holdings II, Inc., Pegasus Community Energy, LLC., and MPH Energy Holdings, LP",Operator of municipal recycling facilities,Limited partnership interest (3.13% interest),0,1/8/2014,0.0,0
437,"Waste Pro USA, Inc",Waste management services,"Second lien senior secured loan ($76,531 par due 10/2020)",8.50% (Libor + 7.50%/Q),10/15/2014,76531.0,76531
438,"Genomatica, Inc.",Developer of a biotechnology platform for the production of chemical products,"Warrant to purchase 322,422 shares of Series D preferred stock",0,3/28/2013,0.0,6
439,"K2 Pure Solutions Nocal, L.P. (25)",Chemical Producer,"First lien senior secured loan ($13,975 par due 2/2021)",7.00% (Libor + 6.00%/Q),8/19/2013,13975.0,13975
440,"K2 Pure Solutions Nocal, L.P. (25)",Chemical Producer,"First lien senior secured loan ($26,000 par due 2/2021)",7.00% (Libor + 6.00%/Q),8/19/2013,26000.0,26000
441,"K2 Pure Solutions Nocal, L.P. (25)",Chemical Producer,"First lien senior secured loan ($13,000 par due 2/2021)",7.00% (Libor + 6.00%/Q),8/19/2013,13000.0,13000
442,"Kinestral Technologies, Inc.","Designer of adaptive, dynamic glass for the commercial and residential markets.","First lien senior secured loan ($10,000 par due 10/2018)",8.75% (Libor + 7.75%/M),4/22/2014,9869.0,10000
443,"Kinestral Technologies, Inc.","Designer of adaptive, dynamic glass for the commercial and residential markets.","Warrant to purchase up to 325,000 shares of Series A preferred stock",0,4/22/2014,73.0,151
444,"Kinestral Technologies, Inc.","Designer of adaptive, dynamic glass for the commercial and residential markets.","Warrant to purchase up to 131,883 shares of Series B preferred stock",0,4/9/2015,0.0,0
445,"Liquid Light, Inc.",Developer and licensor of process technology for the conversion of carbon dioxide into major chemicals,"First lien senior secured loan ($2,444 par due 11/2017)",10.00% (Libor + 9.00%/M),8/13/2014,2341.0,2444
446,"Liquid Light, Inc.",Developer and licensor of process technology for the conversion of carbon dioxide into major chemicals,"Warrant to purchase up to 86,009 shares of Series B preferred stock",0,8/13/2014,77.0,74
447,"Athletic Club Holdings, Inc. (25)",Premier health club operator,"First lien senior secured loan ($41,000 par due 10/2020)",9.50% (Libor + 8.50%/Q),10/11/2007,41000.0,41000
448,"CFW Co-Invest, L.P., NCP Curves, L.P. and Curves International Holdings, Inc.",Health club franchisor,"Limited partnership interest (4,152,165 shares)",0,7/31/2012,4152.0,0
449,"CFW Co-Invest, L.P., NCP Curves, L.P. and Curves International Holdings, Inc.",Health club franchisor,"Common stock (1,680 shares)",0,11/12/2014,0.0,0
450,"CFW Co-Invest, L.P., NCP Curves, L.P. and Curves International Holdings, Inc.",Health club franchisor,"Limited partnership interest (2,218,235 shares)",0,7/31/2012,2218.0,6585
451,"Flow Solutions Holdings, Inc.","Distributor of high value fluid handling, filtration and flow control products","Second lien senior secured loan ($6,000 par due 10/2018)",10.00% (Libor + 9.00%/Q),12/16/2014,6000.0,5700
452,"Flow Solutions Holdings, Inc.","Distributor of high value fluid handling, filtration and flow control products","Second lien senior secured loan ($29,500 par due 10/2018)",10.00% (Libor + 9.00%/Q),12/16/2014,29500.0,28025
453,"Paper Source, Inc. and Pine Holdings, Inc. (25)",Retailer of fine and artisanal paper products,"First lien senior secured loan ($9,774 par due 9/2018)",7.25% (Libor + 6.25%/Q),9/23/2013,9774.0,9774
454,"Paper Source, Inc. and Pine Holdings, Inc. (25)",Retailer of fine and artisanal paper products,"Class A Common Stock (36,364 shares)",0,9/23/2013,6000.0,8021
455,"Things Remembered, Inc. and TRM Holdings Corporation (25)",Personalized gifts retailer,"First lien senior secured loan ($4,167 par due 5/2017)",0,5/24/2012,4107.0,1792
456,"Things Remembered, Inc. and TRM Holdings Corporation (25)",Personalized gifts retailer,"First lien senior secured loan ($12,878 par due 5/2018)",0,5/24/2012,12606.0,5538
457,Adaptive Mobile Security Limited (9),Developer of security software for mobile communications networks,"First lien senior secured loan ($2,879 par due 7/2018)",10.00% (Libor + 9.00%/Q),1/16/2015,2891.0,3099
458,Adaptive Mobile Security Limited (9),Developer of security software for mobile communications networks,First lien senior secured loan ($735 par due 10/2018),10.00% (Libor + 9.00%/Q),1/16/2015,737.0,792
459,"American Broadband Communications, LLC, American Broadband Holding Company, and Cameron Holdings of NC, Inc.",Broadband communication services,Warrant to purchase up to 208 shares,0,11/7/2007,0.0,7204
460,"American Broadband Communications, LLC, American Broadband Holding Company, and Cameron Holdings of NC, Inc.",Broadband communication services,Warrant to purchase up to 200 shares,0,9/1/2010,0.0,6927
461,"Startec Equity, LLC (8)",Communication services,Member interest,0,4/1/2010,0.0,0
462,Wilcon Holdings LLC,Communications infrastructure provider,"Class A common stock (2,000,000 shares)",0,12/13/2013,1829.0,2927
463,"Everspin Technologies, Inc. (25)",Designer and manufacturer of computer memory solutions,"First lien senior secured revolving loan ($1,500 par due 6/2017)",7.25%(Base Rate + 3.75%/M),6/5/2015,1500.0,1485
464,"Everspin Technologies, Inc. (25)",Designer and manufacturer of computer memory solutions,"First lien senior secured loan ($8,000 par due 6/2019)",8.75% (Libor + 7.75%/M),6/5/2015,7566.0,7920
465,"Everspin Technologies, Inc. (25)",Designer and manufacturer of computer memory solutions,"Warrant to purchase up to 480,000 shares of Series B preferred stock",0,6/5/2015,355.0,355
466,"Liquid Robotics, Inc.","Ocean data services provider utilizing long duration, autonomous surface vehicles","First lien senior secured loan ($5,000 par due 5/2019)",9.00% (Libor + 8.00%/M),10/29/2015,4880.0,4950
467,"Liquid Robotics, Inc.","Ocean data services provider utilizing long duration, autonomous surface vehicles","Warrant to purchase up to 50,263 shares of Series E preferred stock",0,10/29/2015,76.0,72
468,"Batanga, Inc.",Independent digital media company,"First lien senior secured loan ($9,915 par due 12/2016)",12.00% (Libor + 11.00%/M),10/31/2012,9915.0,9975
469,"Earthcolor Group, LLC",Printing management services,Limited liability company interests (9.30%),0,5/18/2012,0.0,0
470,"The Teaching Company, LLC and The Teaching Company Holdings, Inc.",Education publications provider,"Preferred stock (10,663 shares)",0,9/29/2006,1066.0,4116
471,"The Teaching Company, LLC and The Teaching Company Holdings, Inc.",Education publications provider,"Common stock (15,393 shares)",0,9/29/2006,3.0,11
