,Company(1),Business Description,Investment,Interest(6)(12),Acquisition  Date,Amortized  Cost,Fair  Value
2,"ACAS CLO 2007-1, Ltd. (8)(9)(10)",Investment vehicle,Subordinated notes ($25.9 par due 4/2021),0,1/3/2017,0.0,0.0
3,ACAS Equity Holdings Corporation (8)(10),Investment company,Common stock (589 shares),0,1/3/2017,0.5,0.4
4,Ares IIIR/IVR CLO Ltd. (9)(10),Investment vehicle,Subordinated notes ($20.0 par due 4/2021),10.80%,1/3/2017,5.7,5.4
5,Babson CLO Ltd. 2006-II (9)(10),Investment vehicle,Income notes ($15.0 par due 10/2020),0,1/3/2017,0.0,0.0
6,Babson CLO Ltd. 2013-II (9)(10),Investment vehicle,Income notes ($5.0 par due 1/2025),10.00%,1/3/2017,3.1,3.1
7,Babson CLO Ltd. 2014-I (9)(10),Investment vehicle,Subordinated notes ($8.5 par due 7/2025),13.20%,1/3/2017,4.7,5.1
8,Babson CLO Ltd. 2014-II (9)(10),Investment vehicle,Subordinated notes ($25.0 par due 10/2026),19.00%,1/3/2017,12.9,14.3
9,"Blue Hill CLO, Ltd. (9)(10)",Investment vehicle,Subordinated notes ($23.1 par due 11/2023),16.00%,1/3/2017,7.7,8.2
10,"Blue Hill CLO, Ltd. (9)(10)",Investment vehicle,Subordinated notes ($0.3 par due 1/2026),44.70%,1/3/2017,0.0,0.1
12,"Blue Wolf Capital Fund II, L.P. (9)(10)",Investment partnership,Limited partnership interest (8.50% interest),0,1/3/2017,8.0,8.1
13,"Carlyle Global Market Strategies CLO 2015-3, Ltd. (9)(10)",Investment vehicle,Subordinated notes ($24.6 par due 7/2028),11.60%,1/3/2017,20.0,19.5
14,"Carlyle Global Market Strategies CLO 2013-3, Ltd. (9)(10)",Investment vehicle,Subordinated notes ($5.0 par due 7/2025),12.50%,1/3/2017,2.8,2.6
15,Cent CDO 12 Limited (9)(10),Investment vehicle,Income notes ($26.4 par due 11/2020),10.00%,1/3/2017,27.3,26.4
16,Cent CLO 22 Limited (9)(10),Investment vehicle,Subordinated notes ($45.4 par due 11/2026),10.30%,1/3/2017,25.2,23.4
17,Cent CLO 24 Limited (9)(10),Investment vehicle,Subordinated notes ($28.0 par due 10/2026),10.30%,1/3/2017,22.0,21.4
18,Centurion CDO 8 Limited (9)(10),Investment vehicle,Subordinated notes ($5.0 par due 3/2019),0,1/3/2017,0.0,0.0
19,CoLTs 2005-1 Ltd. (8)(9)(10),Investment vehicle,Preferred shares (360 shares),0,1/3/2017,0.0,0.0
20,CoLTs 2005-2 Ltd. (8)(9)(10),Investment vehicle,"Preferred shares (34,170,000 shares)",0,1/3/2017,0.0,0.0
21,CREST Exeter Street Solar 2004-1 (9)(10),Investment vehicle,"Preferred shares (3,500,000 shares)",0,1/3/2017,0.0,0.0
22,Eaton Vance CDO X plc (9)(10),Investment vehicle,Subordinated notes ($15.0 par due 2/2027),11.30%,1/3/2017,4.7,5.6
23,European Capital UK SME Debt LP (8)(9)(10)(26),Investment partnership,Limited partnership interest (45% interest),0,1/3/2017,28.1,30.5
24,Flagship CLO V (9)(10),Investment vehicle,"Subordinated securities (15,000 shares)",0,1/3/2017,0.0,0.0
25,"GoldenTree Loan Opportunities VII, Limited (9)(10)",Investment vehicle,Subordinated notes ($35.3 par due 4/2025),11.50%,1/3/2017,21.6,21.6
26,Halcyon Loan Advisors Funding 2014-1 Ltd. (9)(10),Investment vehicle,Subordinated notes ($1.3 par due 4/2026),19.00%,1/3/2017,0.5,0.5
27,"Halcyon Loan Advisors Funding 2015-2, Ltd. (9)(10)",Investment vehicle,Subordinated notes ($21.7 par due 7/2027),14.80%,1/3/2017,15.4,14.5
28,"HCI Equity, LLC (8)(9)(10)",Investment company,Member interest (100.00% interest),0,4/1/2010,0.0,0.1
29,Herbert Park B.V. (9)(10),Investment vehicle,Subordinated notes ($24.0 par due 10/2026),13.80%,1/3/2017,19.8,19.7
30,"Imperial Capital Private Opportunities, LP (10)",Investment partnership,Limited partnership interest (80.00% interest),0,5/10/2007,4.1,16.4
31,"LightPoint CLO VII, Ltd. (9)(10)",Investment vehicle,Subordinated notes ($9.0 par due 5/2021),0,1/3/2017,0.0,0.0
32,"Montgomery Lane, LLC and Montgomery Lane, Ltd. (8)(9)(10)",Investment company,Common stock (100 shares),0,1/3/2017,2.0,3.7
33,"Montgomery Lane, LLC and Montgomery Lane, Ltd. (8)(9)(10)",Investment company,"Common stock (50,000 shares)",0,1/3/2017,0.0,0.0
35,NYLIM Flatiron CLO 2006-1 LTD. (9)(10),Investment vehicle,"Subordinated securities (10,000 shares)",0,1/3/2017,0.0,0.0
