,Company(1),Business Description,Investment,Interest(5)(11),Acquisition  Date,Amortized  Cost,Fair Value
0,"AGILE Fund I, LLC (9)",Investment partnership,Member interest (0.50% interest),0,4/1/2010,113.0,21
1,"CIC Flex, LP (9)",Investment partnership,Limited partnership units (0.94 units),0,9/7/2007,962.0,2908
2,"Covestia Capital Partners, LP (9)",Investment partnership,Limited partnership interest (47.00% interest),0,6/17/2008,826.0,936
3,"Dynamic India Fund IV, LLC (9)",Investment company,Member interest (5.44% interest),0,4/1/2010,4822.0,3228
4,"HCI Equity, LLC (7)(8)(9)",Investment company,Member interest (100.00% interest),0,4/1/2010,182.0,350
5,"Imperial Capital Private Opportunities, LP (9)",Investment partnership,Limited partnership interest (80.00% interest),0,5/10/2007,5731.0,12571
6,"Partnership Capital Growth Fund I, L.P. (9)",Investment partnership,Limited partnership interest (25.00% interest),0,6/16/2006,1424.0,3938
7,"Partnership Capital Growth Investors III, L.P. (9)",Investment partnership,Limited partnership interest (2.50% interest),0,10/5/2011,2632.0,2610
8,"Piper Jaffray Merchant Banking Fund I, L.P. (9)",Investment partnership,Limited partnership interest (2.00% interest),0,8/16/2012,596.0,547
9,Senior Secured Loan Fund LLC (7)(10),Co-investment vehicle,"Subordinated certificates ($1,570,285 par due 12/2022)",8.27% (Libor + 8.00%/Q)(22),10/30/2009,1568578.0,1593839
10,Senior Secured Loan Fund LLC (7)(10),Co-investment vehicle,Membership interest (87.50% interest),0,10/30/2009,0.0,0
11,VSC Investors LLC (9),Investment company,Membership interest (1.95% interest),0,1/24/2008,619.0,1175
12,"AxelaCare Holdings, Inc. and AxelaCare Investment Holdings, L.P.",Provider of home infusion services,"First lien senior secured loan ($7,453 par due 4/2019)",5.75% (Libor + 4.50%/Q),4/12/2013,7453.0,7453
13,"AxelaCare Holdings, Inc. and AxelaCare Investment Holdings, L.P.",Provider of home infusion services,"Preferred units (7,425,000 units)",0,4/12/2013,742.0,885
14,"AxelaCare Holdings, Inc. and AxelaCare Investment Holdings, L.P.",Provider of home infusion services,"Common units (75,000 units)",0,4/12/2013,7.0,9
15,"California Forensic Medical Group, Incorporated",Correctional facility healthcare operator,"First lien senior secured loan ($53,775 par due 11/2018)",9.25% (Libor + 8.00%/Q),11/16/2012,53775.0,53775
16,"CCS Group Holdings, LLC",Correctional facility healthcare operator,"Class A units (601,937 units)",0,8/19/2010,602.0,1475
17,"CT Technologies Intermediate Holdings, Inc. and CT Technologies Holdings LLC (6)",Healthcare analysis services provider,"First lien senior secured loan ($5,102 par due 3/2017)",8.75% (Base Rate + 5.50%/M),3/15/2011,5102.0,5102
18,"CT Technologies Intermediate Holdings, Inc. and CT Technologies Holdings LLC (6)",Healthcare analysis services provider,"First lien senior secured loan ($4,837 par due 3/2017)",8.75% (Base Rate + 5.50%/M),3/15/2011,4837.0,4837
19,"CT Technologies Intermediate Holdings, Inc. and CT Technologies Holdings LLC (6)",Healthcare analysis services provider,"First lien senior secured loan ($2,348 par due 3/2017)",7.75% (Libor + 6.50%/M),3/15/2011,2348.0,2348
20,"CT Technologies Intermediate Holdings, Inc. and CT Technologies Holdings LLC (6)",Healthcare analysis services provider,"First lien senior secured loan ($2,226 par due 3/2017)",7.75% (Libor + 6.50%/M),3/15/2011,2226.0,2226
21,"CT Technologies Intermediate Holdings, Inc. and CT Technologies Holdings LLC (6)",Healthcare analysis services provider,"Class A common stock (9,679 shares)",0,6/15/2007,4000.0,6448
22,"CT Technologies Intermediate Holdings, Inc. and CT Technologies Holdings LLC (6)",Healthcare analysis services provider,"Class C common stock (1,546 shares)",0,6/15/2007,0.0,1778
23,"Dialysis Newco, Inc.",Dialysis provider,"First lien senior secured loan ($27,245 par due 8/2020)",6.50% (Base Rate + 3.25%/Q),8/16/2013,27245.0,27245
24,"Dialysis Newco, Inc.",Dialysis provider,"Second lien senior secured loan ($56,500 par due 2/2021)",9.75% (Libor + 8.50%/Q),8/16/2013,56500.0,56500
25,"Genocea Biosciences, Inc.",Vaccine discovery technology company,"First lien senior secured loan ($3,500 par due 4/2017)",8.00%,9/30/2013,3430.0,3500
26,"Genocea Biosciences, Inc.",Vaccine discovery technology company,"Warrant to purchase up to 689,655 shares of Series C convertible preferred stock",0,9/30/2013,0.0,0
27,"INC Research, Inc.",Pharmaceutical and biotechnology consulting services,"Common stock (1,410,000 shares)",0,9/27/2010,1512.0,1381
28,Intermedix Corporation,Revenue cycle management provider to the emergency healthcare industry,"Second lien senior secured loan ($112,000 par due 6/2019)",10.25% (Libor + 9.00%/Q),12/27/2012,112000.0,112000
29,"JHP Group Holdings, Inc.",Marketer and manufacturer of branded and generic specialty pharmaceutical products,"Series A preferred stock (1,000,000 shares)",6.00% PIK,2/19/2013,1000.0,1470
30,"LM Acquisition Holdings, LLC",Developer and manufacturer of medical equipment,Class A units (426 units),0,9/27/2013,1000.0,1000
31,"Magnacare Holdings, Inc., Magnacare Administrative Services, LLC, and Magnacare, LLC",Healthcare professional provider,"First lien senior secured loan ($135,610 par due 3/2018)",9.00% (Libor + 8.00%/Q),9/15/2010,136251.0,135610
32,"Magnacare Holdings, Inc., Magnacare Administrative Services, LLC, and Magnacare, LLC",Healthcare professional provider,"First lien senior secured loan ($57,017 par due 3/2018)",9.00% (Libor + 8.00%/Q),9/15/2010,57017.0,57017
33,"Magnacare Holdings, Inc., Magnacare Administrative Services, LLC, and Magnacare, LLC",Healthcare professional provider,"First lien senior secured loan ($4,747 par due 3/2018)",9.00% (Libor + 8.00%/Q),3/16/2012,4747.0,4747
34,MW Dental Holding Corp.,Dental services provider,"First lien senior secured revolving loan ($3,500 par due 4/2017)",8.50% (Libor + 7.00%/M),4/12/2011,3500.0,3500
35,MW Dental Holding Corp.,Dental services provider,"First lien senior secured loan ($57,605 par due 4/2017)",8.50% (Libor + 7.00%/M),4/12/2011,57605.0,57605
36,MW Dental Holding Corp.,Dental services provider,"First lien senior secured loan ($48,881 par due 4/2017)",8.50% (Libor + 7.00%/M),4/12/2011,48881.0,48881
37,MW Dental Holding Corp.,Dental services provider,"First lien senior secured loan ($9,825 par due 4/2017)",8.50% (Libor + 7.00%/M),4/12/2011,9825.0,9825
38,Napa Management Services Corporation,Anesthesia management services provider,"First lien senior secured loan ($23,555 par due 4/2018)",6.50% (Libor + 5.25%/Q),4/15/2011,23555.0,23555
39,Napa Management Services Corporation,Anesthesia management services provider,"First lien senior secured loan ($33,350 par due 4/2018)",6.50% (Libor + 5.25%/Q),4/15/2011,33283.0,33350
40,Napa Management Services Corporation,Anesthesia management services provider,"Common units (5,000 units)",0,4/15/2011,5000.0,7140
41,"Netsmart Technologies, Inc. and NS Holdings, Inc.",Healthcare technology provider,"First lien senior secured loan ($2,851 par due 12/2017)",7.25% (Libor + 6.00%/Q),12/18/2012,2851.0,2851
42,"Netsmart Technologies, Inc. and NS Holdings, Inc.",Healthcare technology provider,"First lien senior secured loan ($36,492 par due 12/2017)",7.25% (Libor + 6.00%/Q),12/18/2012,36492.0,36492
43,"Netsmart Technologies, Inc. and NS Holdings, Inc.",Healthcare technology provider,"Common stock (2,500,000 shares)",0,6/21/2010,2500.0,2539
44,"New Trident Holdcorp, Inc.",Provider of outsourced mobile diagnostic healthcare services,"Second lien senior secured loan ($80,000 par due 7/2020)",10.25% (Libor + 9.00%/Q),8/6/2013,78425.0,80000
45,OnCURE Medical Corp.,Radiation oncology care provider,"Common stock (857,143 shares)",0,8/18/2006,3000.0,0
46,"Passport Health Communications, Inc., Passport Holding Corp. and Prism Holding Corp.",Healthcare technology provider,"Series A preferred stock (1,594,457 shares)",10.00% PIK,7/30/2008,5560.0,7025
47,"Passport Health Communications, Inc., Passport Holding Corp. and Prism Holding Corp.",Healthcare technology provider,"Common stock (16,106 shares)",0,7/30/2008,100.0,0
48,"PG Mergersub, Inc. and PGA Holdings, Inc.","Provider of patient surveys, management reports and national databases for the integrated healthcare delivery system","Second lien senior secured loan ($21,316 par due 10/2018)",8.25% (Libor + 7.00%/Q),4/19/2012,21316.0,21316
49,"PG Mergersub, Inc. and PGA Holdings, Inc.","Provider of patient surveys, management reports and national databases for the integrated healthcare delivery system",Preferred stock (333 shares),0,3/12/2008,125.0,16
50,"PG Mergersub, Inc. and PGA Holdings, Inc.","Provider of patient surveys, management reports and national databases for the integrated healthcare delivery system","Common stock (16,667 shares)",0,3/12/2008,167.0,821
51,"POS I Corp. (fka Vantage Oncology, Inc.)",Radiation oncology care provider,"Common stock (62,157 shares)",0,2/3/2011,4670.0,2263
52,"RCHP, Inc.",Operator of general acute care hospitals,"First lien senior secured loan ($14,925 par due",7.00% (Libor + 5.75%/Q),11/4/2011,14925.0,14925
53,"RCHP, Inc.",Operator of general acute care hospitals,"First lien senior secured loan ($60,670 par due 11/2018)",7.00% (Libor + 5.75%/Q),11/4/2011,60647.0,60670
54,"RCHP, Inc.",Operator of general acute care hospitals,"Second lien senior secured loan ($85,000 par due 5/2019)",11.50% (Libor + 10.00%/Q),11/4/2011,85000.0,85000
55,"Reed Group, Ltd.",Medical disability management services provider,Equity interests,0,4/1/2010,0.0,0
56,"Respicardia, Inc.",Developer of implantable therapies to improve cardiovascular health,"First lien senior secured loan ($4,400 par due 7/2015)",11.00%,6/28/2012,4383.0,4400
57,"Respicardia, Inc.",Developer of implantable therapies to improve cardiovascular health,"Warrants to purchase up to 99,094 shares of Series C preferred stock",0,6/28/2012,38.0,29
58,"Sage Products Holdings III, LLC",Patient infection control and preventive care solutions provider,"Second lien senior secured loan ($75,000 par due 6/2020)",9.25% (Libor + 8.00%/Q),12/13/2012,75000.0,75000
59,"Sorbent Therapeutics, Inc.",Orally-administered drug developer,"First lien senior secured loan ($6,500 par due 9/2016)",10.25%,4/23/2013,6500.0,6500
60,"Sorbent Therapeutics, Inc.",Orally-administered drug developer,"Warrant to purchase up to 727,272 shares of Series C preferred stock",0,4/23/2013,0.0,25
61,"Soteria Imaging Services, LLC (6)",Outpatient medical imaging provider,Second lien senior secured loan ($916 par due 11/2010),0,4/1/2010,714.0,71
62,"Soteria Imaging Services, LLC (6)",Outpatient medical imaging provider,"Second lien senior secured loan ($1,309 par due 11/2010)",0,4/1/2010,1095.0,101
63,"Soteria Imaging Services, LLC (6)",Outpatient medical imaging provider,"Preferred member units (1,823,179 units)",0,4/1/2010,0.0,0
64,"SurgiQuest, Inc.",Medical device company,"First lien senior secured loan ($6,767 par due 10/2016)",10.00%,9/28/2012,6596.0,6767
65,"SurgiQuest, Inc.",Medical device company,"First lien senior secured loan ($2,000 par due 10/2017)",10.69%,9/28/2012,1950.0,2000
66,"SurgiQuest, Inc.",Medical device company,"Warrants to purchase up to 54,672 shares of Series D-4 convertible preferred stock",0,9/28/2012,0.0,0
67,"U.S. Anesthesia Partners, Inc.",Anesthesiology service provider,"First lien senior secured loan ($14,925 par due 12/2018)",6.50% (Libor + 5.50%/Q),12/27/2012,14925.0,14925
68,"Young Innovations, Inc.",Dental supplies and equipment manufacturer,First lien senior secured loan ($30 par due 1/2019),6.75% (Base Rate + 3.50%/Q),1/31/2013,30.0,30
69,"Young Innovations, Inc.",Dental supplies and equipment manufacturer,First lien senior secured loan ($20 par due 1/2019),6.75% (Base Rate + 3.50%/Q),1/31/2013,20.0,20
70,"Young Innovations, Inc.",Dental supplies and equipment manufacturer,"First lien senior secured loan ($20,576 par due 1/2019)",5.75% (Libor + 4.50%/M),1/31/2013,20576.0,20576
71,"Young Innovations, Inc.",Dental supplies and equipment manufacturer,"First lien senior secured loan ($13,938 par due 1/2019)",5.75% (Libor + 4.50%/M),1/31/2013,13938.0,13938
72,"Access CIG, LLC",Records and information management services provider,First lien senior secured loan ($992 par due 10/2017),7.00% (Libor + 5.75%/Q),10/5/2012,992.0,992
73,"BluePay Processing, Inc.",Technology-enabled payment processing solutions provider,"First lien senior secured loan ($7,500 par due 8/2019)",5.00% (Libor + 4.00%/Q),8/30/2013,7500.0,7500
74,"Cast & Crew Payroll, LLC and Centerstage Co-Investors, L.L.C. (6)",Payroll and accounting services provider to the entertainment industry,"First lien senior secured loan ($18,360 par due 12/2017)",7.50% (Libor + 6.50%/Q),12/24/2012,18360.0,18360
75,"Cast & Crew Payroll, LLC and Centerstage Co-Investors, L.L.C. (6)",Payroll and accounting services provider to the entertainment industry,First lien senior secured loan ($890 par due 12/2017),8.75% (Base Rate + 5.50%/Q),12/24/2012,890.0,890
76,"Cast & Crew Payroll, LLC and Centerstage Co-Investors, L.L.C. (6)",Payroll and accounting services provider to the entertainment industry,"First lien senior secured loan ($45,900 par due 12/2017)",7.50% (Libor + 6.50%/Q),12/24/2012,45900.0,45900
77,"Cast & Crew Payroll, LLC and Centerstage Co-Investors, L.L.C. (6)",Payroll and accounting services provider to the entertainment industry,"First lien senior secured loan ($2,225 par due",8.75% (Base Rate + 5.50%/Q),12/24/2012,2225.0,2225
78,"Cast & Crew Payroll, LLC and Centerstage Co-Investors, L.L.C. (6)",Payroll and accounting services provider to the entertainment industry,"Class A membership units (2,500,000 units)",0,12/24/2012,2500.0,2748
79,"Cast & Crew Payroll, LLC and Centerstage Co-Investors, L.L.C. (6)",Payroll and accounting services provider to the entertainment industry,"Class B membership units (2,500,000 units)",0,12/24/2012,2500.0,2748
80,"CIBT Investment Holdings, LLC",Expedited travel document processing services,"Class A shares (2,500 shares)",0,12/15/2011,2500.0,3587
81,CitiPostal Inc. (7),Document storage and management services,First lien senior secured revolving loan ($500 par due 12/2013),6.50% (Libor + 4.50%/M),4/1/2010,500.0,500
82,CitiPostal Inc. (7),Document storage and management services,"First lien senior secured loan ($53,623 par due 12/2013)","8.50% Cash, 5.50% PIK",4/1/2010,53623.0,53623
83,CitiPostal Inc. (7),Document storage and management services,"Senior subordinated loan ($19,399 par due 12/2015)",0,4/1/2010,13038.0,1655
84,CitiPostal Inc. (7),Document storage and management services,"Common stock (37,024 shares)",0,4/1/2010,0.0,0
85,"Command Alkon, Inc.",Software solutions provider to the ready-mix concrete industry,"Second lien senior secured loan ($39,130 par due 3/2018)",9.75% (Libor + 8.50%/Q),9/28/2012,39130.0,39130
86,"Cornerstone Records Management, LLC",Physical records storage and management service provider,"First lien senior secured loan ($16,397 par due 12/2015)",9.50% (Libor + 8.00%/Q),8/12/2011,16397.0,16397
87,"Coverall North America, Inc.",Commercial janitorial services provider,Letter of credit facility,0,1/17/2013,0.0,0
88,"HCPro, Inc. and HCP Acquisition Holdings, LLC (7)",Healthcare compliance advisory services,"Senior subordinated loan ($8,907 par due 8/2014)",0,3/5/2013,2691.0,552
89,"HCPro, Inc. and HCP Acquisition Holdings, LLC (7)",Healthcare compliance advisory services,"Class A units (14,293,110 units)",0,6/26/2008,12793.0,0
90,IfByPhone Inc.,Voice-based marketing automation software provider,"First lien senior secured loan ($1,733 par due 11/2015)",11.00%,10/15/2012,1678.0,1733
91,IfByPhone Inc.,Voice-based marketing automation software provider,First lien senior secured loan ($933 par due 1/2016),11.00%,10/15/2012,933.0,933
92,IfByPhone Inc.,Voice-based marketing automation software provider,"Warrant to purchase up to 124,300 shares of Series C preferred stock",0,10/15/2012,88.0,71
93,"Impact Innovations Group, LLC",IT consulting and outsourcing services,Member interest (50.00% interest),0,4/1/2010,0.0,200
94,"Investor Group Services, LLC (6)",Business consulting for private equity and corporate clients,Limited liability company membership interest (8.5% interest),0,6/22/2006,0.0,624
95,"IronPlanet, Inc.",Online auction platform provider for used heavy equipment,"First lien senior secured loan ($5,000 par due 7/2017)",9.25%,9/24/2013,4687.0,4800
96,"IronPlanet, Inc.",Online auction platform provider for used heavy equipment,"Warrant to purchase to up to 133,333 shares of Series C preferred stock",0,9/24/2013,214.0,214
97,"Itel Laboratories, Inc.",Data services provider for building materials to property insurance industry,"Preferred units (1,798,391 units)",0,6/29/2012,1000.0,1052
98,"Keynote Systems, Inc. and Hawaii Ultimate Parent Corp., Inc.",Web and mobile cloud performance testing and monitoring services provider,"First lien senior secured loan ($175,000 par due 2/2020)",9.50% (Libor + 8.50%/S),8/22/2013,175000.0,175000
99,"Keynote Systems, Inc. and Hawaii Ultimate Parent Corp., Inc.",Web and mobile cloud performance testing and monitoring services provider,"Class A common stock (2,970 shares)",0,8/22/2013,2970.0,2970
100,"Keynote Systems, Inc. and Hawaii Ultimate Parent Corp., Inc.",Web and mobile cloud performance testing and monitoring services provider,"Class B common stock (1,956,522 shares)",0,8/22/2013,30.0,30
101,"Multi-Ad Services, Inc. (6)",Marketing services and software provider,"Preferred units (1,725,280 units)",0,4/1/2010,788.0,2102
102,"Multi-Ad Services, Inc. (6)",Marketing services and software provider,"Common units (1,725,280 units)",0,4/1/2010,0.0,0
103,"MVL Group, Inc. (7)",Marketing research provider,"Senior subordinated loan ($37,467 par due 7/2012)",0,4/1/2010,34636.0,6952
104,"MVL Group, Inc. (7)",Marketing research provider,Junior subordinated loan ($185 par due 7/2012),0,4/1/2010,0.0,0
105,"MVL Group, Inc. (7)",Marketing research provider,"Common stock (560,716 shares)",0,4/1/2010,0.0,0
106,"NComputing, Inc.",Desktop virtualization hardware and software,"First lien senior secured loan ($6,500 par due",10.50%,3/20/2013,6500.0,6500
107,"NComputing, Inc.",Desktop virtualization hardware and software,"Warrant to purchase up to 462,726 shares of Series C preferred stock",0,3/20/2013,0.0,6
108,"Pillar Processing LLC and PHL Investors, Inc. (6)",Mortgage services,"First lien senior secured loan ($6,262 par due 11/2018)",0,7/31/2008,5688.0,4764
109,"Pillar Processing LLC and PHL Investors, Inc. (6)",Mortgage services,"First lien senior secured loan ($7,375 par due 5/2019)",0,11/20/2007,5862.0,0
110,"Pillar Processing LLC and PHL Investors, Inc. (6)",Mortgage services,Class A common stock (576 shares),0,7/31/2012,3768.0,0
111,"Powersport Auctioneer Holdings, LLC",Powersport vehicle auction operator,"Common units (1,972 units)",0,3/2/2012,1000.0,816
112,"PSSI Holdings, LLC",Provider of mission-critical outsourced cleaning and sanitation services to the food processing industry,"First lien senior secured loan ($1,000 par due 6/2018)",6.00% (Libor + 5.00%/Q),8/7/2013,1000.0,1000
113,R2 Acquisition Corp.,Marketing services,"Common stock (250,000 shares)",0,5/29/2007,250.0,141
114,"Rainstor, Inc.",Database solutions provider,"First lien senior secured loan ($3,000 par due 4/2016)",11.25%,3/28/2013,2925.0,3000
115,"Rainstor, Inc.",Database solutions provider,"Warrant to purchase up to 142,210 shares of Series C preferred stock",0,3/28/2013,88.0,70
116,"Strident Holding, Inc.",Recovery audit services provider to commercial and governmental healthcare payors,"First lien senior secured loan ($7,639 par due 7/2018)",6.50% (Libor + 5.25%/Q),7/26/2012,7639.0,7639
117,"Strident Holding, Inc.",Recovery audit services provider to commercial and governmental healthcare payors,"First lien senior secured loan ($9,603 par due 7/2018)",6.50% (Libor + 5.25%/Q),7/26/2012,9603.0,9603
118,Summit Business Media Parent Holding Company LLC,Business media consulting services,Limited liability company membership interest (45.98% interest),0,5/20/2011,0.0,1489
119,"TOA Technologies, Inc.","Cloud based, mobile workforce management applications provider","First lien senior secured loan ($12,892 par due 11/2016)",10.25%,10/31/2012,12404.0,12892
120,"TOA Technologies, Inc.","Cloud based, mobile workforce management applications provider","Warrant to purchase up to 2,509,770 shares of Series D preferred stock",0,10/31/2012,605.0,1032
121,"Tripwire, Inc.",IT security software provider,"First lien senior secured loan ($104,950 par due 5/2018)",8.00% (Libor + 6.75%/Q),5/23/2011,104950.0,104950
122,"Tripwire, Inc.",IT security software provider,"First lien senior secured loan ($49,875 par due 5/2018)",8.00% (Libor + 6.75%/Q),5/23/2011,49875.0,49875
123,"Tripwire, Inc.",IT security software provider,"First lien senior secured loan ($9,975 par due 5/2018)",8.00% (Libor + 6.75%/Q),5/23/2011,9975.0,9975
124,"Tripwire, Inc.",IT security software provider,"Class A common stock (2,970 shares)",0,5/23/2011,2970.0,7555
125,"Tripwire, Inc.",IT security software provider,"Class B common stock (2,655,638 shares)",0,5/23/2011,30.0,76
126,"Venturehouse-Cibernet Investors, LLC",Financial settlement services for intercarrier wireless roaming,Equity interest,0,4/1/2010,0.0,0
127,"VSS-Tranzact Holdings, LLC (6)",Management consulting services,Common membership interest (5.98% interest),0,10/26/2007,10204.0,3479
128,"X Plus Two Solutions, Inc. and X Plus One Solutions, Inc.",Provider of open and integrated software for digital marketing optimization,"First lien senior secured revolving loan ($5,640 par due 9/2014)",8.50%,4/1/2013,5640.0,5640
129,"X Plus Two Solutions, Inc. and X Plus One Solutions, Inc.",Provider of open and integrated software for digital marketing optimization,"First lien senior secured loan ($7,000 par due 10/2016)",10.00%,4/1/2013,6618.0,6720
130,"X Plus Two Solutions, Inc. and X Plus One Solutions, Inc.",Provider of open and integrated software for digital marketing optimization,"Warrant to purchase up to 999,167 shares of Series C preferred stock",0,4/1/2013,284.0,284
131,"American Academy Holdings, LLC","Provider of education, training, certification, networking, and consulting services to medical coders and other healthcare professionals","First lien senior secured revolving loan ($4,850 par due 3/2019)",6.00% (Libor + 5.00%/Q),3/18/2011,4850.0,4850
132,"American Academy Holdings, LLC","Provider of education, training, certification, networking, and consulting services to medical coders and other healthcare professionals","First lien senior secured loan ($59,236 par due 3/2019)",6.00% (Libor + 5.00%/Q),3/18/2011,59236.0,59236
133,"American Academy Holdings, LLC","Provider of education, training, certification, networking, and consulting services to medical coders and other healthcare professionals","First lien senior secured loan ($4,651 par due 3/2019)",6.00% (Libor + 5.00%/Q),3/18/2011,4651.0,4651
134,Campus Management Corp. and Campus Management Acquisition Corp. (6),Education software developer,"Preferred stock (485,159 shares)",0,2/8/2008,10520.0,1942
135,"Community Education Centers, Inc.",Offender re-entry and in-prison treatment services provider,"First lien senior secured loan ($14,643 par due 12/2014)",6.25% (Libor + 5.25%/Q),12/10/2010,14643.0,14643
136,"Community Education Centers, Inc.",Offender re-entry and in-prison treatment services provider,"Second lien senior secured loan ($34,706 par due 12/2015)","15.27% (Libor + 8.50% Cash, 6.50% PIK/Q)",12/10/2010,34706.0,33665
137,"Community Education Centers, Inc.",Offender re-entry and in-prison treatment services provider,"Second lien senior secured loan ($10,475 par due 12/2015)","15.28% (Libor + 8.50% Cash, 6.50% PIK/Q)",12/10/2010,10475.0,10161
138,"Community Education Centers, Inc.",Offender re-entry and in-prison treatment services provider,"Warrants to purchase up to 654,618 shares",0,12/10/2010,0.0,1090
139,"ELC Acquisition Corp., ELC Holdings Corporation, and Excelligence Learning Corporation (6)","Developer, manufacturer and retailer of educational products","Preferred stock (99,492 shares)",12.00% PIK,8/1/2011,9949.0,9949
140,"ELC Acquisition Corp., ELC Holdings Corporation, and Excelligence Learning Corporation (6)","Developer, manufacturer and retailer of educational products","Common stock (50,800 shares)",0,8/1/2011,0.0,2307
141,"Infilaw Holding, LLC",Operator of for-profit law schools,First lien senior secured revolving loan,0,8/25/2011,0.0,0
142,"Infilaw Holding, LLC",Operator of for-profit law schools,First lien senior secured loan ($1 par due 8/2016),9.50% (Libor + 8.50%/Q),8/25/2011,1.0,1
143,"Infilaw Holding, LLC",Operator of for-profit law schools,"First lien senior secured loan ($18,943 par due 8/2016)",9.50% (Libor + 8.50%/Q),8/25/2011,18943.0,18943
144,"Infilaw Holding, LLC",Operator of for-profit law schools,"Series A preferred units (124,890 units)",9.50% (Libor + 8.50%/Q),8/25/2011,124890.0,124890
145,"Infilaw Holding, LLC",Operator of for-profit law schools,Series B preferred units (3.91 units),0,10/19/2012,9245.0,10652
146,"Instituto de Banca y Comercio, Inc.",Private school operator,"First lien senior secured loan ($39,760 par due 6/2015)",10.50% (Libor + 8.25%/Q),4/24/2013,39681.0,38965
147,"Instituto de Banca y Comercio, Inc.",Private school operator,"First lien senior secured loan ($14,887 par due 6/2015)",10.50% (Libor + 8.25%/Q),4/24/2013,14858.0,14589
148,"Instituto de Banca y Comercio, Inc.",Private school operator,"Series B preferred stock (1,750,000 shares)",0,8/5/2010,5000.0,7990
149,"Instituto de Banca y Comercio, Inc.",Private school operator,"Series C preferred stock (2,512,586 shares)",0,6/7/2010,689.0,0
150,"Instituto de Banca y Comercio, Inc.",Private school operator,Common stock (20 shares),0,6/7/2010,0.0,0
151,"Lakeland Tours, LLC",Educational travel provider,"First lien senior secured revolving loan ($18,000 par due 12/2016)",5.25% (Libor + 4.25%/Q),10/4/2011,18000.0,18000
152,"Lakeland Tours, LLC",Educational travel provider,"First lien senior secured loan ($27,000 par due 12/2016)",8.50% (Libor + 7.50%/Q),10/4/2011,27000.0,27000
153,"Lakeland Tours, LLC",Educational travel provider,"First lien senior secured loan ($61,326 par due 12/2016)",8.50% (Libor + 7.50%/Q),10/4/2011,61244.0,61326
154,"Lakeland Tours, LLC",Educational travel provider,"First lien senior secured loan ($3,968 par due 12/2016)",5.25% (Libor + 4.25%/Q),10/4/2011,3963.0,3968
155,"Lakeland Tours, LLC",Educational travel provider,"First lien senior secured loan ($40,362 par due 12/2016)",8.50% (Libor + 7.50%/Q),10/4/2011,40271.0,40362
156,"Lakeland Tours, LLC",Educational travel provider,"First lien senior secured loan ($8,465 par due 12/2016)",5.25% (Libor + 4.25%/Q),10/4/2011,8446.0,8465
157,"Lakeland Tours, LLC",Educational travel provider,"Common stock (5,000 shares)",0,10/4/2011,5000.0,5336
158,"R3 Education, Inc. and EIC",Medical school operator,"Preferred stock (8,800",0,7/30/2008,2200.0,1936
159,"R3 Education, Inc. and EIC",Medical school operator,Common membership interest (26.27% interest),0,9/21/2007,15800.0,30205
160,"R3 Education, Inc. and EIC",Medical school operator,"Warrants to purchase up to 27,890 shares",0,12/8/2009,0.0,0
161,"RuffaloCODY, LLC",Provider of student fundraising and enrollment management services,"First lien senior secured loan ($30,693 par due 5/2019)",5.50% (Libor + 4.25%/Q),5/29/2013,30693.0,30693
162,Capital Investments and Ventures Corp.,SCUBA diver training and certification provider,"First lien senior secured loan ($26,956 par due 8/2018)",7.00% (Libor + 5.75%/Q),8/9/2012,26956.0,26956
163,Capital Investments and Ventures Corp.,SCUBA diver training and certification provider,"First lien senior secured loan ($34,719 par due 8/2018)",7.00% (Libor + 5.75%/Q),8/9/2012,34719.0,34719
164,Capital Investments and Ventures Corp.,SCUBA diver training and certification provider,"First lien senior secured loan ($9,488 par due 8/2018)",7.00% (Libor + 5.75%/Q),8/9/2012,9488.0,9488
165,"Competitor Group, Inc. and Calera XVI, LLC",Endurance sports media and event operator,"First lien senior secured revolving loan ($2,850 par due 11/2018)",10.00% (Base Rate + 6.75%/Q),11/30/2012,2850.0,2565
166,"Competitor Group, Inc. and Calera XVI, LLC",Endurance sports media and event operator,First lien senior secured revolving loan ($900 par due 11/2018),9.00% (Libor + 7.75%/Q),11/30/2012,900.0,810
167,"Competitor Group, Inc. and Calera XVI, LLC",Endurance sports media and event operator,"First lien senior secured loan ($24,379 par due 11/2018)","10.00% (Libor + 7.75% Cash, 1.00% PIK/Q)",11/30/2012,24379.0,21941
168,"Competitor Group, Inc. and Calera XVI, LLC",Endurance sports media and event operator,"First lien senior secured loan ($29,851 par due 11/2018)","10.00% (Libor + 7.75% Cash, 1.00% PIK/Q)",11/30/2012,29851.0,26866
169,"Competitor Group, Inc. and Calera XVI, LLC",Endurance sports media and event operator,"Membership units (2,500,000 units)",0,11/30/2012,2510.0,658
170,"ISS #2, LLC","Provider of repairs, refurbishments and services to the broader industrial end user markets","First lien senior secured loan ($14,962 par due 6/2018)",6.50% (Libor + 5.50%/Q),6/5/2013,14962.0,14962
171,"ISS #2, LLC","Provider of repairs, refurbishments and services to the broader industrial end user markets","First lien senior secured loan ($44,887 par due 6/2018)",6.50% (Libor + 5.50%/Q),6/5/2013,44887.0,44887
172,"Massage Envy, LLC",Franchisor in the massage industry,"First lien senior secured loan ($29,366 par due 9/2018)",8.50% (Libor + 7.25%/Q),9/27/2012,29366.0,29366
173,"Massage Envy, LLC",Franchisor in the massage industry,"First lien senior secured loan ($49,609 par due 9/2018)",8.50% (Libor + 7.25%/Q),9/27/2012,49609.0,49609
174,"Massage Envy, LLC",Franchisor in the massage industry,"Common stock (3,000,000 shares)",0,9/27/2012,3000.0,3421
175,"McKenzie Sports Products, LLC","Designer, manufacturer and distributor of taxidermy forms and supplies","First lien senior secured loan ($9,314 par due 3/2017)",6.00% (Libor + 4.75%/M),3/30/2012,9314.0,9314
176,"McKenzie Sports Products, LLC","Designer, manufacturer and distributor of taxidermy forms and supplies",First lien senior secured loan ($11 par due 3/2017),7.00% (Base Rate + 3.75%/M),3/30/2012,11.0,11
177,Spin HoldCo Inc.,Laundry service and equipment provider,"Second lien senior secured loan ($140,000 par due 5/2020)",9.00% (Libor + 7.75%/M),5/14/2013,140000.0,140000
178,The Dwyer Group (6),Operator of multiple franchise concepts primarily related to home maintenance or repairs,"Senior subordinated loan ($25,686 par due 6/2018)","12.00% Cash, 1.50% PIK",12/22/2010,25686.0,25686
179,The Dwyer Group (6),Operator of multiple franchise concepts primarily related to home maintenance or repairs,"Series A preferred units (13,292,377 units)",8.00% PIK,12/22/2010,6724.0,17432
180,"Wash Multifamily Laundry Systems, LLC",Laundry service and equipment provider,"Second lien senior secured loan ($78,000 par due 2/2020)",9.75% (Libor + 8.50%/Q),2/21/2013,78000.0,78000
181,"Brush Power, LLC",Gas turbine power generation facilities operator,"First lien senior secured loan ($91,770 par due 8/2020)",6.25% (Libor + 5.25%/Q),8/1/2013,91770.0,91770
182,"Centinela Funding, LLC",Solar power generation facility developer and operator,"First lien senior secured loan ($56,000 par due 11/2020)",10.00% (Libor + 8.75%/Q),11/14/2012,56000.0,56000
183,"Joule Unlimited Technologies, Inc. and Stichting Joule Global Foundation",Renewable fuel and chemical production developer,"First lien senior secured loan ($7,500 par due 2/2017)",10.00%,7/25/2013,7428.0,7500
184,"Joule Unlimited Technologies, Inc. and Stichting Joule Global Foundation",Renewable fuel and chemical production developer,"Warrant to purchase up to 32,051 shares of Series C-2 preferred stock",0,7/25/2013,0.0,34
185,"La Paloma Generating Company, LLC","Natural gas fired, combined cycle plant operator","Second lien senior secured loan ($68,000 par due 8/2018)",10.25% (Libor + 8.75%/M),8/9/2011,67021.0,67320
186,"Panda Sherman Power, LLC",Gas turbine power generation facilities operator,"First lien senior secured loan ($32,500 par due 9/2018)",9.00% (Libor + 7.50%/Q),9/14/2012,32500.0,32500
187,"Panda Temple Power, LLC",Gas turbine power generation facilities operator,"First lien senior secured loan ($60,000 par due 7/2018)",11.50% (Libor + 10.00%/Q),7/17/2012,58338.0,60000
188,"Panda Temple Power II, LLC",Gas turbine power generation facilities operator,"First lien senior secured loan ($20,000 par due 4/2019)",7.25% (Libor + 6.00%/Q),4/3/2013,19813.0,20000
189,"Sunrun Solar Owner Holdco X, LLC",Residential solar energy provider,"First lien senior secured loan ($60,000 par due 6/2019)",9.50% (Libor + 8.25%/Q),6/7/2013,60000.0,60000
190,"AllBridge Financial, LLC (7)",Asset management services,Equity interests,0,4/1/2010,5077.0,7980
191,Callidus Capital Corporation (7),Asset management services,Common stock (100 shares),0,4/1/2010,3000.0,1725
192,Ciena Capital LLC (7),Real estate and small business loan servicer,"First lien senior secured revolving loan ($14,000 par due 12/2014)",6.00%,11/29/2010,14000.0,14000
193,Ciena Capital LLC (7),Real estate and small business loan servicer,"First lien senior secured loan ($28,000 par due 12/2016)",12.00%,11/29/2010,28000.0,28000
194,Ciena Capital LLC (7),Real estate and small business loan servicer,Equity interests,0,11/29/2010,53374.0,12907
195,"Commercial Credit Group, Inc.",Commercial equipment finance and leasing company,"Senior subordinated loan ($28,000 par due 5/2018)",12.75%,5/10/2012,28000.0,28000
196,"Cook Inlet Alternative Risk, LLC",Risk management services,"Senior subordinated loan ($2,000 par due 9/2015)",9.00%,9/30/2011,2000.0,2000
197,Gordian Acquisition Corp.,Financial services firm,Common stock (526 shares),0,11/30/2012,0.0,0
198,Imperial Capital Group LLC,Investment services,"Class A common units (7,710 units)",0,5/10/2007,14997.0,19280
199,Imperial Capital Group LLC,Investment services,"2006 Class B common units (2,526 units)",0,5/10/2007,3.0,5
200,Imperial Capital Group LLC,Investment services,2007 Class B common units (315 units),0,5/10/2007,0.0,1
201,"Ivy Hill Asset Management, L.P. (7)(9)",Asset management services,Member interest (100.00% interest),0,6/15/2009,170961.0,275462
202,"ADF Capital, Inc. & ADF Restaurant Group, LLC",Restaurant owner and operator,"First lien senior secured revolving loan ($1,018 par due 11/2014)",6.50% (Libor + 3.50%/Q),11/27/2006,1018.0,1018
203,"ADF Capital, Inc. & ADF Restaurant Group, LLC",Restaurant owner and operator,"First lien senior secured loan ($9,104 par due 11/2015)",12.50% (Libor + 9.50%/Q),11/27/2006,9104.0,9104
204,"ADF Capital, Inc. & ADF Restaurant Group, LLC",Restaurant owner and operator,"First lien senior secured loan ($10,919 par due 11/2015)",12.50% (Libor + 9.50%/Q),11/27/2006,10922.0,10919
205,"ADF Capital, Inc. & ADF Restaurant Group, LLC",Restaurant owner and operator,"Promissory note ($21,240,073 par due 11/2016)",12.00% PIK,11/27/2006,17804.0,21195
206,"ADF Capital, Inc. & ADF Restaurant Group, LLC",Restaurant owner and operator,Warrants to purchase up to 0.61 shares,0,6/1/2006,0.0,1411
207,"Benihana, Inc.",Restaurant owner and operator,"First lien senior secured loan ($9,950 par due 2/2018)",6.75% (Libor + 5.50%/Q),8/21/2012,9950.0,9950
208,"Hojeij Branded Foods, Inc.",Airport restaurant operator,"First lien senior secured revolving loan ($2,350 par due 2/2017)",9.00% (Libor + 8.00%/Q),2/15/2012,2350.0,2350
209,"Hojeij Branded Foods, Inc.",Airport restaurant operator,"First lien senior secured loan ($25,600 par due 2/2017)",9.00% (Libor + 8.00%/S),2/15/2012,25112.0,25600
210,"Hojeij Branded Foods, Inc.",Airport restaurant operator,Warrants to purchase up to,0,2/15/2012,0.0,276
211,"Hojeij Branded Foods, Inc.",Airport restaurant operator,Warrants to purchase up to 324 shares of Class A common stock,0,2/15/2012,669.0,3972
212,"Orion Foods, LLC (fka Hot Stuff Foods, LLC) (7)",Convenience food service retailer,"First lien senior secured revolving loan ($8,000 par due 9/2014)",10.75% (Base Rate + 7.50%/M),4/1/2010,8000.0,8000
213,"Orion Foods, LLC (fka Hot Stuff Foods, LLC) (7)",Convenience food service retailer,"First lien senior secured loan ($33,147 par due 9/2014)",10.00% (Libor + 8.50%/Q),4/1/2010,33147.0,33147
214,"Orion Foods, LLC (fka Hot Stuff Foods, LLC) (7)",Convenience food service retailer,"Second lien senior secured loan ($37,552 par due 9/2014)",0,4/1/2010,19752.0,21822
215,"Orion Foods, LLC (fka Hot Stuff Foods, LLC) (7)",Convenience food service retailer,"Preferred units (10,000 units)",0,10/28/2010,0.0,0
216,"Orion Foods, LLC (fka Hot Stuff Foods, LLC) (7)",Convenience food service retailer,"Class A common units (25,001 units)",0,4/1/2010,0.0,0
217,"Orion Foods, LLC (fka Hot Stuff Foods, LLC) (7)",Convenience food service retailer,"Class B common units (1,122,452 units)",0,4/1/2010,0.0,0
218,"OTG Management, LLC",Airport restaurant operator,"First lien senior secured loan ($30,500 par due 12/2017)",8.75% (Libor + 7.25%/Q),12/11/2012,30500.0,30500
219,"OTG Management, LLC",Airport restaurant operator,"Common units (3,000,000 units)",0,1/5/2011,3000.0,1804
220,"OTG Management, LLC",Airport restaurant operator,Warrants to purchase up to 7.73% of common units,0,6/19/2008,100.0,3830
221,"Performance Food Group, Inc. and Wellspring Distribution Corp",Food service distributor,"Second lien senior secured loan ($74,812 par due 11/2019)",6.25% (Libor + 5.25%/Q),5/14/2013,74456.0,74812
222,"Performance Food Group, Inc. and Wellspring Distribution Corp",Food service distributor,"Class A non-voting common stock (1,366,120 shares)",0,5/3/2008,6303.0,6408
223,"Restaurant Holding Company, LLC",Fast food restaurant operator,"First lien senior secured loan ($60,417 par due 2/2017)",9.00% (Libor + 7.50%/M),2/17/2012,59535.0,60417
224,"Restaurant Holding Company, LLC",Fast food restaurant operator,"First lien senior secured loan ($9,295 par due 2/2017)",9.00% (Libor + 7.50%/M),2/17/2012,9158.0,9295
225,S.B. Restaurant Company,Restaurant owner and operator,"Preferred stock (46,690 shares)",0,4/1/2010,0.0,0
226,S.B. Restaurant Company,Restaurant owner and operator,"Warrants to purchase up to 257,429 shares of common stock",0,4/1/2010,0.0,0
227,"ICSH, Inc.","Industrial container manufacturer, reconditioner and servicer",First lien senior secured revolving loan,0,8/31/2011,0.0,0
228,"ICSH, Inc.","Industrial container manufacturer, reconditioner and servicer","First lien senior secured loan ($25,997 par due 8/2016)",7.00% (Libor + 6.00%/Q),8/31/2011,25997.0,25997
229,"ICSH, Inc.","Industrial container manufacturer, reconditioner and servicer","First lien senior secured loan ($36,814 par due 8/2016)",7.00% (Libor + 6.00%/Q),8/31/2011,36945.0,36814
230,"ICSH, Inc.","Industrial container manufacturer, reconditioner and servicer","First lien senior secured loan ($61,679 par due 8/2016)",7.00% (Libor + 6.00%/Q),8/31/2011,61679.0,61679
231,"ICSH, Inc.","Industrial container manufacturer, reconditioner and servicer","First lien senior secured loan ($14,757 par due 8/2016)",7.00% (Libor + 6.00%/Q),8/31/2011,14757.0,14757
232,"Microstar Logistics LLC, Microstar Global Asset Management LLC and MStar Holding Corporation",Keg management solutions provider,"Second lien senior secured loan ($165,000 par due 12/2018)",8.50% (Libor + 7.50%/Q),12/14/2012,165000.0,165000
233,"Microstar Logistics LLC, Microstar Global Asset Management LLC and MStar Holding Corporation",Keg management solutions provider,"Common stock (50,000 shares)",0,12/14/2012,5000.0,6242
234,"Pregis Corporation, Pregis Intellipack Corp. and Pregis Innovative Packaging Inc.","Provider of a broad range of highly-customized, tailored protective packaging solutions",First lien senior secured loan ($985 par due 3/2017),7.75% (Libor + 6.25%/M),4/25/2012,985.0,985
235,"Gilchrist & Soames, Inc.",Personal care manufacturer,"First lien senior secured revolving loan ($8,700 par due 10/2013)",6.25% (Libor + 5.00%/M),4/1/2010,8700.0,8700
236,"Gilchrist & Soames, Inc.",Personal care manufacturer,"First lien senior secured loan ($22,393 par due 10/2013)","13.44% Cash, 2.00% PIK",4/1/2010,22389.0,21722
237,"Implus Footcare, LLC",Provider of footwear and other accessories,Preferred stock (455 shares),6.00% PIK,10/31/2011,5095.0,5095
238,"Implus Footcare, LLC",Provider of footwear and other accessories,Common stock (455 shares),0,10/31/2011,455.0,853
239,Insight Pharmaceuticals Corporation (6),OTC drug products manufacturer,"Second lien senior secured loan ($19,310 par due 8/2017)",13.25% (Libor + 11.75%/Q),8/26/2011,19157.0,19310
240,Insight Pharmaceuticals Corporation (6),OTC drug products manufacturer,"Class A common stock (155,000 shares)",0,8/26/2011,6035.0,7110
241,Insight Pharmaceuticals Corporation (6),OTC drug products manufacturer,"Class B common stock (155,000 shares)",0,8/26/2011,6035.0,7110
242,"Matrixx Initiatives, Inc. and Wonder Holdings Acquisition Corp.",Developer and marketer of over-the-counter healthcare products,"Warrants to purchase up to 1,489 shares of preferred stock",0,7/27/2011,0.0,1121
243,"Matrixx Initiatives, Inc. and Wonder Holdings Acquisition Corp.",Developer and marketer of over-the-counter healthcare products,"Warrants to purchase up to 1,654,678 shares of common stock",0,7/27/2011,0.0,1144
244,"Oak Parent, Inc.",Manufacturer of athletic apparel,"First lien senior secured loan ($5,624 par due 4/2018)",7.50% (Libor + 7.00%/Q),4/2/2012,5603.0,5624
245,"Oak Parent, Inc.",Manufacturer of athletic apparel,"First lien senior secured loan ($33,386 par due 4/2018)",7.50% (Libor + 7.00%/Q),4/2/2012,33263.0,33386
246,"Oak Parent, Inc.",Manufacturer of athletic apparel,"First lien senior secured loan ($8,906 par due 4/2018)",7.50% (Libor + 7.00%/Q),4/2/2012,8872.0,8906
247,"PG-ACP Co-Invest, LLC","Supplier of medical uniforms, specialized medical footwear and accessories","Class A membership units (1,000,0000 units)",0,8/29/2012,1000.0,1365
248,"The Step2 Company, LLC",Toy manufacturer,"Second lien senior secured loan ($25,600 par due 4/2015)",10.00%,4/1/2010,24997.0,25600
249,"The Step2 Company, LLC",Toy manufacturer,"Second lien senior secured loan ($32,450 par due 4/2015)",10.00%,4/1/2010,30802.0,25960
250,"The Step2 Company, LLC",Toy manufacturer,"Common units (1,116,879 units)",0,4/1/2010,24.0,0
251,"The Step2 Company, LLC",Toy manufacturer,"Warrants to purchase up to 3,157,895 units",0,4/1/2010,0.0,0
252,"The Thymes, LLC (7)",Cosmetic products manufacturer,"Preferred units (6,283 units)",8.00% PIK,6/21/2007,5206.0,4753
253,"The Thymes, LLC (7)",Cosmetic products manufacturer,"Common units (5,400 units)",0,6/21/2007,0.0,4635
254,Woodstream Corporation,Pet products manufacturer,"First lien senior secured loan ($14,377 par due 8/2016)",6.00% (Libor + 5.00%/Q),4/18/2012,14377.0,14377
255,Woodstream Corporation,Pet products manufacturer,"Senior subordinated loan ($73,102 par due 2/2017)",11.00%,4/18/2012,70351.0,72371
256,Woodstream Corporation,Pet products manufacturer,"Senior subordinated loan ($6,898 par due 2/2017)",11.00%,4/18/2012,6898.0,6829
257,Woodstream Corporation,Pet products manufacturer,"Common stock (4,254 shares)",0,1/22/2010,1222.0,2294
258,Woodstream Corporation,Pet products manufacturer,0,0,1/22/2010,92848.0,95871
259,"Driven Holdings, LLC",Automotive aftermarket car care franchisor,"Preferred stock (247,500 units)",0,12/16/2011,2475.0,2797
260,"Driven Holdings, LLC",Automotive aftermarket car care franchisor,"Common stock (25,000 units)",0,12/16/2011,25.0,308
261,"Eckler Industries, Inc.",Restoration parts and accessories provider for classic automobiles,"First lien senior secured revolving loan ($1,600 par due 7/2017)",8.25% (Base Rate + 5.00%/Q),7/12/2012,1600.0,1600
262,"Eckler Industries, Inc.",Restoration parts and accessories provider for classic automobiles,"First lien senior secured loan ($8,220 par due",7.25% (Libor + 6.00%/Q),7/12/2012,8220.0,8220
263,"Eckler Industries, Inc.",Restoration parts and accessories provider for classic automobiles,"First lien senior secured loan ($40,807 par due 7/2017)",7.25% (Libor + 6.00%/Q),7/12/2012,40807.0,40807
264,"Eckler Industries, Inc.",Restoration parts and accessories provider for classic automobiles,"Series A preferred stock (1,800 shares)",0,7/12/2012,1800.0,1989
265,"Eckler Industries, Inc.",Restoration parts and accessories provider for classic automobiles,"Common stock (20,000 shares)",0,7/12/2012,200.0,261
266,"EcoMotors, Inc.",Engine developer,"First lien senior secured loan ($5,000 par due 10/2016)",10.83%,12/28/2012,5000.0,5000
267,"EcoMotors, Inc.",Engine developer,"First lien senior secured loan ($5,000 par due 7/2016)",10.13%,12/28/2012,4878.0,5000
268,"EcoMotors, Inc.",Engine developer,"Warrant to purchase up to 321,888 shares of Series C preferred stock",0,12/28/2012,0.0,43
269,"Service King Paint & Body, LLC",Collision repair site operators,"First lien senior secured loan ($117,850 par due 8/2017)",7.25% (Libor + 6.25%/Q),8/20/2012,117850.0,115724
270,"Service King Paint & Body, LLC",Collision repair site operators,"First lien senior secured loan ($4,850 par due 8/2017)",4.50% (Libor + 3.50%/Q),8/20/2012,4850.0,5270
271,"Service King Paint & Body, LLC",Collision repair site operators,"First lien senior secured loan ($10,000 par due 8/2017)",7.25% (Libor + 6.25%/Q),8/20/2012,10000.0,10866
272,"Service King Paint & Body, LLC",Collision repair site operators,"First lien senior secured loan ($9,699 par due 8/2017)",4.50% (Libor + 3.50%/Q),8/20/2012,9699.0,10539
273,"Service King Paint & Body, LLC",Collision repair site operators,Membership interest,0,8/20/2012,5000.0,6528
274,"Argotec, LLC",Thermoplastic polyurethane films,"First lien senior secured revolving loan ($1,125 par due 5/2018)",7.00% (Base Rate + 3.75%/M),5/31/2013,1125.0,1125
275,"Argotec, LLC",Thermoplastic polyurethane films,"First lien senior secured loan ($10,862 par due 5/2019)",5.75% (Libor + 4.75%/S),5/31/2013,10862.0,10862
276,"Argotec, LLC",Thermoplastic polyurethane films,First lien senior secured loan ($137 par due 5/2019),5.75% (Libor + 4.75%/S),5/31/2013,137.0,137
277,Cambrios Technologies Corporation,Nanotechnology-based solutions for electronic devices and computers,"First lien senior secured loan ($3,485 par due 8/2015)",12.00%,8/7/2012,3485.0,3485
278,Cambrios Technologies Corporation,Nanotechnology-based solutions for electronic devices and computers,"Warrants to purchase up to 400,000 shares of Series D-4 convertible preferred stock",0,8/7/2012,0.0,6
279,"Component Hardware Group, Inc.",Commercial equipment,"First lien senior secured loan ($25,766 par due 7/2019)",5.50% (Libor + 4.50%/M),7/1/2013,25766.0,25766
280,Lighting Science Group Corporation,Advanced lighting products,Letter of credit facility,0,9/20/2011,0.0,0
281,"MWI Holdings, Inc.","Engineered springs, fasteners, and other precision components","First lien senior secured loan ($38,274 par due 3/2019)",9.38% (Libor + 8.13%/Q),6/15/2011,38274.0,38274
282,"MWI Holdings, Inc.","Engineered springs, fasteners, and other precision components","First lien senior secured loan ($10,000 par due 3/2019)",9.38% (Libor + 8.13%/Q),6/15/2011,10000.0,10000
283,"NetShape Technologies, Inc.",Metal precision engineered components,First lien senior secured revolving loan ($266 par due 12/2014),7.50% (Libor + 6.50%/S),4/1/2010,266.0,266
284,"Pelican Products, Inc.",Flashlights,"First lien senior secured loan ($7,900 par due 7/2018)",7.00% (Libor + 5.50%/Q),7/13/2012,7900.0,7900
285,"Pelican Products, Inc.",Flashlights,"Second lien senior secured loan ($32,000 par due 6/2019)",11.50% (Libor + 10.00%/Q),7/13/2012,32000.0,32000
286,"Protective Industries, Inc. (dba Caplugs)",Plastic protection products,First lien senior secured revolving loan,0,11/30/2012,0.0,0
287,"Protective Industries, Inc. (dba Caplugs)",Plastic protection products,Senior subordinated loan ($733 par due 5/2018),"8.00% Cash, 7.25% PIK",5/23/2011,733.0,733
288,"Protective Industries, Inc. (dba Caplugs)",Plastic protection products,"Preferred stock (2,379,361 shares)",0,5/23/2011,2307.0,5541
289,Saw Mill PCG Partners LLC,Metal precision engineered components manufacturer,"Common units (1,000 units)",0,1/30/2007,1000.0,0
290,"SSH Environmental Industries, Inc. and SSH Non-Destructive Testing, Inc.",Magnetic sensors and supporting sensor products,"First lien senior secured loan ($11,261 par due 12/2016)",9.00% (Libor + 7.50%/Q),3/23/2012,11098.0,11261
291,TPTM Merger Corp.,Time temperature indicator products,First lien senior secured revolving loan ($540 par due 9/2018),7.50% (Base Rate + 4.25%/Q),9/12/2013,540.0,540
292,TPTM Merger Corp.,Time temperature indicator products,"First lien senior secured loan ($33,500 par due 9/2018)",6.25% (Libor + 5.25%/Q),9/12/2013,33500.0,33500
293,Fulton Holdings Corp.,Airport retail operator,"First lien senior secured loan ($43,000 par due 5/2018)",8.50%,5/10/2013,43000.0,43000
294,Fulton Holdings Corp.,Airport retail operator,"First lien senior secured loan ($40,000 par due 5/2018)",8.50%,5/28/2010,40000.0,40000
295,Fulton Holdings Corp.,Airport retail operator,"Common stock (19,672 shares)",0,5/28/2010,1461.0,1741
296,"Paper Source, Inc. and Pine Holdings, Inc.","Retailer of fine and artisanal papers, gifts, gift wrap, greeting cards and envelopes",First lien senior secured revolving loan ($333 par due 9/2018),7.25% (Libor + 6.25%/Q),9/23/2013,333.0,333
297,"Paper Source, Inc. and Pine Holdings, Inc.","Retailer of fine and artisanal papers, gifts, gift wrap, greeting cards and envelopes","First lien senior secured loan ($25,000 par due 9/2018)",7.25% (Libor + 6.25%/Q),9/23/2013,25000.0,25000
298,"Paper Source, Inc. and Pine Holdings, Inc.","Retailer of fine and artisanal papers, gifts, gift wrap, greeting cards and envelopes","Class A Common Stock (36,364 shares)",0,9/23/2013,6000.0,6000
299,Things Remembered Inc. and TRM Holdings Corporation,Personalized gifts retailer,"First lien senior secured loan ($14,850 par due 5/2018)",8.00% (Libor + 6.50%/Q),5/24/2012,14850.0,14850
300,"Cadence Aerospace, LLC (fka PRV Aerospace, LLC)",Aerospace precision components manufacturer,"First lien senior secured loan ($1,127 par due 5/2018)",6.50% (Libor + 5.25%/Q),5/15/2012,1122.0,1127
301,"Cadence Aerospace, LLC (fka PRV Aerospace, LLC)",Aerospace precision components manufacturer,"First lien senior secured loan ($8,396 par due 5/2018)",6.50% (Libor + 5.25%/Q),5/15/2012,8329.0,8396
302,"Cadence Aerospace, LLC (fka PRV Aerospace, LLC)",Aerospace precision components manufacturer,"Second lien senior secured loan ($79,658 par due 5/2019)",10.50% (Libor + 9.25%/Q),5/10/2012,79658.0,79658
303,"ILC Industries, LLC",Designer and manufacturer of protective cases and technically advanced lighting systems,"First lien senior secured loan ($4,796 par due 7/2018)",8.00% (Libor + 6.50%/Q),7/13/2012,4720.0,4700
304,"ILC Industries, LLC",Designer and manufacturer of protective cases and technically advanced lighting systems,"First lien senior secured loan ($19,427 par due 7/2018)",8.00% (Libor + 6.50%/Q),7/13/2012,19102.0,19038
305,"TurboCombuster Technology, Inc.","Manufacturer of complex fabrications for the commercial aerospace, military aerospace and industrial gas turbine markets","First lien senior secured loan ($4,987 par due 12/2017)",6.00% (Libor + 5.00%/Q),1/31/2013,4965.0,4987
306,"Wyle Laboratories, Inc. and Wyle Holdings, Inc.","Provider of specialized engineering, scientific and technical services",Senior preferred stock (775 shares),8.00% PIK,1/17/2008,109.0,109
307,"Wyle Laboratories, Inc. and Wyle Holdings, Inc.","Provider of specialized engineering, scientific and technical services","Common stock (1,885,195 shares)",0,1/17/2008,2291.0,1807
308,Bushnell Inc.,Sports optics manufacturer,"Second lien senior secured loan ($48,825 par due 2/2016)",9.00% (Libor + 7.50%/Q),4/1/2010,44951.0,48825
309,Bushnell Inc.,Sports optics manufacturer,"Second lien senior secured loan ($43,675 par due 2/2016)",9.50% (Libor + 8.00%/Q),4/30/2012,43675.0,43675
310,"K2 Pure Solutions Nocal, L.P.",Chemical producer,"First lien senior secured revolving loan ($1,200 par due 8/2019)",8.13% (Libor + 7.13%/M),8/19/2013,1200.0,1200
311,"K2 Pure Solutions Nocal, L.P.",Chemical producer,"First lien senior secured loan ($90,000 par due 8/2019)",7.00% (Libor + 6.00%/M),8/19/2013,90000.0,90000
312,"Eberle Design, Inc.",Provider of intelligent transportation systems products in the traffic and rail industries,"First lien senior secured loan ($43,000 par due 8/2018)",7.50% (Libor + 6.25%/Q),8/26/2013,42794.0,43000
313,PODS Funding Corp.,Storage and warehousing,"Junior subordinated loan ($41,064 par due 5/2017)","12.75% Cash, 2.75% PIK",11/29/2011,41064.0,41064
314,"United Road Towing, Inc.",Towing company,Warrants to purchase up to 607 shares,0,4/1/2010,0.0,0
315,"Batanga, Inc.",Independent digital media company,"First lien senior secured loan ($5,359 par due 11/2016)",9.60%,10/31/2012,5359.0,5453
316,"Batanga, Inc.",Independent digital media company,"First lien senior secured loan ($4,500 par due 9/2017)",9.60%,10/31/2012,4500.0,4500
317,"Earthcolor Group, LLC",Printing management services,Limited liability company interests (9.30%),0,5/18/2012,0.0,0
318,"National Print Group, Inc.",Printing management services,First lien senior secured revolving loan ($685 par due 10/2013),9.00% (Libor + 6.00%/Q),3/2/2006,685.0,685
319,"National Print Group, Inc.",Printing management services,"First lien senior secured revolving loan ($1,850 par due 10/2013)",9.00% (Base Rate + 5.00%/Q),3/2/2006,1850.0,1850
320,"National Print Group, Inc.",Printing management services,"First lien senior secured loan ($6,540 par due 10/2013)",9.00% (Libor + 6.00%/Q),3/2/2006,6283.0,6540
321,"National Print Group, Inc.",Printing management services,"Preferred stock (9,344 shares)",0,3/2/2006,2000.0,561
322,"The Teaching Company, LLC and The Teaching Company Holdings, Inc.",Education publications provider,"First lien senior secured loan ($20,995 par due 3/2017)",9.00% (Libor + 7.50%/Q),9/29/2006,20995.0,20995
323,"The Teaching Company, LLC and The Teaching Company Holdings, Inc.",Education publications provider,"First lien senior secured loan ($9,751 par due 3/2017)",9.00% (Libor + 7.50%/Q),9/29/2006,9751.0,9751
324,"The Teaching Company, LLC and The Teaching Company Holdings, Inc.",Education publications provider,"Preferred stock (10,663 shares)",0,9/29/2006,1066.0,3334
325,"The Teaching Company, LLC and The Teaching Company Holdings, Inc.",Education publications provider,"Common stock (15,393 shares)",0,9/29/2006,3.0,8
326,"AWTP, LLC (7)",Water treatment services,"Second lien senior secured loan ($4,212 par due 6/2015)",10.00%,4/18/2011,4212.0,4212
327,"AWTP, LLC (7)",Water treatment services,"Second lien senior secured loan ($6,121 par due 6/2015)",15.00%,4/18/2011,6121.0,6121
328,"AWTP, LLC (7)",Water treatment services,Membership interests (90% interest),0,4/18/2011,0.0,7905
329,"Genomatica, Inc.",Developer of a biotechnology platform for the production of chemical products,"First lien senior secured loan ($1,500 par due 10/2016)",9.26%,3/28/2013,1434.0,1500
330,"Genomatica, Inc.",Developer of a biotechnology platform for the production of chemical products,"Warrant to purchase 322,422 shares of Series D preferred stock",0,3/28/2013,0.0,6
331,"RE Community Holdings II, Inc.and Pegasus Community Energy, LLC.",Operator of municipal recycling facilities,"Preferred stock (1,000 shares)",0,3/1/2011,8839.0,800
332,"Waste Pro USA, Inc",Waste management services,"Preferred Class A common equity (611,615 shares)",0,11/9/2006,12263.0,26978
333,"10th Street, LLC (6)",Real estate holding company,"Senior subordinated loan ($25,986 par due 11/2014)","8.93% Cash, 4.07% PIK",4/1/2010,25987.0,25987
334,"10th Street, LLC (6)",Real estate holding company,Member interest (10.00%,0,4/1/2010,594.0,7251
335,"10th Street, LLC (6)",Real estate holding company,"Option (25,000 units)",0,4/1/2010,25.0,25
336,"American Commercial Coatings, Inc.",Real estate property,"Commercial mortgage loan ($2,417 par due 12/2025)",8.75% (Libor + 7.25%/Q),4/1/2010,706.0,2061
337,"Cleveland East Equity, LLC",Hotel operator,Real estate equity interests,0,4/1/2010,1026.0,4444
338,"Commons R-3, LLC",Real estate developer,Real estate equity interests,0,4/1/2010,0.0,0
339,"Crescent Hotels & Resorts, LLC and affiliates (7)",Hotel operator,"Senior subordinated loan ($2,236 par due 9/2011)",0,4/1/2010,0.0,0
340,"Crescent Hotels & Resorts, LLC and affiliates (7)",Hotel operator,"Senior subordinated loan ($2,092 par due 6/2017)",0,4/1/2010,0.0,0
341,"Crescent Hotels & Resorts, LLC and affiliates (7)",Hotel operator,Common equity interest,0,4/1/2010,0.0,0
342,"Hot Light Brands, Inc. (7)",Real estate holding company,"First lien senior secured loan ($32,957 par due 2/2011)",0,4/1/2010,1664.0,1633
343,"Hot Light Brands, Inc. (7)",Real estate holding company,"Common stock (93,500 shares)",0,4/1/2010,0.0,0
344,"NPH, Inc.",Hotel property,Real estate equity interests,0,4/1/2010,5291.0,5833
345,"Geotrace Technologies, Inc.",Reservoir processing and development,"Warrants to purchase up to 69,978 shares of common stock",0,4/1/2010,88.0,0
346,"Geotrace Technologies, Inc.",Reservoir processing and development,"Warrants to purchase up to 210,453 shares of preferred stock",0,4/1/2010,2805.0,2158
347,"UL Holding Co., LLC and Universal Lubricants, LLC (6)",Petroleum product manufacturer,"Second lien senior secured loan ($9,926 par due 12/2014)",0,4/30/2012,9786.0,7269
348,"UL Holding Co., LLC and Universal Lubricants, LLC (6)",Petroleum product manufacturer,"Second lien senior secured loan ($5,144 par due 12/2014)",0,4/30/2012,5089.0,3767
349,"UL Holding Co., LLC and Universal Lubricants, LLC (6)",Petroleum product manufacturer,"Second lien senior secured loan ($44,434 par due 12/2014)",0,4/30/2012,43434.0,32537
350,"UL Holding Co., LLC and Universal Lubricants, LLC (6)",Petroleum product manufacturer,"Class A common units (151,236 units)",0,6/17/2011,1512.0,0
351,"UL Holding Co., LLC and Universal Lubricants, LLC (6)",Petroleum product manufacturer,"Class B-5 common units (599,200 units)",0,4/25/2008,5472.0,0
352,"UL Holding Co., LLC and Universal Lubricants, LLC (6)",Petroleum product manufacturer,"Class B-4 common units (50,000 units)",0,6/17/2011,500.0,0
353,"UL Holding Co., LLC and Universal Lubricants, LLC (6)",Petroleum product manufacturer,"Class C common units (758,546 units)",0,4/25/2008,0.0,0
354,"Athletic Club Holdings, Inc.",Premier health club operator,"First lien senior secured loan ($34,000 par due 3/2019)",7.25% (Libor + 6.00%/M),10/11/2007,34000.0,34000
355,"CFW Co-Invest, L.P. and NCP Curves, L.P.",Health club franchisor,"Limited partnership interest (4,152,165 shares)",0,7/31/2012,4152.0,3338
356,"CFW Co-Invest, L.P. and NCP Curves, L.P.",Health club franchisor,"Limited partnership interest (1,847,835 shares)",0,7/31/2012,1848.0,1486
357,"American Broadband Communications, LLC, American Broadband Holding Company, Cameron Holdings of NC, Inc.",Broadband communication services,Warrants to purchase up to 378 shares,0,11/7/2007,0.0,4982
358,"American Broadband Communications, LLC, American Broadband Holding Company, Cameron Holdings of NC, Inc.",Broadband communication services,Warrants to purchase up to 200 shares,0,9/1/2010,0.0,2636
359,"Quantance, Inc.",Designer of semiconductor products to the mobile wireless market,"First lien senior secured loan ($3,500 par due 9/2016)",10.25%,8/23/2013,3396.0,3430
360,"Quantance, Inc.",Designer of semiconductor products to the mobile wireless market,"Warrant to purchase up to 130,432 shares of Series D preferred stock",0,8/23/2013,74.0,74
361,"Startec Equity, LLC (7)",Communication services,Member interest,0,4/1/2010,0.0,0
362,"Apple & Eve, LLC and US Juice Partners, LLC (6)",Juice manufacturer,"Senior units (50,000 units)",0,10/5/2007,5000.0,4201
363,"Charter Baking Company, Inc.",Baked goods manufacturer,"Senior subordinated loan ($2,750 par due 6/2015)",17.50% PIK,2/6/2008,2750.0,2750
364,"Charter Baking Company, Inc.",Baked goods manufacturer,"Preferred stock (6,258 shares)",0,9/1/2006,2567.0,1848
365,Distant Lands Trading Co.,Coffee manufacturer,"Class A common stock (1,294 shares)",0,4/1/2010,980.0,0
366,Distant Lands Trading Co.,Coffee manufacturer,"Class A-1 common stock (2,157 shares)",0,4/1/2010,0.0,0
367,"BECO Holding Company, Inc.",Wholesale distributor of first response fire protection equipment and related parts,"Common stock (25,000 shares)",0,7/30/2010,2500.0,2880
