,Company(1),Business Description,Investment,Interest(6)(12),Acquisition  Date,Amortized  Cost,Fair Value
0,"Covestia Capital Partners, LP (10)",Investment partnership,Limited partnership interest (47.00% interest),0,6/17/2008,487.0,1770
1,"HCI Equity, LLC (8)(9)(10)",Investment company,Member interest (100.00% interest),0,4/1/2010,0.0,128
2,"Imperial Capital Private Opportunities, LP (10)(26)",Investment partnership,Limited partnership interest (80.00% interest),0,5/10/2007,4054.0,17131
3,"Partnership Capital Growth Fund I, L.P. (10)",Investment partnership,Limited partnership interest (25.00% interest),0,6/16/2006,0.0,194
4,"Partnership Capital Growth Investors III, L.P. (10)(26)",Investment partnership,Limited partnership interest (2.50% interest),0,10/5/2011,2655.0,3039
5,"PCG-Ares Sidecar Investment II, L.P. (10)(26)",Investment partnership,Limited partnership interest (100.00% interest),0,10/31/2014,7456.0,11430
6,"PCG-Ares Sidecar Investment, L.P. (10)(26)",Investment partnership,Limited partnership interest (100.00% interest),0,5/22/2014,3355.0,2796
7,"Piper Jaffray Merchant Banking Fund I, L.P. (10)(26)",Investment partnership,Limited partnership interest (2.00% interest),0,8/16/2012,1664.0,1491
8,"Senior Direct Lending Program, LLC (8)(10)(28)",Co-investment vehicle,"Subordinated certificates ($195,338 par due 12/2036)",8.86% (Libor + 8.00%/M)(22),7/27/2016,195338.0,195338
9,"Senior Direct Lending Program, LLC (8)(10)(28)",Co-investment vehicle,Member interest (87.50% interest),0,7/27/2016,0.0,0
10,Senior Secured Loan Fund LLC (8)(11)(27),Co-investment vehicle,"Subordinated certificates ($2,003,959 par due 12/2024)",8.86% (Libor + 8.00%/M)(21),10/30/2009,1938446.0,1899754
11,Senior Secured Loan Fund LLC (8)(11)(27),Co-investment vehicle,Member interest (87.50% interest),0,10/30/2009,0.0,0
12,VSC Investors LLC (10),Investment company,Membership interest (1.95% interest),0,1/24/2008,299.0,1124
13,"Absolute Dental Management LLC and ADM Equity, LLC",Dental services provider,"First lien senior secured loan ($18,750 par due 1/2022)",9.06% (Libor + 8.06%/Q),1/5/2016,18750.0,18188
14,"Absolute Dental Management LLC and ADM Equity, LLC",Dental services provider,"First lien senior secured loan ($5,000 par due 1/2022)",9.06% (Libor + 8.06%/Q),1/5/2016,5000.0,4850
15,"Absolute Dental Management LLC and ADM Equity, LLC",Dental services provider,"Class A preferred units (4,000,000 units)",0,1/5/2016,4000.0,1901
16,"Absolute Dental Management LLC and ADM Equity, LLC",Dental services provider,"Class A common units (4,000,000 units)",0,1/5/2016,0.0,0
17,"ADCS Billings Intermediate Holdings, LLC (25)",Dermatology practice,"First lien senior secured revolving loan ($1,375 par due 5/2022)",8.25%(Base Rate + 4.75%/Q),5/18/2016,1375.0,1375
18,"ADG, LLC and RC IV GEDC Investor LLC (25)",Dental services provider,"First lien senior secured revolving loan ($2,117 par due 9/2022)",5.75% (Libor + 4.75%/Q),9/28/2016,2117.0,2117
19,"ADG, LLC and RC IV GEDC Investor LLC (25)",Dental services provider,"First lien senior secured loan ($33,388 par due 9/2023)",5.75% (Libor + 4.75%/Q),9/28/2016,33387.0,33387
20,"ADG, LLC and RC IV GEDC Investor LLC (25)",Dental services provider,"Second lien senior secured loan ($87,500 par due 3/2024)",10.00% (Libor + 9.00%/Q),9/28/2016,87500.0,87500
21,"ADG, LLC and RC IV GEDC Investor LLC (25)",Dental services provider,"Membership units (3,000,000 units)",0,9/28/2016,3000.0,3000
22,Alegeus Technologies Holdings Corp.,Benefits administration and transaction processing provider,"Preferred stock (2,997 shares)",0,12/13/2013,3087.0,1793
23,Alegeus Technologies Holdings Corp.,Benefits administration and transaction processing provider,Common stock (3 shares),0,12/13/2013,3.0,0
24,"Argon Medical Devices, Inc.",Manufacturer and marketer of single-use specialty medical devices,"Second lien senior secured loan ($9,000 par due 6/2022)",10.50% (Libor + 9.50%/Q),12/23/2015,8758.0,9000
25,AwarePoint Corporation,Healthcare technology platform developer,"First lien senior secured loan ($8,772 par due 6/2018)",10.50% (Libor + 9.50%/M),9/5/2014,8548.0,8772
26,AwarePoint Corporation,Healthcare technology platform developer,"Warrant to purchase up to 3,213,367 shares of Series 1 preferred stock (expires 9/2024)",0,11/14/2014,0.0,609
27,"CCS Intermediate Holdings, LLC and CCS Group Holdings, LLC (25)",Correctional facility healthcare operator,"First lien senior secured revolving loan ($3,750 par due 7/2019)",5.00% (Libor + 4.00%/Q),7/23/2014,3750.0,3188
28,"CCS Intermediate Holdings, LLC and CCS Group Holdings, LLC (25)",Correctional facility healthcare operator,"First lien senior secured revolving loan ($1,620 par due 7/2019)",6.50%(Base Rate + 3.00%/Q),7/23/2014,1620.0,1377
29,"CCS Intermediate Holdings, LLC and CCS Group Holdings, LLC (25)",Correctional facility healthcare operator,"First lien senior secured loan ($6,601 par due 7/2021)",5.00% (Libor + 4.00%/Q),7/23/2014,6579.0,5611
30,"CCS Intermediate Holdings, LLC and CCS Group Holdings, LLC (25)",Correctional facility healthcare operator,"Second lien senior secured loan ($135,000 par due 7/2022)",9.38% (Libor + 8.38%/Q),7/23/2014,134017.0,101250
31,"CCS Intermediate Holdings, LLC and CCS Group Holdings, LLC (25)",Correctional facility healthcare operator,"Class A units (601,937 units)",0,8/19/2010,0.0,215
32,"Correctional Medical Group Companies, Inc.",Correctional facility healthcare operator,"First lien senior secured loan ($3,088 par due 9/2021)",9.39% (Libor + 8.39%/Q),9/29/2015,3088.0,3026
33,"Correctional Medical Group Companies, Inc.",Correctional facility healthcare operator,"First lien senior secured loan ($4,093 par due 9/2021)",9.39% (Libor + 8.39%/Q),9/29/2015,4093.0,4011
34,"Correctional Medical Group Companies, Inc.",Correctional facility healthcare operator,"First lien senior secured loan ($44,707 par due 9/2021)",9.39% (Libor + 8.39%/Q),9/29/2015,44707.0,43813
35,"DCA Investment Holding, LLC (25)",Multi-branded dental practice management,"First lien senior secured revolving loan ($5,774 par due 7/2021)",7.75%(Base Rate + 4.25%/Q),7/2/2015,5774.0,5659
36,"DCA Investment Holding, LLC (25)",Multi-branded dental practice management,"First lien senior secured loan ($18,945 par due 7/2021)",6.25% (Libor + 5.25%/Q),7/2/2015,18831.0,18566
37,"DNAnexus, Inc.",Bioinformatics company,"First lien senior secured loan ($10,075 par due 10/2018)",9.25% (Libor + 8.25%/M),3/21/2014,9861.0,10075
38,"DNAnexus, Inc.",Bioinformatics company,"Warrant to purchase up to 909,092 units of Series C preferred stock (expires 3/2024)",0,3/21/2014,0.0,121
39,"Global Healthcare Exchange, LLC and GHX Ultimate Parent Corp.",On-demand supply chain automation solutions provider,"Second lien senior secured loan ($47,500 par due 8/2023)",9.75% (Libor + 8.75%/Q),8/18/2016,46787.0,47500
40,"Global Healthcare Exchange, LLC and GHX Ultimate Parent Corp.",On-demand supply chain automation solutions provider,"Class A common stock (1,788 shares)",0,3/11/2014,1788.0,1788
41,"Global Healthcare Exchange, LLC and GHX Ultimate Parent Corp.",On-demand supply chain automation solutions provider,Class B common stock (980 shares),0,3/11/2014,30.0,5244
42,"Greenphire, Inc. and RMCF III CIV XXIX, L.P (25)",Software provider for clinical trial management,"First lien senior secured loan ($1,500 par due 12/2018)",9.00% (Libor + 8.00%/M),12/19/2014,1500.0,1500
43,"Greenphire, Inc. and RMCF III CIV XXIX, L.P (25)",Software provider for clinical trial management,"First lien senior secured loan ($3,800 par due 12/2018)",9.00% (Libor + 8.00%/M),12/19/2014,3800.0,3800
44,"Greenphire, Inc. and RMCF III CIV XXIX, L.P (25)",Software provider for clinical trial management,Limited partnership interest (99.90% interest),0,12/19/2014,999.0,1590
45,Hygiena Borrower LLC (25),Adenosine triphosphate testing technology provider,"Second lien senior secured loan ($10,000 par due 8/2023)",10.00% (Libor + 9.00%/Q),8/26/2016,10000.0,10000
46,"INC Research Mezzanine Co-Invest, LLC",Pharmaceutical and biotechnology consulting services,"Common units (1,410,000 units)",0,9/27/2010,0.0,738
47,Intermedix Corporation,Revenue cycle management provider to the emergency healthcare industry,"Second lien senior secured loan ($112,000 par due 6/2020)",9.25% (Libor + 8.25%/Q),12/27/2012,112000.0,107520
48,"Island Medical Management Holdings, LLC (25)",Provider of physician management services,First lien senior secured revolving loan ($250 par due 9/2021),6.00% (Libor + 5.00%/Q),9/1/2016,250.0,250
49,"Island Medical Management Holdings, LLC (25)",Provider of physician management services,First lien senior secured loan ($382 par due 9/2022),6.00% (Libor + 5.00%/Q),9/1/2016,382.0,382
50,"Island Medical Management Holdings, LLC (25)",Provider of physician management services,"First lien senior secured loan ($6,228 par due 9/2022)",6.00% (Libor + 5.00%/Q),9/1/2016,6228.0,6228
51,"MC Acquisition Holdings I, LLC",Healthcare professional provider,"Class A units (1,338,314 shares)",0,1/17/2014,1338.0,1170
52,MW Dental Holding Corp. (25),Dental services provider,"First lien senior secured revolving loan ($1,000 par due 4/2018)",8.50% (Libor + 7.00%/Q),4/12/2011,1000.0,1000
53,MW Dental Holding Corp. (25),Dental services provider,"First lien senior secured loan ($44,972 par due 4/2018)",8.50% (Libor + 7.00%/Q),4/12/2011,44972.0,44972
54,MW Dental Holding Corp. (25),Dental services provider,"First lien senior secured loan ($47,373 par due 4/2018)",8.50% (Libor + 7.00%/Q),4/12/2011,47373.0,47373
55,MW Dental Holding Corp. (25),Dental services provider,"First lien senior secured loan ($19,591 par due 4/2018)",8.50% (Libor + 7.00%/Q),4/12/2011,19591.0,19591
56,"My Health Direct, Inc. (25)",Healthcare scheduling exchange software solution provider,"First lien senior secured loan ($1,600 par due 1/2018)",10.75%,9/18/2014,1581.0,1600
57,"My Health Direct, Inc. (25)",Healthcare scheduling exchange software solution provider,"Warrant to purchase up to 4,548 shares of Series D preferred stock (expires 9/2024)",0,9/18/2014,39.0,40
58,"New Trident Holdcorp, Inc.",Outsourced mobile diagnostic healthcare service provider,"Second lien senior secured loan ($80,000 par due 7/2020)",10.25% (Libor + 9.00%/Q),8/6/2013,79085.0,76000
59,"NMSC Holdings, Inc. and ASP NAPA Holdings, LLC",Anesthesia management services provider,"Second lien senior secured loan ($72,796 par due 10/2023)",11.00% (Libor + 10.00%/Q),4/19/2016,72796.0,72796
60,"NMSC Holdings, Inc. and ASP NAPA Holdings, LLC",Anesthesia management services provider,"Class A units (25,277 units)",0,4/19/2016,2528.0,2488
61,"Nodality, Inc.",Biotechnology company,"First lien senior secured loan ($2,743 par due 8/2016)",0,11/12/2015,2533.0,2585
62,"Nodality, Inc.",Biotechnology company,"First lien senior secured loan ($10,885 par due 8/2016)",0,4/25/2014,9694.0,773
63,"Nodality, Inc.",Biotechnology company,"Common stock (3,736,255 shares)",0,5/1/2016,0.0,0
64,"nThrive, Inc. (fka Precyse Acquisition Corp.)",Provider of healthcare information management technology and services,"Second lien senior secured loan ($10,000 par due 4/2023)",10.75% (Libor + 9.75%/Q),4/20/2016,9624.0,10000
65,"OmniSYS Acquisition Corporation, OmniSYS, LLC, and OSYS Holdings, LLC (25)",Provider of technology-enabled solutions to pharmacies,"First lien senior secured loan ($5,899 par due 11/2018)",8.50% (Libor + 7.50%/Q),11/21/2013,5899.0,5899
66,"OmniSYS Acquisition Corporation, OmniSYS, LLC, and OSYS Holdings, LLC (25)",Provider of technology-enabled solutions to pharmacies,Limited liability company membership interest (1.57%),0,11/21/2013,1000.0,679
67,"Patterson Medical Supply, Inc.",Distributor of rehabilitation supplies and equipment,"Second lien senior secured loan ($78,000 par due 8/2023)",9.50% (Libor + 8.50%/Q),9/2/2015,76070.0,78000
68,"PerfectServe, Inc. (25)",Communications software platform provider for hospitals and physician practices,"First lien senior secured loan ($9,000 par due 3/2020)",9.00% (Libor + 8.00%/M),9/15/2015,8714.0,9000
69,"PerfectServe, Inc. (25)",Communications software platform provider for hospitals and physician practices,"First lien senior secured loan ($2,000 par due 6/2020)",9.00% (Libor + 8.00%/M),9/15/2015,1965.0,2000
70,"PerfectServe, Inc. (25)",Communications software platform provider for hospitals and physician practices,"First lien senior secured loan ($3,000 par due 6/2021)",9.00% (Libor + 8.00%/M),9/15/2015,2960.0,3000
71,"PerfectServe, Inc. (25)",Communications software platform provider for hospitals and physician practices,"Warrant to purchase up to 28,428 shares of Series C preferred stock (expires 9/2025)",0,9/15/2015,180.0,256
72,"PerfectServe, Inc. (25)",Communications software platform provider for hospitals and physician practices,"Warrant to purchase up to 34,113 units of Series C preferred stock (expires 12/2023)",0,12/26/2013,0.0,307
73,PhyMED Management LLC,Provider of anesthesia services,"Second lien senior secured loan ($47,239 par due 5/2021)",9.75% (Libor + 8.75%/Q),12/18/2015,46616.0,45821
74,"Respicardia, Inc.",Developer of implantable therapies to improve cardiovascular health,"Warrant to purchase up to 99,094 shares of Series C preferred stock (expires 6/2022)",0,6/28/2012,38.0,28
75,"Sarnova HC, LLC, Tri-Anim Health Services, Inc., and BEMS Holdings, LLC",Distributor of emergency medical service and respiratory products,"Second lien senior secured loan ($54,000 par due 7/2022)",10.50% (Libor + 9.50%/Q),1/29/2016,54000.0,54000
76,"Transaction Data Systems, Inc.",Pharmacy management software provider,"Second lien senior secured loan ($27,500 par due 6/2022)",10.00% (Libor + 9.00%/Q),6/15/2015,27500.0,27500
77,"U.S. Anesthesia Partners, Inc.",Anesthesiology service provider,"Second lien senior secured loan ($23,500 par due 9/2020)",10.25% (Libor + 9.25%/Q),12/14/2015,23500.0,23500
78,"U.S. Anesthesia Partners, Inc.",Anesthesiology service provider,"Second lien senior secured loan ($50,000 par due 9/2020)",10.25% (Libor + 9.25%/Q),9/24/2014,50000.0,50000
79,"Urgent Cares of America Holdings I, LLC and FastMed Holdings I, LLC (25)",Operator of urgent care clinics,"First lien senior secured loan ($13,895 par due 12/2022)",7.00% (Libor + 6.00%/Q),12/1/2015,13895.0,12644
80,"Urgent Cares of America Holdings I, LLC and FastMed Holdings I, LLC (25)",Operator of urgent care clinics,"First lien senior secured loan ($54,314 par due 12/2022)",7.00% (Libor + 6.00%/Q),12/1/2015,54313.0,49426
81,"Urgent Cares of America Holdings I, LLC and FastMed Holdings I, LLC (25)",Operator of urgent care clinics,"Preferred units (7,696,613 units)",0,6/11/2015,7697.0,8616
82,"Urgent Cares of America Holdings I, LLC and FastMed Holdings I, LLC (25)",Operator of urgent care clinics,"Series A common units (2,000,000 units)",0,6/11/2015,2000.0,522
83,"Urgent Cares of America Holdings I, LLC and FastMed Holdings I, LLC (25)",Operator of urgent care clinics,"Series C common units (1,026,866 units)",0,6/11/2015,0.0,219
84,"VistaPharm, Inc. and Vertice Pharma UK Parent Limited",Manufacturer and distributor of generic pharmaceutical products,"Preferred shares (40,662 shares)",0,12/21/2015,407.0,407
85,"Young Innovations, Inc.",Dental supplies and equipment manufacturer,"Second lien senior secured loan ($45,000 par due 7/2019)",9.00% (Libor + 8.00%/Q),5/30/2014,45000.0,45000
86,American Residential Services L.L.C.,"Heating, ventilation and air conditioning services provider","Second lien senior secured loan ($67,000 par due 12/2021)",9.00% (Libor + 8.00%/Q),6/30/2014,66657.0,67000
87,"Community Education Centers, Inc. and CEC Parent Holdings LLC (8)",Offender re-entry and in-prison treatment services provider,"First lien senior secured loan ($13,579 par due 12/2017)",6.25% (Libor + 5.25%/Q),12/10/2010,13579.0,13579
88,"Community Education Centers, Inc. and CEC Parent Holdings LLC (8)",Offender re-entry and in-prison treatment services provider,First lien senior secured loan ($707 par due 12/2017),7.75%(Base Rate + 4.25%/Q),12/10/2010,707.0,707
89,"Community Education Centers, Inc. and CEC Parent Holdings LLC (8)",Offender re-entry and in-prison treatment services provider,"Second lien senior secured loan ($21,895 par due 6/2018)",15.75% (Libor + 15.00%/Q),12/10/2010,21895.0,21895
90,"Community Education Centers, Inc. and CEC Parent Holdings LLC (8)",Offender re-entry and in-prison treatment services provider,"Class A senior preferred units (7,846 units)",0,3/27/2015,9384.0,10918
91,"Community Education Centers, Inc. and CEC Parent Holdings LLC (8)",Offender re-entry and in-prison treatment services provider,"Class A junior preferred units (26,154 units)",0,3/27/2015,20168.0,18850
92,"Community Education Centers, Inc. and CEC Parent Holdings LLC (8)",Offender re-entry and in-prison treatment services provider,Class A common units (134 units),0,3/27/2015,0.0,0
93,"Competitor Group, Inc., Calera XVI, LLC and Champion Parent Corporation (8)(25)",Endurance sports media and event operator,"First lien senior secured revolving loan ($4,602 par due 11/2018)",5.00% (Libor + 3.75%/Q),11/30/2012,4473.0,4602
94,"Competitor Group, Inc., Calera XVI, LLC and Champion Parent Corporation (8)(25)",Endurance sports media and event operator,First lien senior secured revolving loan ($600 par due 11/2018),5.00% (Libor + 3.75%/Q),9/29/2016,600.0,600
95,"Competitor Group, Inc., Calera XVI, LLC and Champion Parent Corporation (8)(25)",Endurance sports media and event operator,"First lien senior secured loan ($39,098 par due 11/2018)",5.00% (Libor + 3.75%/Q),11/30/2012,37993.0,39098
96,"Competitor Group, Inc., Calera XVI, LLC and Champion Parent Corporation (8)(25)",Endurance sports media and event operator,"Preferred shares (18,875 shares)",0,3/25/2016,15966.0,1245
97,"Competitor Group, Inc., Calera XVI, LLC and Champion Parent Corporation (8)(25)",Endurance sports media and event operator,"Membership units (2,522,512 units)",0,11/30/2012,2523.0,0
98,"Competitor Group, Inc., Calera XVI, LLC and Champion Parent Corporation (8)(25)",Endurance sports media and event operator,"Common shares (114,000 shares)",0,3/25/2016,0.0,0
99,"Crown Health Care Laundry Services, Inc. and Crown Laundry Holdings, LLC (7)(25)",Provider of outsourced healthcare linen management solutions,"First lien senior secured revolving loan ($3,800 par due 3/2019)",7.25% (Libor + 6.00%/Q),3/13/2014,3800.0,3800
100,"Crown Health Care Laundry Services, Inc. and Crown Laundry Holdings, LLC (7)(25)",Provider of outsourced healthcare linen management solutions,"First lien senior secured loan ($5,261 par due 3/2019)",7.25% (Libor + 6.00%/Q),3/13/2014,5261.0,5261
101,"Crown Health Care Laundry Services, Inc. and Crown Laundry Holdings, LLC (7)(25)",Provider of outsourced healthcare linen management solutions,"Class A preferred units (2,475,000 units)",0,3/13/2014,2475.0,2952
102,"Crown Health Care Laundry Services, Inc. and Crown Laundry Holdings, LLC (7)(25)",Provider of outsourced healthcare linen management solutions,"Class B common units (275,000 units)",0,3/13/2014,275.0,328
103,"Dwyer Acquisition Parent, Inc. and TDG Group Holding Company",Operator of multiple franchise concepts primarily related to home maintenance or repairs,"Senior subordinated loan ($31,500 par due 2/2020)",11.00%,6/12/2015,31500.0,31500
104,"Dwyer Acquisition Parent, Inc. and TDG Group Holding Company",Operator of multiple franchise concepts primarily related to home maintenance or repairs,"Senior subordinated loan ($52,670 par due 2/2020)",11.00%,8/15/2014,52670.0,52670
105,"Dwyer Acquisition Parent, Inc. and TDG Group Holding Company",Operator of multiple franchise concepts primarily related to home maintenance or repairs,"Common stock (32,843 shares)",0,8/15/2014,3378.0,4986
106,"Massage Envy, LLC (25)",Franchisor in the massage industry,"First lien senior secured loan ($38,987 par due 9/2018)",8.50% (Libor + 7.25%/Q),9/27/2012,38987.0,38988
107,"Massage Envy, LLC (25)",Franchisor in the massage industry,"First lien senior secured loan ($18,945 par due 9/2018)",8.50% (Libor + 7.25%/Q),9/27/2012,18945.0,18945
108,"Massage Envy, LLC (25)",Franchisor in the massage industry,"Common stock (3,000,000 shares)",0,9/27/2012,3000.0,5762
109,"McKenzie Sports Products, LLC (25)","Designer, manufacturer and distributor of hunting-related supplies","First lien senior secured loan ($5,500 par due 9/2020)",6.75% (Libor + 5.75%/Q),9/18/2014,5500.0,5390
110,"McKenzie Sports Products, LLC (25)","Designer, manufacturer and distributor of hunting-related supplies","First lien senior secured loan ($39,500 par due 9/2020)",6.75% (Libor + 5.75%/Q),9/18/2014,39500.0,38710
111,"McKenzie Sports Products, LLC (25)","Designer, manufacturer and distributor of hunting-related supplies","First lien senior secured loan ($45,000 par due 9/2020)",6.75% (Libor + 5.75%/Q),9/18/2014,45000.0,44100
112,"OpenSky Project, Inc. and OSP Holdings, Inc.",Social commerce platform operator,"First lien senior secured loan ($1,200 par due 9/2017)",10.00%,6/4/2014,1195.0,1200
113,"OpenSky Project, Inc. and OSP Holdings, Inc.",Social commerce platform operator,"Warrant to purchase up to 159,496 shares of Series D preferred stock (expires 4/2025)",0,6/29/2015,48.0,0
114,"Osmose Holdings, Inc.",Provider of structural integrity management services to transmission and distribution infrastructure,"Second lien senior secured loan ($25,000 par due 8/2023)",8.75% (Libor + 7.75%/Q),9/3/2015,24568.0,24500
115,"SocialFlow, Inc.",Social media optimization platform provider,"First lien senior secured loan ($4,000 par due 8/2019)",9.50% (Libor + 8.50%/M),1/29/2016,3919.0,4000
116,"SocialFlow, Inc.",Social media optimization platform provider,"Warrant to purchase up to 215,331 shares of Series C preferred stock (expires 1/2026)",0,1/29/2016,0.0,25
117,Spin HoldCo Inc.,Laundry service and equipment provider,"Second lien senior secured loan ($140,000 par due 5/2020)",8.00% (Libor + 7.00%/Q),5/14/2013,140000.0,137200
118,"Surface Dive, Inc.",SCUBA diver training and certification provider,"Second lien senior secured loan ($31,591 par due 1/2022)",9.00% (Libor + 8.00%/Q),7/28/2015,31591.0,31591
119,"Surface Dive, Inc.",SCUBA diver training and certification provider,"Second lien senior secured loan ($94,094 par due 1/2022)",10.25% (Libor + 9.25%/Q),1/29/2015,93753.0,94094
120,"TWH Water Treatment Industries, Inc., TWH Filtration Industries, Inc. and TWH Infrastructure Industries, Inc. (25)","Wastewater infrastructure repair, treatment and filtration holding company","First lien senior secured loan ($5,370 par due 10/2019)",10.25% (Libor + 9.25%/Q),10/10/2014,5370.0,5370
121,"TWH Water Treatment Industries, Inc., TWH Filtration Industries, Inc. and TWH Infrastructure Industries, Inc. (25)","Wastewater infrastructure repair, treatment and filtration holding company","First lien senior secured loan ($36,400 par due 10/2019)",10.25% (Libor + 9.25%/Q),10/10/2014,36400.0,36400
122,"U.S. Security Associates Holdings, Inc",Security guard service provider,"Second lien senior secured loan ($25,000 par due 7/2018)",11.00%,11/24/2015,25000.0,25000
123,WASH Multifamily Acquisition Inc. and Coinamatic Canada Inc.,Laundry service and equipment provider,"Second lien senior secured loan ($3,726 par due 5/2023)",8.00% (Libor + 7.00%/Q),5/14/2015,3664.0,3689
124,WASH Multifamily Acquisition Inc. and Coinamatic Canada Inc.,Laundry service and equipment provider,"Second lien senior secured loan ($21,274 par due 5/2023)",8.00% (Libor + 7.00%/Q),5/14/2015,20920.0,21061
125,"Accruent, LLC and Athena Parent, Inc. (25)",Real estate and facilities management software provider,"First lien senior secured loan ($15,000 par due 5/2022)",6.25% (Libor + 5.25%/Q),9/13/2016,15000.0,15000
126,"Accruent, LLC and Athena Parent, Inc. (25)",Real estate and facilities management software provider,"First lien senior secured loan ($4,500 par due 5/2022)",6.25% (Libor + 5.25%/Q),9/19/2016,4500.0,4500
127,"Accruent, LLC and Athena Parent, Inc. (25)",Real estate and facilities management software provider,"Second lien senior secured loan ($10,500 par due 11/2022)",12.25%(Base Rate + 8.75%/Q),9/19/2016,10500.0,10500
128,"Accruent, LLC and Athena Parent, Inc. (25)",Real estate and facilities management software provider,"Second lien senior secured loan ($42,500 par due 11/2022)",10.75% (Libor + 9.75%/Q),9/19/2016,42500.0,42500
129,"Accruent, LLC and Athena Parent, Inc. (25)",Real estate and facilities management software provider,Series A preferred stock (778 shares),0,9/19/2016,778.0,800
130,"Accruent, LLC and Athena Parent, Inc. (25)",Real estate and facilities management software provider,"Common stock (3,000 shares)",0,5/16/2016,3000.0,3084
131,Brandtone Holdings Limited (9),Mobile communications and marketing services provider,"First lien senior secured loan ($4,676 par due 11/2018)","12.50% (Libor + 10.50% Cash, 1.00% PIK/M)",5/11/2015,4591.0,3975
132,Brandtone Holdings Limited (9),Mobile communications and marketing services provider,"First lien senior secured loan ($3,098 par due 2/2019)","12.50% (Libor + 10.50% Cash, 1.00% PIK/M)",5/11/2015,3035.0,2633
133,Brandtone Holdings Limited (9),Mobile communications and marketing services provider,"Warrant to purchase up to 184,003 units of Series Three participating convertible preferred shares (expires 8/2026)",0,5/11/2015,0.0,0
134,"CallMiner, Inc.",Provider of cloud-based conversational analytics solutions,"Second lien senior secured loan ($2,424 par due 5/2018)",10.50% (Libor + 9.50%/M),7/23/2014,2417.0,2424
135,"CallMiner, Inc.",Provider of cloud-based conversational analytics solutions,"Second lien senior secured loan ($1,394 par due 8/2018)",10.50% (Libor + 9.50%/M),7/23/2014,1389.0,1394
136,"CallMiner, Inc.",Provider of cloud-based conversational analytics solutions,"Warrant to purchase up to 2,350,636 shares of Series 1 preferred stock (expires 7/2024)",0,7/23/2014,0.0,0
137,"CIBT Holdings, Inc. and CIBT Investment Holdings, LLC",Expedited travel document processing services,"Class A shares (2,500 shares)",0,12/15/2011,2500.0,6015
138,"Clearwater Analytics, LLC (25)","Provider of integrated cloud-based investment portfolio management, accounting, reporting and analytics software","First lien senior secured loan ($25,500 par due 9/2022)",8.50% (Libor + 7.50%/Q),9/1/2016,25500.0,25500
139,"CMW Parent LLC (fka Black Arrow, Inc.)",Multiplatform media firm,Series A units (32 units),0,9/11/2015,0.0,0
140,"Command Alkon, Incorporated and CA Note Issuer, LLC",Software solutions provider to the ready-mix concrete industry,"Second lien senior secured loan ($10,000 par due 8/2020)",9.25% (Libor + 8.25%/Q),9/28/2012,10000.0,10000
141,"Command Alkon, Incorporated and CA Note Issuer, LLC",Software solutions provider to the ready-mix concrete industry,"Second lien senior secured loan ($11,500 par due 8/2020)",9.44% (Libor + 8.25%/Q),9/28/2012,11500.0,11500
142,"Command Alkon, Incorporated and CA Note Issuer, LLC",Software solutions provider to the ready-mix concrete industry,"Second lien senior secured loan ($26,500 par due 8/2020)",9.25% (Libor + 8.25%/Q),9/28/2012,26500.0,26500
143,"Command Alkon, Incorporated and CA Note Issuer, LLC",Software solutions provider to the ready-mix concrete industry,"Senior subordinated loan ($22,542 par due 8/2021)",14.00% PIK,8/8/2014,22542.0,22542
144,"Compuware Parent, LLC",Web and mobile cloud performance testing and monitoring services provider,"Class A-1 common stock (4,132 units)",0,12/15/2014,2250.0,2113
145,"Compuware Parent, LLC",Web and mobile cloud performance testing and monitoring services provider,"Class B-1 common stock (4,132 units)",0,12/15/2014,450.0,422
146,"Compuware Parent, LLC",Web and mobile cloud performance testing and monitoring services provider,"Class C-1 common stock (4,132 units)",0,12/15/2014,300.0,282
147,"Compuware Parent, LLC",Web and mobile cloud performance testing and monitoring services provider,"Class A-2 common stock (4,132 units)",0,12/15/2014,0.0,0
148,"Compuware Parent, LLC",Web and mobile cloud performance testing and monitoring services provider,"Class B-2 common stock (4,132 units)",0,12/15/2014,0.0,0
149,"Compuware Parent, LLC",Web and mobile cloud performance testing and monitoring services provider,"Class C-2 common stock (4,132 units)",0,12/15/2014,0.0,0
150,"Directworks, Inc. and Co-Exprise Holdings, Inc.",Provider of cloud-based software solutions for direct materials sourcing and supplier management for manufacturers,"First lien senior secured loan ($1,917 par due 4/2018)",10.25% (Libor + 9.25%/M),12/19/2014,1863.0,1782
151,"Directworks, Inc. and Co-Exprise Holdings, Inc.",Provider of cloud-based software solutions for direct materials sourcing and supplier management for manufacturers,"Warrant to purchase up to 1,875,000 shares of Series 1 preferred stock (expires 12/2024)",0,12/19/2014,0.0,0
152,"DTI Holdco, Inc. and OPE DTI Holdings, Inc. (25)",Provider of legal process outsourcing and managed services,"First lien senior secured loan ($4,167 par due 9/2023)",6.25% (Libor + 5.25%/Q),9/23/2016,4125.0,4166
153,"DTI Holdco, Inc. and OPE DTI Holdings, Inc. (25)",Provider of legal process outsourcing and managed services,"Class A common stock (7,500 shares)",0,8/19/2014,7500.0,4323
154,"DTI Holdco, Inc. and OPE DTI Holdings, Inc. (25)",Provider of legal process outsourcing and managed services,"Class B common stock (7,500 shares)",0,8/19/2014,0.0,4323
155,"Faction Holdings, Inc. and The Faction Group LLC (fka PeakColo Holdings, Inc.) (25)",Wholesaler of cloud-based software applications and services,"First lien senior secured revolving loan ($1,000 par due 11/2017)",7.75% (Base Rate + 4.25%/M),11/3/2014,1000.0,1000
156,"Faction Holdings, Inc. and The Faction Group LLC (fka PeakColo Holdings, Inc.) (25)",Wholesaler of cloud-based software applications and services,"First lien senior secured loan ($3,000 par due 12/2019)",9.75% (Libor + 8.75%/M),12/3/2015,3000.0,3000
157,"Faction Holdings, Inc. and The Faction Group LLC (fka PeakColo Holdings, Inc.) (25)",Wholesaler of cloud-based software applications and services,"First lien senior secured loan ($3,556 par due 5/2019)",9.75% (Libor + 8.75%/M),11/3/2014,3512.0,3556
158,"Faction Holdings, Inc. and The Faction Group LLC (fka PeakColo Holdings, Inc.) (25)",Wholesaler of cloud-based software applications and services,"Warrant to purchase up to 1,481 shares of Series A preferred stock (expires 12/2025)",0,12/3/2015,0.0,0
159,"Faction Holdings, Inc. and The Faction Group LLC (fka PeakColo Holdings, Inc.) (25)",Wholesaler of cloud-based software applications and services,"Warrant to purchase up to 2,037 shares of Series A preferred stock (expires 11/2024)",0,11/3/2014,93.0,147
160,"First Insight, Inc.",Software company providing merchandising and pricing solutions to companies worldwide,"Warrant to purchase up to 122,827 units of Series C preferred stock (expires 3/2024)",0,3/20/2014,0.0,11
161,"iControl Networks, Inc. and uControl Acquisition, LLC",Software and services company for the connected home market,"Second lien senior secured loan ($20,000 par due 3/2019)",9.50% (Libor + 8.50%/M),2/19/2015,19750.0,20150
162,"iControl Networks, Inc. and uControl Acquisition, LLC",Software and services company for the connected home market,"Warrant to purchase up to 385,616 shares of Series D preferred stock (expires 2/2022)",0,2/19/2015,0.0,0
163,IfByPhone Inc.,Voice-based marketing automation software provider,"Warrant to purchase up to 124,300 shares of Series C preferred stock (expires 10/2022)",0,10/15/2012,88.0,71
164,Interactions Corporation,Developer of a speech recognition software based customer interaction system,"Second lien senior secured loan ($2,500 par due 7/2019)",9.85% (Libor + 8.85%/M),6/16/2015,2260.0,2500
165,Interactions Corporation,Developer of a speech recognition software based customer interaction system,"Second lien senior secured loan ($22,500 par due 7/2019)",9.85% (Libor + 8.85%/M),6/16/2015,22227.0,22500
166,Interactions Corporation,Developer of a speech recognition software based customer interaction system,"Warrant to purchase up to 68,187 shares of Series G-3 convertible preferred stock (expires 6/2022)",0,6/16/2015,303.0,290
167,"iPipeline, Inc., Internet Pipeline, Inc. and iPipeline Holdings, Inc. (25)",Provider of SaaS-based software solutions to the insurance and financial services industry,"First lien senior secured loan ($2,504 par due 8/2022)",8.25% (Libor + 7.25%/Q),8/4/2015,2504.0,2504
168,"iPipeline, Inc., Internet Pipeline, Inc. and iPipeline Holdings, Inc. (25)",Provider of SaaS-based software solutions to the insurance and financial services industry,"First lien senior secured loan ($44,550 par due 8/2022)",8.25% (Libor + 7.25%/Q),8/4/2015,44550.0,44550
169,"iPipeline, Inc., Internet Pipeline, Inc. and iPipeline Holdings, Inc. (25)",Provider of SaaS-based software solutions to the insurance and financial services industry,"First lien senior secured loan ($14,850 par due 8/2022)",8.25% (Libor + 7.25%/Q),8/4/2015,14850.0,14850
170,"iPipeline, Inc., Internet Pipeline, Inc. and iPipeline Holdings, Inc. (25)",Provider of SaaS-based software solutions to the insurance and financial services industry,"Preferred stock (1,485 shares)",0,8/4/2015,1485.0,2508
171,"iPipeline, Inc., Internet Pipeline, Inc. and iPipeline Holdings, Inc. (25)",Provider of SaaS-based software solutions to the insurance and financial services industry,"Common stock (647,542 shares)",0,8/4/2015,15.0,25
172,"IronPlanet, Inc.",Online auction platform provider for used heavy equipment,"Warrant to purchase to up to 133,333 shares of Series C preferred stock (expires 9/2023)",0,9/24/2013,214.0,383
173,"Itel Laboratories, Inc. (25)",Data services provider for building materials to property insurance industry,"Preferred units (1,798,391 units)",0,6/29/2012,1000.0,1254
174,"Market Track Holdings, LLC",Business media consulting services company,"Preferred stock (1,685 shares)",0,12/13/2013,2221.0,2538
175,"Market Track Holdings, LLC",Business media consulting services company,"Common stock (16,251 shares)",0,12/13/2013,2221.0,2278
176,"Maximus Holdings, LLC",Provider of software simulation tools and related services,"Warrant to purchase up to 1,050,013 shares of common stock (expires 10/2019)",0,12/13/2013,0.0,91
177,"Ministry Brands, LLC and MB Parent Holdings, LLC (25)",Software and payment services provider to faith-based institutions,First lien senior secured loan ($244 par due 11/2021),5.25% (Libor + 4.25%/Q),7/12/2016,244.0,244
178,"Ministry Brands, LLC and MB Parent Holdings, LLC (25)",Software and payment services provider to faith-based institutions,"First lien senior secured loan ($38,214 par due 11/2021)",10.75% (Libor + 9.75%/Q),3/16/2016,37992.0,38214
179,"Ministry Brands, LLC and MB Parent Holdings, LLC (25)",Software and payment services provider to faith-based institutions,"First lien senior secured loan ($24,875 par due 11/2021)",10.75% (Libor + 9.75%/Q),3/16/2016,24875.0,24875
180,"Ministry Brands, LLC and MB Parent Holdings, LLC (25)",Software and payment services provider to faith-based institutions,"First lien senior secured loan ($9,686 par due 11/2021)",10.75% (Libor + 9.75%/Q),3/16/2016,9686.0,9686
181,"Ministry Brands, LLC and MB Parent Holdings, LLC (25)",Software and payment services provider to faith-based institutions,"Class A common units (2,130,772 units)",0,11/20/2015,2131.0,2131
182,"MVL Group, Inc. (8)",Marketing research provider,Senior subordinated loan ($450 par due 7/2012),0,4/1/2010,226.0,226
183,"MVL Group, Inc. (8)",Marketing research provider,"Common stock (560,716 shares)",0,4/1/2010,0.0,0
184,"NAS, LLC, Nationwide Marketing Group, LLC and Nationwide Administrative Services, Inc.","Buying and marketing services organization for appliance, furniture and consumer electronics dealers","Second lien senior secured loan ($24,100 par due 12/2021)",9.75% (Libor + 8.75%/Q),6/1/2015,24100.0,22413
185,"NSM Insurance Group, LLC (25)",Insurance program administrator,"First lien senior secured loan ($13,222 par due 9/2022)",5.75% (Libor + 4.75%/Q),9/1/2016,13222.0,13222
186,"PayNearMe, Inc.",Electronic cash payment system provider,"First lien senior secured loan ($10,000 par due 9/2019)",9.50% (Libor + 8.50%/M),3/11/2016,9576.0,10000
187,"PayNearMe, Inc.",Electronic cash payment system provider,"Warrant to purchase up to 195,726 shares of Series E preferred stock (expires 3/2023)",0,3/11/2016,207.0,192
188,"PHL Investors, Inc., and PHL Holding Co. (8)",Mortgage services,Class A common stock (576 shares),0,7/31/2012,3768.0,0
189,"Planview, Inc.",Provider of project and portfolio management software,"Second lien senior secured loan ($30,000 par due 8/2022)",10.50% (Libor + 9.50%/Q),8/9/2016,30000.0,30000
190,Poplicus Incorporated,Business intelligence and market analytics platform for companies that sell to the public sector,"First lien senior secured loan ($5,096 par due 1/2018)",0,6/25/2015,4669.0,2549
191,Poplicus Incorporated,Business intelligence and market analytics platform for companies that sell to the public sector,"Warrant to purchase up to 2,402,991 shares of Series C preferred stock (expires 6/2025)",0,6/25/2015,125.0,0
192,"PowerPlan, Inc. and Project Torque Ultimate Parent Corporation",Fixed asset financial management software provider,"Second lien senior secured loan ($30,000 par due 2/2023)",10.75% (Libor + 9.75%/Q),2/23/2015,29774.0,30000
193,"PowerPlan, Inc. and Project Torque Ultimate Parent Corporation",Fixed asset financial management software provider,"Second lien senior secured loan ($50,000 par due 2/2023)",10.75% (Libor + 9.75%/Q),2/23/2015,49603.0,50000
194,"PowerPlan, Inc. and Project Torque Ultimate Parent Corporation",Fixed asset financial management software provider,"Class A common stock (1,980 shares)",0,2/23/2015,1980.0,7
195,"PowerPlan, Inc. and Project Torque Ultimate Parent Corporation",Fixed asset financial management software provider,"Class B common stock (989,011 shares)",0,2/23/2015,20.0,3507
196,"Powersport Auctioneer Holdings, LLC",Powersport vehicle auction operator,"Common units (1,972 units)",0,3/2/2012,1000.0,1473
197,"Project Alpha Intermediate Holding, Inc. and Qlik Parent, Inc.",Provider of data visualization software for data analytics,"First lien senior secured loan ($140,286 par due 8/2022)",9.25% (Libor + 8.25%/Q),8/22/2016,138324.0,140286
198,"Project Alpha Intermediate Holding, Inc. and Qlik Parent, Inc.",Provider of data visualization software for data analytics,"Class A common shares (7,445 shares)",0,8/22/2016,7445.0,7445
199,"Project Alpha Intermediate Holding, Inc. and Qlik Parent, Inc.",Provider of data visualization software for data analytics,"Class B common shares (1,841,609 shares)",0,8/22/2016,75.0,75
200,R2 Acquisition Corp.,Marketing services,"Common stock (250,000 shares)",0,5/29/2007,250.0,266
201,Rocket Fuel Inc.,Provider of open and integrated software for digital marketing optimization,"Common stock (11,405 shares)",0,9/9/2014,40.0,16
202,Sonian Inc.,Cloud-based email archiving platform,"First lien senior secured loan ($7,500 par due 9/2019)",9.00% (Libor + 8.00%/M),9/9/2015,7346.0,7500
203,Sonian Inc.,Cloud-based email archiving platform,"Warrant to purchase up to 169,045 shares of Series C preferred stock (expires 9/2022)",0,9/9/2015,93.0,93
204,"Talari Networks, Inc.",Networking equipment provider,"First lien senior secured loan ($6,000 par due 12/2018)",9.75% (Libor + 8.75%/M),8/3/2015,5923.0,6000
205,"Talari Networks, Inc.",Networking equipment provider,"Warrant to purchase up to 421,052 shares of Series D-1 preferred stock (expires 8/2022)",0,8/3/2015,50.0,50
206,"The Greeley Company, Inc. and HCP Acquisition Holdings, LLC (8)",Healthcare compliance advisory services,"Senior subordinated loan ($10,131 par due 3/2017)",0,3/5/2013,0.0,1000
207,"The Greeley Company, Inc. and HCP Acquisition Holdings, LLC (8)",Healthcare compliance advisory services,"Class A units (14,293,110 units)",0,6/26/2008,12793.0,0
208,"TraceLink, Inc. (25)",Supply chain management software provider for the pharmaceutical industry,"First lien senior secured revolving loan ($4,400 par due 12/2016)",7.50%(Base Rate + 4.00%/M),1/2/2015,4400.0,4400
209,"TraceLink, Inc. (25)",Supply chain management software provider for the pharmaceutical industry,"First lien senior secured loan ($4,065 par due 1/2019)",8.50% (Libor + 7.00%/M),1/2/2015,4004.0,4065
210,"TraceLink, Inc. (25)",Supply chain management software provider for the pharmaceutical industry,"Warrant to purchase up to 283,353 shares of Series A-2 preferred stock (expires 1/2025)",0,1/2/2015,146.0,1040
211,Velocity Holdings Corp.,Hosted enterprise resource planning application management services provider,"Common units (1,713,546 units)",0,12/13/2013,4503.0,2975
212,WorldPay Group PLC (9),Payment processing company,"C2 shares (73,974 shares)",0,10/21/2015,11.0,0
213,"Badger Sportswear Acquisition, Inc.",Provider of team uniforms and athletic wear,"Second lien senior secured loan ($50,000 par due 3/2024)",10.00% (Libor + 9.00%/Q),9/6/2016,49893.0,50000
214,"Feradyne Outdoors, LLC and Bowhunter Holdings, LLC",Provider of branded archery and bowhunting accessories,"First lien senior secured loan ($4,438 par due 3/2019)",4.00% (Libor + 3.00%/Q),4/24/2014,4438.0,4216
215,"Feradyne Outdoors, LLC and Bowhunter Holdings, LLC",Provider of branded archery and bowhunting accessories,"First lien senior secured loan ($6,613 par due 3/2019)",4.00% (Libor + 3.00%/Q),4/24/2014,6613.0,6282
216,"Feradyne Outdoors, LLC and Bowhunter Holdings, LLC",Provider of branded archery and bowhunting accessories,"First lien senior secured loan ($9,500 par due 3/2019)",6.55% (Libor + 5.55%/Q),4/24/2014,9500.0,8740
217,"Feradyne Outdoors, LLC and Bowhunter Holdings, LLC",Provider of branded archery and bowhunting accessories,"First lien senior secured loan ($50,100 par due 3/2019)",6.55% (Libor + 5.55%/Q),4/24/2014,50100.0,46092
218,"Feradyne Outdoors, LLC and Bowhunter Holdings, LLC",Provider of branded archery and bowhunting accessories,Common units (300 units),0,4/24/2014,3733.0,2034
219,Indra Holdings Corp.,"Designer, marketer, and distributor of rain and cold weather products","Second lien senior secured loan ($80,000 par due 11/2021)",8.50% (Libor + 7.50%/Q),5/1/2014,79117.0,61600
220,"Matrixx Initiatives, Inc. and Wonder Holdings Acquisition Corp.",Developer and marketer of OTC healthcare products,Warrant to purchase up to 941 shares of preferred stock (expires 6/2021),0,7/27/2011,0.0,1424
221,"Matrixx Initiatives, Inc. and Wonder Holdings Acquisition Corp.",Developer and marketer of OTC healthcare products,"Warrant to purchase up to 1,654,678 shares of common stock (expires 6/2021)",0,7/27/2011,0.0,579
222,"Oak Parent, Inc.",Manufacturer of athletic apparel,"First lien senior secured loan ($7,687 par due 4/2018)",7.84% (Libor + 7.00%/Q),4/2/2012,7676.0,7686
223,"Oak Parent, Inc.",Manufacturer of athletic apparel,First lien senior secured loan ($43 par due 4/2018),9.50%(Base Rate + 6.00%/Q),4/2/2012,43.0,43
224,"Plantation Products, LLC, Seed Holdings, Inc. and Flora Parent, Inc.",Provider of branded lawn and garden products,"Second lien senior secured loan ($2,000 par due 6/2021)",9.54% (Libor + 8.54%/Q),12/23/2014,1996.0,2000
225,"Plantation Products, LLC, Seed Holdings, Inc. and Flora Parent, Inc.",Provider of branded lawn and garden products,"Second lien senior secured loan ($54,000 par due 6/2021)",9.54% (Libor + 8.54%/Q),12/23/2014,53773.0,54000
226,"Plantation Products, LLC, Seed Holdings, Inc. and Flora Parent, Inc.",Provider of branded lawn and garden products,"Second lien senior secured loan ($10,000 par due 6/2021)",9.54% (Libor + 8.54%/Q),12/23/2014,9962.0,10000
227,"Plantation Products, LLC, Seed Holdings, Inc. and Flora Parent, Inc.",Provider of branded lawn and garden products,"Common stock (30,000 shares)",0,12/23/2014,3000.0,4212
228,SHO Holding I Corporation,Manufacturer and distributor of slip resistant footwear,"Second lien senior secured loan ($100,000 par due 4/2023)",9.50% (Libor + 8.50%/Q),10/27/2015,97753.0,99000
229,"Shock Doctor, Inc. and Shock Doctor Holdings, LLC (7)","Developer, marketer and distributor of sports protection equipment and accessories","Second lien senior secured loan ($35,425 par due 10/2021)",11.50% (Libor + 10.50%/Q),4/22/2015,35425.0,35425
230,"Shock Doctor, Inc. and Shock Doctor Holdings, LLC (7)","Developer, marketer and distributor of sports protection equipment and accessories","Second lien senior secured loan ($54,000 par due 10/2021)",11.50% (Libor + 10.50%/Q),4/22/2015,54000.0,54000
231,"Shock Doctor, Inc. and Shock Doctor Holdings, LLC (7)","Developer, marketer and distributor of sports protection equipment and accessories","Class A preferred units (50,000 units)",0,3/14/2014,5000.0,4544
232,"Shock Doctor, Inc. and Shock Doctor Holdings, LLC (7)","Developer, marketer and distributor of sports protection equipment and accessories","Class C preferred units (50,000 units)",0,4/22/2015,5000.0,4543
233,"The Step2 Company, LLC (8)",Toy manufacturer,"Second lien senior secured loan ($27,583 par due 9/2019)",10.00%,4/1/2010,27501.0,27583
234,"The Step2 Company, LLC (8)",Toy manufacturer,"Second lien senior secured loan ($48,318 par due 9/2019)",15.00% PIK,4/1/2010,30307.0,48318
235,"The Step2 Company, LLC (8)",Toy manufacturer,"Common units (1,116,879 units)",0,4/1/2011,24.0,3418
236,"The Step2 Company, LLC (8)",Toy manufacturer,"Class B common units (126,278,000 units)",0,10/30/2014,0.0,0
237,"The Step2 Company, LLC (8)",Toy manufacturer,"Warrant to purchase up to 3,157,895 units",0,4/1/2010,0.0,85
238,"Varsity Brands Holding Co., Inc., Hercules Achievement, Inc., Hercules Achievement Holdings, Inc. and Hercules VB Holdings, Inc.","Leading manufacturer and distributor of textiles, apparel & luxury goods","Second lien senior secured loan ($1,576 par due 12/2022)",9.75% (Libor + 8.75%/Q),12/11/2014,1570.0,1576
239,"Varsity Brands Holding Co., Inc., Hercules Achievement, Inc., Hercules Achievement Holdings, Inc. and Hercules VB Holdings, Inc.","Leading manufacturer and distributor of textiles, apparel & luxury goods","Second lien senior secured loan ($54,000 par due 12/2022)",9.75% (Libor + 8.75%/Q),12/11/2014,53573.0,54000
240,"Varsity Brands Holding Co., Inc., Hercules Achievement, Inc., Hercules Achievement Holdings, Inc. and Hercules VB Holdings, Inc.","Leading manufacturer and distributor of textiles, apparel & luxury goods","Second lien senior secured loan ($91,697 par due 12/2022)",9.75% (Libor + 8.75%/Q),12/11/2014,90987.0,91697
241,"Varsity Brands Holding Co., Inc., Hercules Achievement, Inc., Hercules Achievement Holdings, Inc. and Hercules VB Holdings, Inc.","Leading manufacturer and distributor of textiles, apparel & luxury goods","Common stock (3,353,370 shares)",0,12/11/2014,3353.0,5160
242,"Varsity Brands Holding Co., Inc., Hercules Achievement, Inc., Hercules Achievement Holdings, Inc. and Hercules VB Holdings, Inc.","Leading manufacturer and distributor of textiles, apparel & luxury goods","Common stock (3,353,371 shares)",0,12/11/2014,4147.0,6381
243,"Alphabet Energy, Inc.",Technology developer to convert waste-heat into electricity,"First lien senior secured loan ($3,893 par due 8/2017)","14.50% (Libor + 11.50% Cash, 2.00% PIK/M)",12/16/2013,3743.0,3940
244,"Alphabet Energy, Inc.",Technology developer to convert waste-heat into electricity,First lien senior secured loan ($20 par due 8/2017),0,12/16/2013,19.0,20
245,"Alphabet Energy, Inc.",Technology developer to convert waste-heat into electricity,"Series 1B preferred stock (12,976 shares)",0,6/21/2016,250.0,56
246,"Alphabet Energy, Inc.",Technology developer to convert waste-heat into electricity,"Warrant to purchase up to 125,000 shares of Series 2 preferred stock (expires 12/2023)",0,6/30/2016,146.0,54
247,"CEI Kings Mountain Investor, LP",Gas turbine power generation facilities operator,"Senior subordinated loan ($31,727 par due 3/2017)",11.00% PIK,3/11/2016,31673.0,31727
248,"CPV Maryland Holding Company II, LLC",Gas turbine power generation facilities operator,"Senior subordinated loan ($44,460 par due 12/2020)",10.00%,8/8/2014,44460.0,42904
249,"CPV Maryland Holding Company II, LLC",Gas turbine power generation facilities operator,Warrant to purchase up to 4 units of common stock (expires 8/2018),0,8/8/2014,0.0,200
250,"DESRI VI Management Holdings, LLC",Wind power generation facility operator,"Senior subordinated loan ($25,000 par due 12/2021)",9.75%,12/24/2014,25000.0,25000
251,"DESRI VI Management Holdings, LLC",Wind power generation facility operator,Non-Controlling units (10.0 units),0,12/24/2014,1606.0,2316
252,"Green Energy Partners, Stonewall LLC and Panda Stonewall Intermediate Holdings II LLC",Gas turbine power generation facilities operator,"First lien senior secured loan ($25,000 par due 11/2021)",6.50% (Libor + 5.50%/Q),11/13/2014,24784.0,24125
253,"Green Energy Partners, Stonewall LLC and Panda Stonewall Intermediate Holdings II LLC",Gas turbine power generation facilities operator,"Senior subordinated loan ($19,258 par due 12/2021)","8.00% Cash, 5.25% PIK",11/13/2014,19258.0,18776
254,"Green Energy Partners, Stonewall LLC and Panda Stonewall Intermediate Holdings II LLC",Gas turbine power generation facilities operator,"Senior subordinated loan ($90,023 par due 12/2021)","8.00% Cash, 5.25% PIK",11/13/2014,90023.0,87772
255,"Joule Unlimited Technologies, Inc. and Stichting Joule Global Foundation",Renewable fuel and chemical production developer,"First lien senior secured loan ($8,743 par due 10/2018)","13.00% (Libor + 11.00% Cash, 1.00%PIK/M)",3/31/2015,8664.0,7570
256,"Joule Unlimited Technologies, Inc. and Stichting Joule Global Foundation",Renewable fuel and chemical production developer,First lien senior secured loan ($31 par due 10/2018),0,3/31/2015,31.0,27
257,"Joule Unlimited Technologies, Inc. and Stichting Joule Global Foundation",Renewable fuel and chemical production developer,"Warrant to purchase up to 32,051 shares of Series C-2 preferred stock (expires 7/2023)",0,7/25/2013,0.0,0
258,"La Paloma Generating Company, LLC","Natural gas fired, combined cycle plant operator","Second lien senior secured loan ($10,000 par due 2/2020)",0,2/20/2014,8764.0,0
259,Moxie Liberty LLC,Gas turbine power generation facilities operator,"First lien senior secured loan ($34,788 par due 8/2020)",7.50% (Libor + 6.50%/Q),8/21/2013,34550.0,34440
260,Moxie Patriot LLC,Gas turbine power generation facilities operator,"First lien senior secured loan ($34,345 par due 12/2020)",6.75% (Libor + 5.75%/Q),12/19/2013,34113.0,33315
261,Panda Power Annex Fund Hummel Holdings II LLC,Gas turbine power generation facilities operator,"Senior subordinated loan ($117,869 par due 10/2016)",13.00% PIK,10/27/2015,117723.0,117868
262,"Panda Temple Power II, LLC",Gas turbine power generation facilities operator,"First lien senior secured loan ($19,850 par due 4/2019)",7.25% (Libor + 6.00%/Q),4/3/2013,19763.0,18064
263,"Panda Temple Power, LLC",Gas turbine power generation facilities operator,"First lien senior secured loan ($24,625 par due 3/2022)",7.25% (Libor + 6.25%/Q),3/6/2015,23615.0,21424
264,PERC Holdings 1 LLC,"Operator of recycled energy, combined heat and power, and energy efficiency facilities","Class B common units (21,653,543 units)",0,10/20/2014,21654.0,25062
265,"ADF Capital, Inc., ADF Restaurant Group, LLC, and ARG Restaurant Holdings, Inc.",Restaurant owner and operator,"First lien senior secured loan ($28,581 par due 12/2018)",9.25% (Libor + 8.25%/Q),11/27/2006,28581.0,25437
266,"ADF Capital, Inc., ADF Restaurant Group, LLC, and ARG Restaurant Holdings, Inc.",Restaurant owner and operator,"First lien senior secured loan ($10,919 par due 12/2018)",9.25% (Libor + 8.25%/Q),11/27/2006,10922.0,9718
267,"ADF Capital, Inc., ADF Restaurant Group, LLC, and ARG Restaurant Holdings, Inc.",Restaurant owner and operator,"Promissory note ($24,539 par due 12/2023)",0,11/27/2006,13770.0,3477
268,"ADF Capital, Inc., ADF Restaurant Group, LLC, and ARG Restaurant Holdings, Inc.",Restaurant owner and operator,"Warrant to purchase up to 23,750 units of Series D common stock (expires 12/2023)",0,12/18/2013,24.0,0
269,"Benihana, Inc. (25)",Restaurant owner and operator,First lien senior secured revolving loan ($808 par due 7/2018),7.25% (Libor + 6.00%/Q),8/21/2012,808.0,759
270,"Benihana, Inc. (25)",Restaurant owner and operator,"First lien senior secured revolving loan ($1,615 par due 7/2018)",8.25%(Base Rate + 4.75%/Q),8/21/2012,1615.0,1518
271,"Benihana, Inc. (25)",Restaurant owner and operator,"First lien senior secured loan ($4,801 par due 1/2019)",7.25% (Libor + 6.00%/Q),8/21/2012,4802.0,4514
272,"DineInFresh, Inc.",Meal-delivery provider,"First lien senior secured loan ($5,500 par due 7/2018)",9.75% (Libor + 8.75%/M),12/19/2014,5462.0,5500
273,"DineInFresh, Inc.",Meal-delivery provider,"Warrant to purchase up to 143,079 shares of Series A preferred stock (expires 12/2024)",0,12/19/2014,0.0,5
274,Garden Fresh Restaurant Corp. (25),Restaurant owner and operator,First lien senior secured revolving loan,0,10/3/2013,0.0,0
275,Garden Fresh Restaurant Corp. (25),Restaurant owner and operator,"First lien senior secured loan ($40,141 par due 7/2018)",10.50% (Libor + 9.00%/Q),10/3/2013,40141.0,38134
276,"Global Franchise Group, LLC and GFG Intermediate Holding, Inc.",Worldwide franchisor of quick service restaurants,"First lien senior secured loan ($60,811 par due 12/2019)",10.49% (Libor + 9.49%/Q),12/18/2014,60811.0,60811
277,"Heritage Food Service Group, Inc. and WCI-HFG Holdings, LLC",Distributor of repair and replacement parts for commercial kitchen equipment,"Second lien senior secured loan ($31,645 par due 10/2022)",9.50% (Libor + 8.50%/Q),10/20/2015,31645.0,31645
278,"Heritage Food Service Group, Inc. and WCI-HFG Holdings, LLC",Distributor of repair and replacement parts for commercial kitchen equipment,"Preferred units (3,000,000 units)",0,10/20/2015,3000.0,3016
279,"Orion Foods, LLC (8)",Convenience food service retailer,"First lien senior secured loan ($1,180 par due 9/2015)",0,4/1/2010,1180.0,516
280,"Orion Foods, LLC (8)",Convenience food service retailer,"Second lien senior secured loan ($19,420 par due 9/2015)",0,4/1/2010,0.0,0
281,"Orion Foods, LLC (8)",Convenience food service retailer,"Preferred units (10,000 units)",0,10/28/2010,0.0,0
282,"Orion Foods, LLC (8)",Convenience food service retailer,"Class A common units (25,001 units)",0,4/1/2010,0.0,0
283,"Orion Foods, LLC (8)",Convenience food service retailer,"Class B common units (1,122,452 units)",0,4/1/2010,0.0,0
284,"OTG Management, LLC (25)",Airport restaurant operator,"First lien senior secured loan ($76,613 par due 8/2021)",9.50% (Libor + 8.50%/Q),8/26/2016,76613.0,76613
285,"OTG Management, LLC (25)",Airport restaurant operator,"First lien senior secured loan ($24,688 par due 8/2021)",9.50% (Libor + 8.50%/Q),8/26/2016,24688.0,24688
286,"OTG Management, LLC (25)",Airport restaurant operator,"Senior subordinated loan ($20,340 par due 2/2022)",17.50% PIK,8/26/2016,20178.0,20340
287,"OTG Management, LLC (25)",Airport restaurant operator,"Class A preferred units (3,000,000 units)",0,8/26/2016,30000.0,30000
288,"OTG Management, LLC (25)",Airport restaurant operator,"Common units (3,000,000 units)",0,1/5/2011,3000.0,11148
289,"OTG Management, LLC (25)",Airport restaurant operator,Warrant to purchase up to 7.73% of common units (expires 6/2018),0,6/19/2008,100.0,24529
290,"OTG Management, LLC (25)",Airport restaurant operator,Warrant to purchase 0.60 shares of the common units (expires 12/2018),0,8/26/2016,0.0,0
291,"Restaurant Holding Company, LLC",Fast food restaurant operator,"First lien senior secured loan ($34,615 par due 2/2019)",8.75% (Libor + 7.75%/Q),3/13/2014,34446.0,33922
292,"AllBridge Financial, LLC (8)",Asset management services,Equity interests,0,4/1/2010,0.0,524
293,Callidus Capital Corporation (8),Asset management services,Common stock (100 shares),0,4/1/2010,3000.0,1668
294,Ciena Capital LLC (8)(25),Real estate and small business loan servicer,"First lien senior secured revolving loan ($14,000 par due 12/2016)",6.00%,11/29/2010,14000.0,14000
295,Ciena Capital LLC (8)(25),Real estate and small business loan servicer,First lien senior secured loan ($250 par due 12/2016),12.00%,11/29/2010,250.0,250
296,Ciena Capital LLC (8)(25),Real estate and small business loan servicer,First lien senior secured loan ($500 par due 12/2016),12.00%,11/29/2010,500.0,500
297,Ciena Capital LLC (8)(25),Real estate and small business loan servicer,"First lien senior secured loan ($1,250 par due 12/2016)",12.00%,11/29/2010,1250.0,1250
298,Ciena Capital LLC (8)(25),Real estate and small business loan servicer,Equity interests,0,11/29/2010,34974.0,17082
299,"Commercial Credit Group, Inc.",Commercial equipment finance and leasing company,"Senior subordinated loan ($28,000 par due 8/2022)",11.00% (Libor + 9.75%/Q),5/10/2012,28000.0,28000
300,Gordian Acquisition Corp.,Financial services firm,Common stock (526 shares),0,11/30/2012,0.0,0
301,Imperial Capital Group LLC,Investment services,"Class A common units (32,369 units)",0,5/10/2007,7870.0,11812
302,Imperial Capital Group LLC,Investment services,"2006 Class B common units (10,605 units)",0,5/10/2007,1.0,2
303,Imperial Capital Group LLC,Investment services,"2007 Class B common units (1,323 units)",0,5/10/2007,0.0,0
304,"Ivy Hill Asset Management, L.P. (8)(10)",Asset management services,Member interest (100.00% interest),0,6/15/2009,170961.0,233464
305,"Javlin Three LLC, Javlin Four LLC, and Javlin Five LLC (10)",Asset-backed financial services company,"First lien senior secured loan ($34,900 par due 6/2017)",10.47% (Libor + 10.00%/Q),6/24/2014,34900.0,34900
306,"LSQ Funding Group, L.C. and LM LSQ Investors LLC (10)(25)",Asset based lender,"Senior subordinated loan ($30,000 par due 6/2021)",10.50%,6/25/2015,30000.0,30000
307,"LSQ Funding Group, L.C. and LM LSQ Investors LLC (10)(25)",Asset based lender,"Membership units (3,275,000 units)",0,6/25/2015,3275.0,3309
308,"Component Hardware Group, Inc. (25)",Commercial equipment,"First lien senior secured revolving loan ($1,867 par due 7/2019)",5.50% (Libor + 4.50%/Q),7/1/2013,1867.0,1867
309,"Component Hardware Group, Inc. (25)",Commercial equipment,"First lien senior secured loan ($8,001 par due 7/2019)",5.50% (Libor + 4.50%/Q),7/1/2013,8001.0,8001
310,"Harvey Tool Company, LLC and Harvey Tool Holding, LLC (25)",Cutting tool provider to the metalworking industry,"Senior subordinated loan ($28,064 par due 9/2020)","10.00% Cash, 1.00% PIK",8/13/2015,28064.0,28064
311,"Harvey Tool Company, LLC and Harvey Tool Holding, LLC (25)",Cutting tool provider to the metalworking industry,Class A membership units (750 units),0,3/28/2014,896.0,1521
312,"Ioxus, Inc",Energy storage devices,First lien senior secured loan ($662 par due 8/2017),12.00% PIK,8/24/2016,662.0,662
313,"Ioxus, Inc",Energy storage devices,"First lien senior secured loan ($10,186 par due 6/2019)","5.00 % Cash, 7.00% PIK",4/29/2014,9930.0,9676
314,"Ioxus, Inc",Energy storage devices,First lien senior secured loan ($268 par due 6/2019),0,4/29/2014,261.0,255
315,"Ioxus, Inc",Energy storage devices,"Warrant to purchase up to 1,210,235 shares of Series BB preferred stock (expires 8/2026)",0,1/28/2016,0.0,0
316,"Ioxus, Inc",Energy storage devices,"Warrant to purchase up to 3,038,730 shares of common stock (expires 1/2026)",0,1/28/2016,0.0,0
317,KPS Global LLC,Walk-in cooler and freezer systems,"First lien senior secured loan ($27,140 par due 12/2020)",9.69% (Libor + 8.69%/Q),12/4/2015,27140.0,27140
318,"MacLean-Fogg Company and MacLean-Fogg Holdings, L.L.C.",Manufacturer and supplier for the power utility and automotive markets worldwide,"Senior subordinated loan ($99,187 par due 10/2025)","10.50% Cash, 3.00% PIK",10/31/2013,99187.0,99187
319,"MacLean-Fogg Company and MacLean-Fogg Holdings, L.L.C.",Manufacturer and supplier for the power utility and automotive markets worldwide,"Preferred units (70,183 units)","4.50% Cash, 9.25% PIK",10/9/2015,72794.0,72794
320,Niagara Fiber Intermediate Corp. (25),Insoluble fiber filler products,"First lien senior secured revolving loan ($1,881 par due 5/2018)",0,5/8/2014,1808.0,1392
321,Niagara Fiber Intermediate Corp. (25),Insoluble fiber filler products,"First lien senior secured loan ($1,430 par due 5/2018)",0,5/8/2014,1382.0,1058
322,Niagara Fiber Intermediate Corp. (25),Insoluble fiber filler products,"First lien senior secured loan ($13,649 par due 5/2018)",0,5/8/2014,13182.0,10100
323,Nordco Inc. (25),Railroad maintenance-of-way machinery,"First lien senior secured revolving loan ($1,375 par due 8/2020)",8.75%(Base Rate + 5.25%/Q),8/26/2015,1375.0,1224
324,"Pelican Products, Inc.",Flashlights,"Second lien senior secured loan ($40,000 par due 4/2021)",9.25% (Libor + 8.25%/Q),4/11/2014,39962.0,38000
325,Saw Mill PCG Partners LLC,Metal precision engineered components,"Common units (1,000 units)",0,1/30/2007,1000.0,0
326,"SI Holdings, Inc.","Elastomeric parts, mid-sized composite structures, and composite tooling","Common stock (1,500 shares)",0,5/30/2014,1500.0,1773
327,TPTM Merger Corp. (25),Time temperature indicator products,"First lien senior secured revolving loan ($1,250 par due 9/2018)",7.50% (Libor + 6.50%/Q),9/12/2013,1250.0,1250
328,TPTM Merger Corp. (25),Time temperature indicator products,"First lien senior secured loan ($17,000 par due 9/2018)",9.67% (Libor + 8.67%/Q),9/12/2013,17000.0,17000
329,TPTM Merger Corp. (25),Time temperature indicator products,"First lien senior secured loan ($10,000 par due 9/2018)",9.67% (Libor + 8.67%/Q),9/12/2013,10000.0,10000
330,Campus Management Corp. and Campus Management Acquisition Corp. (7),Education software developer,"Preferred stock (485,159 shares)",0,2/8/2008,10520.0,9650
331,"Infilaw Holding, LLC (25)",Operator of for-profit law schools,"First lien senior secured revolving loan ($6,000 par due 1/2017)",13.50% (Libor + 12.50%/M),8/25/2011,6000.0,6000
332,"Infilaw Holding, LLC (25)",Operator of for-profit law schools,Series A preferred units (1.25 units),0,8/25/2011,125521.0,79930
333,"Infilaw Holding, LLC (25)",Operator of for-profit law schools,Series A-1 preferred units (0.03 units),0,7/29/2016,2546.0,2546
334,"Infilaw Holding, LLC (25)",Operator of for-profit law schools,Series B preferred units (0.39 units),0,10/19/2012,9245.0,0
335,"Instituto de Banca y Comercio, Inc. & Leeds IV Advisors, Inc.",Private School Operator,"First lien senior secured loan ($2,811 par due 12/2018)",10.50% PIK (Libor + 9.00%/Q),10/31/2015,2811.0,2811
336,"Instituto de Banca y Comercio, Inc. & Leeds IV Advisors, Inc.",Private School Operator,"Series B preferred stock (1,750,000 shares)",0,8/5/2010,5000.0,0
337,"Instituto de Banca y Comercio, Inc. & Leeds IV Advisors, Inc.",Private School Operator,"Series C preferred stock (2,512,586 shares)",0,6/7/2010,689.0,0
338,"Instituto de Banca y Comercio, Inc. & Leeds IV Advisors, Inc.",Private School Operator,"Senior preferred series A-1 shares (163,902 shares)",0,10/31/2015,119422.0,58400
339,"Instituto de Banca y Comercio, Inc. & Leeds IV Advisors, Inc.",Private School Operator,Common stock (20 shares),0,6/7/2010,0.0,0
340,"Lakeland Tours, LLC (25)",Educational travel provider,"First lien senior secured revolving loan ($11,306 par due 2/2022)",5.75% (Libor + 4.75%/Q),2/10/2016,11306.0,11306
341,"Lakeland Tours, LLC (25)",Educational travel provider,"First lien senior secured loan ($5,060 par due 2/2022)",5.75% (Libor + 4.75%/Q),2/10/2016,5008.0,5060
342,"Lakeland Tours, LLC (25)",Educational travel provider,"First lien senior secured loan ($31,707 par due 2/2022)",10.44% (Libor + 9.44%/Q),2/10/2016,31340.0,31708
343,PIH Corporation (25),Franchisor of education-based early childhood centers,First lien senior secured revolving loan ($621 par due 12/2018),7.00% (Libor + 6.00%/Q),12/13/2013,621.0,621
344,"R3 Education, Inc. and EIC Acquisitions Corp.",Medical school operator,"Preferred stock (1,977 shares)",0,7/30/2008,494.0,494
345,"R3 Education, Inc. and EIC Acquisitions Corp.",Medical school operator,Common membership interest (15.76% interest),0,9/21/2007,15800.0,31551
346,"R3 Education, Inc. and EIC Acquisitions Corp.",Medical school operator,"Warrant to purchase up to 27,890 shares (expires 11/2019)",0,12/8/2009,0.0,0
347,"Regent Education, Inc.",Provider of software solutions designed to optimize the financial aid and enrollment processes,"First lien senior secured loan ($3,750 par due 1/2018)","12.00% (Libor + 8.00% Cash, 2.00% PIK/M)",7/1/2014,3643.0,3675
348,"Regent Education, Inc.",Provider of software solutions designed to optimize the financial aid and enrollment processes,First lien senior secured loan ($53 par due 1/2018),0,7/1/2014,52.0,52
349,"Regent Education, Inc.",Provider of software solutions designed to optimize the financial aid and enrollment processes,"Warrant to purchase up to 987,771 shares of Series CC preferred stock (expires 11/2025)",0,7/1/2014,0.0,0
350,"RuffaloCODY,LLC (25)",Provider of student fundraising and enrollment management services,First lien senior secured revolving loan,0,5/29/2013,0.0,0
351,"Severin Acquisition, LLC (25)",Provider of student information system software solutions to the K-12 education market,"Second lien senior secured loan ($15,000 par due 7/2022)",9.75% (Libor + 8.75%/Q),7/31/2015,14750.0,14850
352,"Severin Acquisition, LLC (25)",Provider of student information system software solutions to the K-12 education market,"Second lien senior secured loan ($4,154 par due 7/2022)",9.75% (Libor + 8.75%/Q),10/28/2015,4082.0,4112
353,"Severin Acquisition, LLC (25)",Provider of student information system software solutions to the K-12 education market,"Second lien senior secured loan ($3,273 par due 7/2022)",10.25% (Libor + 9.25%/Q),2/1/2016,3213.0,3273
354,"Severin Acquisition, LLC (25)",Provider of student information system software solutions to the K-12 education market,"Second lien senior secured loan ($2,833 par due 7/2022)",10.25% (Libor + 9.25%/Q),8/8/2016,2776.0,2833
355,"WCI-Quantum Holdings, Inc.","Distributor of instructional products, services and resources","Series A preferred stock (1,272 shares)",0,10/24/2014,1000.0,1126
356,"Charter NEX US Holdings, Inc.",Producer of high-performance specialty films used in flexible packaging,"Second lien senior secured loan ($11,830 par due 2/2023)",9.25% (Libor + 8.25%/Q),2/5/2015,11691.0,11830
357,"GS Pretium Holdings, Inc.",Manufacturer and supplier of high performance plastic containers,"Common stock (500,000 shares)",0,6/2/2014,500.0,739
358,"ICSH, Inc. (25)","Industrial container manufacturer, reconditioner and servicer","First lien senior secured revolving loan ($1,000 par due 12/2018)",6.75% (Libor + 5.75%/Q),8/30/2011,1000.0,1000
359,"ICSH, Inc. (25)","Industrial container manufacturer, reconditioner and servicer","First lien senior secured loan ($5,000 par due 12/2018)",6.75% (Libor + 5.75%/Q),8/26/2016,5000.0,5000
360,"ICSH, Inc. (25)","Industrial container manufacturer, reconditioner and servicer","Second lien senior secured loan ($66,000 par due 12/2019)",10.16% (Libor + 9.00%/Q),12/31/2015,66000.0,66000
361,LBP Intermediate Holdings LLC (25),Manufacturer of paper and corrugated foodservice packaging,First lien senior secured revolving loan,0,7/10/2015,0.0,0
362,LBP Intermediate Holdings LLC (25),Manufacturer of paper and corrugated foodservice packaging,"First lien senior secured loan ($12,759 par due 7/2020)",6.50% (Libor + 5.50%/Q),7/10/2015,12643.0,12759
363,"Microstar Logistics LLC, Microstar Global Asset Management LLC, and MStar Holding Corporation",Keg management solutions provider,"Second lien senior secured loan ($78,500 par due 12/2018)",8.50% (Libor + 7.50%/Q),12/14/2012,78500.0,78500
364,"Microstar Logistics LLC, Microstar Global Asset Management LLC, and MStar Holding Corporation",Keg management solutions provider,"Second lien senior secured loan ($54,000 par due 12/2018)",8.50% (Libor + 7.50%/Q),12/14/2012,54000.0,54000
365,"Microstar Logistics LLC, Microstar Global Asset Management LLC, and MStar Holding Corporation",Keg management solutions provider,"Second lien senior secured loan ($10,000 par due 12/2018)",8.50% (Libor + 7.50%/Q),12/14/2012,10000.0,10000
366,"Microstar Logistics LLC, Microstar Global Asset Management LLC, and MStar Holding Corporation",Keg management solutions provider,"Common stock (50,000 shares)",0,12/14/2012,3951.0,7515
367,American Seafoods Group LLC and American Seafoods Partners LLC (25),Harvester and processor of seafood,"First lien senior secured revolving loan ($3,767 par due 8/2021)",7.50%(Base Rate + 4.00%/Q),8/19/2015,3767.0,3767
368,American Seafoods Group LLC and American Seafoods Partners LLC (25),Harvester and processor of seafood,"First lien senior secured loan ($6,921 par due 8/2021)",6.00% (Libor + 5.00%/Q),8/19/2015,6847.0,6921
369,American Seafoods Group LLC and American Seafoods Partners LLC (25),Harvester and processor of seafood,First lien senior secured loan ($94 par due 8/2021),7.50%(Base Rate + 4.00%/Q),8/19/2015,93.0,94
370,American Seafoods Group LLC and American Seafoods Partners LLC (25),Harvester and processor of seafood,"Second lien senior secured loan ($55,000 par due 2/2022)",10.00% (Libor + 9.00%/Q),8/19/2015,55000.0,55000
371,American Seafoods Group LLC and American Seafoods Partners LLC (25),Harvester and processor of seafood,"Class A units (77,922 units)",0,8/19/2015,78.0,83
372,American Seafoods Group LLC and American Seafoods Partners LLC (25),Harvester and processor of seafood,"Warrant to purchase up to 7,422,078 Class A units (expires 8/2035)",0,8/19/2015,7422.0,7872
373,Eagle Family Foods Group LLC,Manufacturer and producer of milk products,First lien senior secured loan ($466 par due 12/2021),5.00% (Libor + 4.00%/Q),8/22/2016,466.0,466
374,Eagle Family Foods Group LLC,Manufacturer and producer of milk products,"First lien senior secured loan ($22,316 par due 12/2021)",10.05% (Libor + 9.05%/Q),8/22/2016,22316.0,22316
375,Eagle Family Foods Group LLC,Manufacturer and producer of milk products,"First lien senior secured loan ($4,775 par due 12/2021)",10.05% (Libor + 9.05%/Q),12/31/2015,4751.0,4775
376,Eagle Family Foods Group LLC,Manufacturer and producer of milk products,"First lien senior secured loan ($50,000 par due 12/2021)",10.05% (Libor + 9.05%/Q),12/31/2015,49659.0,50000
377,GF Parent LLC,"Producer of low-acid, aseptic food and beverage products","Class A preferred units (2,940 units)",0,5/13/2015,2940.0,1358
378,GF Parent LLC,"Producer of low-acid, aseptic food and beverage products","Class A common units (60,000 units)",0,5/13/2015,60.0,0
379,"Kettle Cuisine, LLC",Manufacturer of fresh refrigerated and frozen food products,"Second lien senior secured loan ($28,500 par due 2/2022)",10.75% (Libor + 9.75%/Q),8/21/2015,28500.0,28500
380,"KeyImpact Holdings, Inc. and JWC/KI Holdings, LLC",Foodservice sales and marketing agency,"Membership units (5,000 units)",0,11/16/2015,5000.0,5747
381,"AEP Holdings, Inc. and Arrowhead Holdco Company","Distributor of non-discretionary, mission-critical aftermarket replacement parts","Common stock (2,832 shares)",0,8/31/2015,2832.0,2978
382,CH Hold Corp. (25),Collision repair company,"First lien senior secured revolving loan ($3,065 par due 11/2019)",7.75%(Base Rate + 4.25%/Q),2/24/2016,3065.0,3065
383,"ChargePoint, Inc.",Developer and operator of electric vehicle charging stations,"Second lien senior secured loan ($20,000 par due 8/2020)",9.75% (Libor + 8.75%/M),12/24/2014,19496.0,20000
384,"ChargePoint, Inc.",Developer and operator of electric vehicle charging stations,"Warrant to purchase up to 809,126 shares of Series E preferred stock (expires 12/2024)",0,12/24/2014,327.0,1453
385,"Dent Wizard International Corporation and DWH Equity Investors, L.P.",Automotive reconditioning services,"Second lien senior secured loan ($50,000 par due 10/2020)",10.25% (Libor + 9.25%/Q),4/7/2015,50000.0,50000
386,"Dent Wizard International Corporation and DWH Equity Investors, L.P.",Automotive reconditioning services,"Class A common stock (10,000 shares)",0,4/7/2015,333.0,578
387,"Dent Wizard International Corporation and DWH Equity Investors, L.P.",Automotive reconditioning services,"Class B common stock (20,000 shares)",0,4/7/2015,667.0,1156
388,"Eckler Industries, Inc. (25)",Restoration parts and accessories provider for classic automobiles,"First lien senior secured revolving loan ($2,000 par due 7/2017)",8.50%(Base Rate + 5.00%/Q),7/12/2012,2000.0,1860
389,"Eckler Industries, Inc. (25)",Restoration parts and accessories provider for classic automobiles,"First lien senior secured loan ($6,907 par due 7/2017)",7.25% (Libor + 6.00%/Q),7/12/2012,6907.0,6424
390,"Eckler Industries, Inc. (25)",Restoration parts and accessories provider for classic automobiles,"First lien senior secured loan ($26,096 par due 7/2017)",7.25% (Libor + 6.00%/Q),7/12/2012,26096.0,24269
391,"Eckler Industries, Inc. (25)",Restoration parts and accessories provider for classic automobiles,"Series A preferred stock (1,800 shares)",0,7/12/2012,1800.0,0
392,"Eckler Industries, Inc. (25)",Restoration parts and accessories provider for classic automobiles,"Common stock (20,000 shares)",0,7/12/2012,200.0,0
393,"EcoMotors, Inc.",Engine developer,"First lien senior secured loan ($9,840 par due 3/2018)",11.00%,9/1/2015,9488.0,9840
394,"EcoMotors, Inc.",Engine developer,"Warrant to purchase up to 321,888 shares of Series C preferred stock (expires 12/2022)",0,12/28/2012,0.0,347
395,"EcoMotors, Inc.",Engine developer,"Warrant to purchase up to 70,000 shares of Series C preferred stock (expires 2/2025)",0,2/24/2015,0.0,0
396,"Simpson Performance Products, Inc.",Provider of motorsports safety equipment,"First lien senior secured loan ($18,507 par due 2/2020)",9.73% (Libor + 8.73%/Q),2/20/2015,18507.0,18506
397,"SK SPV IV, LLC",Collision repair site operators,"Series A common stock (12,500 units)",0,8/18/2014,571.0,3137
398,"SK SPV IV, LLC",Collision repair site operators,"Series B common stock (12,500 units)",0,8/18/2014,571.0,3137
399,"TA THI Buyer, Inc. and TA THI Parent, Inc.",Collision repair company,"Series A preferred stock (50,000 shares)",0,7/28/2014,5000.0,13196
400,"Lonestar Prospects, Ltd.",Sand proppant producer and distributor to the oil and natural gas industry,"First lien senior secured loan ($24,140 par due 9/2018)","8.50% (Libor + 6.50% Cash, 1.00% PIK/Q)",9/18/2014,24140.0,24140
401,"Lonestar Prospects, Ltd.",Sand proppant producer and distributor to the oil and natural gas industry,"First lien senior secured loan ($47,107 par due 9/2018)","8.50% (Libor + 6.50% Cash, 1.00% PIK/Q)",9/18/2014,47107.0,47107
402,Petroflow Energy Corporation and TexOak Petro Holdings LLC (7),Oil and gas exploration and production company,"First lien senior secured loan ($16,333 par due 6/2019)",3.00%,6/29/2016,16160.0,14863
403,Petroflow Energy Corporation and TexOak Petro Holdings LLC (7),Oil and gas exploration and production company,"Second lien senior secured loan ($21,885 par due 12/2019)",0,6/29/2016,21885.0,4158
404,Petroflow Energy Corporation and TexOak Petro Holdings LLC (7),Oil and gas exploration and production company,"Common units (202,000 units)",0,6/29/2016,11075.0,0
405,"UL Holding Co., LLC (7)",Manufacturer and distributor of re-refined oil products,"Senior subordinated loan ($6,157 par due 5/2020)",10.00% PIK,4/30/2012,1489.0,5292
406,"UL Holding Co., LLC (7)",Manufacturer and distributor of re-refined oil products,Senior subordinated loan ($159 par due 5/2020),0,4/30/2012,38.0,136
407,"UL Holding Co., LLC (7)",Manufacturer and distributor of re-refined oil products,"Senior subordinated loan ($26,112 par due 5/2020)",10.00% PIK,4/30/2012,6365.0,22445
408,"UL Holding Co., LLC (7)",Manufacturer and distributor of re-refined oil products,Senior subordinated loan ($672 par due 5/2020),0,4/30/2012,164.0,578
409,"UL Holding Co., LLC (7)",Manufacturer and distributor of re-refined oil products,"Senior subordinated loan ($3,038 par due 5/2020)",10.00% PIK,4/30/2012,714.0,2612
410,"UL Holding Co., LLC (7)",Manufacturer and distributor of re-refined oil products,Senior subordinated loan ($78 par due 5/2020),0,4/30/2012,18.0,67
411,"UL Holding Co., LLC (7)",Manufacturer and distributor of re-refined oil products,"Class A common units (533,351 units)",0,6/17/2011,4993.0,0
412,"UL Holding Co., LLC (7)",Manufacturer and distributor of re-refined oil products,"Class B-5 common units (272,834 units)",0,6/17/2011,2492.0,0
413,"UL Holding Co., LLC (7)",Manufacturer and distributor of re-refined oil products,"Class C common units (758,546 units)",0,4/25/2008,0.0,0
414,"UL Holding Co., LLC (7)",Manufacturer and distributor of re-refined oil products,"Warrant to purchase up to 719,044 shares of Class A units",0,5/2/2014,0.0,0
415,"UL Holding Co., LLC (7)",Manufacturer and distributor of re-refined oil products,"Warrant to purchase up to 28,663 shares of Class B-1 units",0,5/2/2014,0.0,0
416,"UL Holding Co., LLC (7)",Manufacturer and distributor of re-refined oil products,"Warrant to purchase up to 57,325 shares of Class B-2 units",0,5/2/2014,0.0,0
417,"UL Holding Co., LLC (7)",Manufacturer and distributor of re-refined oil products,"Warrant to purchase up to 29,645 shares of Class B-3 units",0,5/2/2014,0.0,0
418,"UL Holding Co., LLC (7)",Manufacturer and distributor of re-refined oil products,"Warrant to purchase up to 80,371 shares of Class B-5 units",0,5/2/2014,0.0,0
419,"UL Holding Co., LLC (7)",Manufacturer and distributor of re-refined oil products,"Warrant to purchase up to 59,655 shares of Class B-6 units",0,5/2/2014,0.0,0
420,"UL Holding Co., LLC (7)",Manufacturer and distributor of re-refined oil products,"Warrant to purchase up to 1,046,713 shares of Class C units",0,5/2/2014,0.0,0
421,"Aimbridge Hospitality, LLC (25)",Hotel operator,"First lien senior secured loan ($2,870 par due 10/2018)",8.25% (Libor + 7.00%/Q),1/7/2016,2835.0,2870
422,"Aimbridge Hospitality, LLC (25)",Hotel operator,"First lien senior secured loan ($3,288 par due 10/2018)",8.25% (Libor + 7.00%/Q),7/15/2015,3263.0,3288
423,"Aimbridge Hospitality, LLC (25)",Hotel operator,"First lien senior secured loan ($14,923 par due 10/2018)",8.25% (Libor + 7.00%/Q),7/15/2015,14777.0,14923
424,Castle Management Borrower LLC,Hotel operator,"Second lien senior secured loan ($10,000 par due 3/2021)",11.00% (Libor + 10.00%/Q),10/17/2014,10000.0,10000
425,Castle Management Borrower LLC,Hotel operator,"Second lien senior secured loan ($55,000 par due 3/2021)",11.00% (Libor + 10.00%/Q),10/17/2014,55000.0,55000
426,"Pyramid Management Advisors, LLC and Pyramid Investors, LLC (25)",Hotel operator,"First lien senior secured loan ($19,500 par due 7/2021)",11.12% (Libor + 10.12%/Q),7/15/2016,19500.0,19500
427,"Pyramid Management Advisors, LLC and Pyramid Investors, LLC (25)",Hotel operator,"Membership units (990,369 units)",0,7/15/2016,990.0,918
428,"10th Street, LLC and New 10th Street, LLC (8)",Real estate holding company,"First lien senior secured loan ($25,514 par due 11/2019)","12.00% Cash, 1.00% PIK",3/31/2014,25514.0,25514
429,"10th Street, LLC and New 10th Street, LLC (8)",Real estate holding company,"Senior subordinated loan ($27,440 par due 11/2019)","12.00% Cash, 1.00% PIK",4/1/2010,27440.0,27440
430,"10th Street, LLC and New 10th Street, LLC (8)",Real estate holding company,Member interest (10.00% interest),0,4/1/2010,594.0,37259
431,"10th Street, LLC and New 10th Street, LLC (8)",Real estate holding company,"Option (25,000 units)",0,4/1/2010,25.0,25
432,"Cadence Aerospace, LLC",Aerospace precision components manufacturer,"First lien senior secured loan ($4,042 par due 5/2018)",7.00% (Libor + 5.75%/Q),5/15/2012,4031.0,4042
433,"Cadence Aerospace, LLC",Aerospace precision components manufacturer,First lien senior secured loan ($11 par due 5/2018),8.25%(Base Rate + 4.75%/Q),5/15/2012,11.0,11
434,"Cadence Aerospace, LLC",Aerospace precision components manufacturer,"Second lien senior secured loan ($79,657 par due 5/2019)",11.00% (Libor + 9.75%/Q),5/10/2012,79657.0,77267
435,"MPH Energy Holdings, LP",Operator of municipal recycling facilities,Limited partnership interest (3.13% interest),0,1/8/2014,0.0,0
436,"RE Community Holdings, LP and Pegasus Community Energy, LLC",Operator of municipal recycling facilities,"Preferred stock (1,000 shares)",0,3/1/2011,8839.0,0
437,"Waste Pro USA, Inc",Waste management services,"Second lien senior secured loan ($16,448 par due 10/2020)",8.50% (Libor + 7.50%/Q),10/15/2014,16448.0,16448
438,"Waste Pro USA, Inc",Waste management services,"Second lien senior secured loan ($59,696 par due 10/2020)",8.50% (Libor + 7.50%/Q),10/15/2014,59696.0,59696
439,"Genomatica, Inc.",Developer of a biotechnology platform for the production of chemical products,"Warrant to purchase 322,422 shares of Series D preferred stock (expires 3/2023)",0,3/28/2013,0.0,6
440,"K2 Pure Solutions Nocal, L.P. (25)",Chemical Producer,"First lien senior secured revolving loan ($1,500 par due 2/2021)",8.13% (Libor + 7.13%/Q),8/19/2013,1500.0,1500
441,"K2 Pure Solutions Nocal, L.P. (25)",Chemical Producer,"First lien senior secured loan ($13,975 par due 2/2021)",7.00% (Libor + 6.00%/Q),8/19/2013,13975.0,13975
442,"K2 Pure Solutions Nocal, L.P. (25)",Chemical Producer,"First lien senior secured loan ($26,000 par due 2/2021)",7.00% (Libor + 6.00%/Q),8/19/2013,26000.0,26000
443,"K2 Pure Solutions Nocal, L.P. (25)",Chemical Producer,"First lien senior secured loan ($13,000 par due 2/2021)",7.00% (Libor + 6.00%/Q),8/19/2013,13000.0,13000
444,"Kinestral Technologies, Inc.","Designer of adaptive, dynamic glass for the commercial and residential markets.","First lien senior secured loan ($9,667 par due 10/2018)",8.75% (Libor + 7.75%/M),4/22/2014,9561.0,9695
445,"Kinestral Technologies, Inc.","Designer of adaptive, dynamic glass for the commercial and residential markets.","Warrant to purchase up to 325,000 shares of Series A preferred stock (expires 4/2024)",0,4/22/2014,73.0,151
446,"Kinestral Technologies, Inc.","Designer of adaptive, dynamic glass for the commercial and residential markets.","Warrant to purchase up to 131,883 shares of Series B preferred stock (expires 4/2025)",0,4/9/2015,0.0,0
447,"Liquid Light, Inc. (8)",Developer and licensor of process technology for the conversion of carbon dioxide into major chemicals,"First lien senior secured loan ($2,293 par due 11/2017)",0,8/13/2014,2148.0,1200
448,"Liquid Light, Inc. (8)",Developer and licensor of process technology for the conversion of carbon dioxide into major chemicals,"Warrant to purchase up to 86,009 shares of Series B preferred stock (expires 8/2024)",0,8/13/2014,77.0,0
449,"Athletic Club Holdings, Inc. (25)",Premier health club operator,"First lien senior secured loan ($35,000 par due 10/2020)",9.50% (Libor + 8.50%/Q),10/11/2007,35000.0,35000
450,"CFW Co-Invest, L.P., NCP Curves, L.P. and Curves International Holdings, Inc.",Health club franchisor,"Limited partnership interest (4,152,165 shares)",0,7/31/2012,4152.0,0
451,"CFW Co-Invest, L.P., NCP Curves, L.P. and Curves International Holdings, Inc.",Health club franchisor,"Common stock (1,680 shares)",0,11/12/2014,0.0,0
452,"CFW Co-Invest, L.P., NCP Curves, L.P. and Curves International Holdings, Inc.",Health club franchisor,"Limited partnership interest (2,218,235 shares)",0,7/31/2012,2218.0,7857
453,"Flow Solutions Holdings, Inc.","Distributor of high value fluid handling, filtration and flow control products","Second lien senior secured loan ($6,000 par due 10/2018)",10.00% (Libor + 9.00%/Q),12/16/2014,6000.0,5280
454,"Flow Solutions Holdings, Inc.","Distributor of high value fluid handling, filtration and flow control products","Second lien senior secured loan ($29,500 par due 10/2018)",10.00% (Libor + 9.00%/Q),12/16/2014,29500.0,25960
455,"Paper Source, Inc. and Pine Holdings, Inc. (25)",Retailer of fine and artisanal paper products,First lien senior secured revolving loan ($667 par due 9/2018),8.50%(Base Rate + 5.00%/Q),9/23/2013,667.0,667
456,"Paper Source, Inc. and Pine Holdings, Inc. (25)",Retailer of fine and artisanal paper products,"First lien senior secured loan ($9,724 par due 9/2018)",7.25% (Libor + 6.25%/Q),9/23/2013,9724.0,9724
457,"Paper Source, Inc. and Pine Holdings, Inc. (25)",Retailer of fine and artisanal paper products,"Class A common stock (36,364 shares)",0,9/23/2013,6000.0,6901
458,"Things Remembered, Inc. and TRM Holdco Corp. (7)(25)",Personalized gifts retailer,First lien senior secured revolving loan ($283 par due 2/2019),9.00% (Libor + 8.00%/Q),8/30/2016,283.0,283
459,"Things Remembered, Inc. and TRM Holdco Corp. (7)(25)",Personalized gifts retailer,First lien senior secured revolving loan ($581 par due 2/2019),10.50%(Base Rate + 7.00%/Q),8/30/2016,581.0,581
460,"Things Remembered, Inc. and TRM Holdco Corp. (7)(25)",Personalized gifts retailer,"First lien senior secured loan ($10,733 par due 3/2020)",0,5/24/2012,10632.0,3954
461,"Things Remembered, Inc. and TRM Holdco Corp. (7)(25)",Personalized gifts retailer,"Common stock (10,631,940 shares)",0,8/30/2016,6082.0,0
462,Adaptive Mobile Security Limited (9),Developer of security software for mobile communications networks,"First lien senior secured loan ($2,232 par due 7/2018)",10.00% (Libor + 9.00%/M),1/16/2015,2280.0,2449
463,Adaptive Mobile Security Limited (9),Developer of security software for mobile communications networks,First lien senior secured loan ($585 par due 10/2018),10.00% (Libor + 9.00%/M),1/16/2015,596.0,642
464,"American Broadband Communications, LLC, American Broadband Holding Company, and Cameron Holdings of NC, Inc.",Broadband communication services,Warrant to purchase up to 208 shares (expires 11/2017),0,11/7/2007,0.0,7204
465,"American Broadband Communications, LLC, American Broadband Holding Company, and Cameron Holdings of NC, Inc.",Broadband communication services,Warrant to purchase up to 200 shares (expires 9/2020),0,9/1/2010,0.0,6927
466,"Startec Equity, LLC (8)",Communication services,Member interest,0,4/1/2010,0.0,0
467,Wilcon Holdings LLC,Communications infrastructure provider,"Class A common stock (2,000,000 shares)",0,12/13/2013,1829.0,3420
468,"Everspin Technologies, Inc. (25)",Designer and manufacturer of computer memory solutions,"First lien senior secured revolving loan ($1,145 par due 6/2017)",7.25%(Base Rate + 3.75%/M),6/5/2015,1145.0,1145
469,"Everspin Technologies, Inc. (25)",Designer and manufacturer of computer memory solutions,"First lien senior secured loan ($8,000 par due 6/2019)",8.75% (Libor + 7.75%/M),6/5/2015,7633.0,8000
470,"Everspin Technologies, Inc. (25)",Designer and manufacturer of computer memory solutions,"Warrant to purchase up to 480,000 shares of Series B preferred stock (expires 6/2025)",0,6/5/2015,355.0,252
471,"Liquid Robotics, Inc.","Ocean data services provider utilizing long duration, autonomous surface vehicles","First lien senior secured loan ($3,005 par due 4/2019)","11.00% (Libor + 8.00% Cash, 2.00% PIK/M)",6/30/2016,2933.0,3005
472,"Liquid Robotics, Inc.","Ocean data services provider utilizing long duration, autonomous surface vehicles",First lien senior secured loan ($5 par due 4/2019),0,6/30/2016,5.0,5
473,"Liquid Robotics, Inc.","Ocean data services provider utilizing long duration, autonomous surface vehicles","First lien senior secured loan ($5,000 par due 5/2019)",9.00% (Libor + 8.00%/M),10/29/2015,4885.0,5000
474,"Liquid Robotics, Inc.","Ocean data services provider utilizing long duration, autonomous surface vehicles","Warrant to purchase up to 30,172 shares of Series E preferred stock (expires 6/2026)",0,6/30/2016,42.0,60
475,"Liquid Robotics, Inc.","Ocean data services provider utilizing long duration, autonomous surface vehicles","Warrant to purchase up to 50,263 shares of Series E preferred stock (expires 10/2025)",0,10/29/2015,76.0,100
476,"Batanga, Inc.",Independent digital media company,"First lien senior secured loan ($9,915 par due 12/2016)",12.00% (Libor + 11.00%/M),10/31/2012,9915.0,10065
477,"Earthcolor Group, LLC",Printing management services,Limited liability company interests (9.30%),0,5/18/2012,0.0,0
478,"The Teaching Company, LLC and The Teaching Company Holdings, Inc.",Education publications provider,"Preferred stock (10,663 shares)",0,9/29/2006,1066.0,3734
479,"The Teaching Company, LLC and The Teaching Company Holdings, Inc.",Education publications provider,"Common stock (15,393 shares)",0,9/29/2006,3.0,10
