,Company(1),Business Description,Investment,Interest  (5)(11),Acquisition  Date,Amortized  Cost,Fair Value
0,"CIC Flex, LP (9)",Investment partnership,Limited partnership units (0.94 units),0,9/7/2007,0.0,186
1,"Covestia Capital Partners, LP (9)",Investment partnership,Limited partnership interest (47.00% interest),0,6/17/2008,487.0,1962
2,"HCI Equity, LLC (7)(8)(9)",Investment company,Member interest (100.00% interest),0,4/1/2010,0.0,399
3,"Imperial Capital Private Opportunities, LP (9)",Investment partnership,Limited partnership interest (80.00% interest),0,5/10/2007,5134.0,18868
4,"Partnership Capital Growth Fund I, L.P. (9)",Investment partnership,Limited partnership interest (25.00% interest),0,6/16/2006,0.0,1361
5,"Partnership Capital Growth Investors III, L.P. (9)",Investment partnership,Limited partnership interest (2.50% interest),0,10/5/2011,2260.0,2332
6,"PCG-Ares Sidecar Investment, L.P. (9)",Investment partnership,Limited partnership interest (100.00% interest),0,5/22/2014,2042.0,2151
7,"Piper Jaffray Merchant Banking Fund I, L.P. (9)",Investment partnership,Limited partnership interest (2.00% interest),0,8/16/2012,1034.0,931
8,Senior Secured Loan Fund LLC (7)(10),Co-investment vehicle,"Subordinated certificates ($1,954,145 par due 12/2024)",8.23% (Libor + 8.00%/M)(27),10/30/2009,1954145.0,1983457
9,Senior Secured Loan Fund LLC (7)(10),Co-investment vehicle,Membership interest (87.50% interest),0,10/30/2009,0.0,0
10,VSC Investors LLC (9),Investment company,Membership interest (1.95% interest),0,1/24/2008,877.0,1505
11,Alegeus Technologies Holdings Corp.,Benefits administration and transaction processing provider,"Preferred stock (2,997 shares)",0,12/13/2013,3087.0,2542
12,Alegeus Technologies Holdings Corp.,Benefits administration and transaction processing provider,Common stock (3 shares),0,12/13/2013,3.0,0
13,AwarePoint Corporation,Healthcare technology platform developer,"First lien senior secured loan ($10,000 par due 6/2018)",9.50%,9/5/2014,9900.0,10000
14,AwarePoint Corporation,Healthcare technology platform developer,"Warrant to purchase up to 547,046 shares of Series F preferred stock",0,9/5/2014,0.0,2
15,"AxelaCare Holdings, Inc. and AxelaCare Investment Holdings, L.P.",Provider of home infusion services,"Preferred units (8,218,160 units)",0,4/12/2013,822.0,681
16,"AxelaCare Holdings, Inc. and AxelaCare Investment Holdings, L.P.",Provider of home infusion services,"Common units (83,010 units)",0,4/12/2013,8.0,6
17,"California Forensic Medical Group, Incorporated",Correctional facility healthcare operator,"First lien senior secured loan ($48,766 par due 11/2018)",9.25% (Libor + 8.00%/Q),11/16/2012,48766.0,48766
18,"CCS Intermediate Holdings, LLC and CCS Group Holdings, LLC",Correctional facility healthcare operator,First lien senior secured revolving loan ($750 par due 7/2019),6.25% (Base Rate + 3.00%/Q),7/23/2014,750.0,750
19,"CCS Intermediate Holdings, LLC and CCS Group Holdings, LLC",Correctional facility healthcare operator,"First lien senior secured loan ($15,000 par due 7/2021)",5.00% (Libor + 4.00%/Q),7/23/2014,14927.0,15000
20,"CCS Intermediate Holdings, LLC and CCS Group Holdings, LLC",Correctional facility healthcare operator,"Second lien senior secured loan ($135,000 par due 7/2022)",9.38% (Libor + 8.38%/Q),7/23/2014,133678.0,135000
21,"CCS Intermediate Holdings, LLC and CCS Group Holdings, LLC",Correctional facility healthcare operator,"Class A units (601,937 units)",0,8/19/2010,0.0,2553
22,"CT Technologies Intermediate Holdings, Inc. and CT Technologies Holdings LLC (6)",Healthcare analysis services provider,"Class A common stock (9,679 shares)",0,6/15/2007,2543.0,2820
23,"CT Technologies Intermediate Holdings, Inc. and CT Technologies Holdings LLC (6)",Healthcare analysis services provider,"Class C common stock (1,546 shares)",0,6/15/2007,0.0,450
24,"DNAnexus, Inc.",Bioinformatics company,"First lien senior secured loan ($5,000 par due 10/2017)",9.25%,3/21/2014,4784.0,5000
25,"DNAnexus, Inc.",Bioinformatics company,"First lien senior secured loan ($5,000 par due 2/2018)",9.25%,3/21/2014,4769.0,5000
26,"DNAnexus, Inc.",Bioinformatics company,"Warrants to purchase up to 909,092 units of Series C preferred stock",0,3/21/2014,0.0,0
27,"Genocea Biosciences, Inc.",Vaccine discovery technology company,"First lien senior secured loan ($9,788 par due 4/2017)",8.00%,9/30/2013,9637.0,9788
28,"Genocea Biosciences, Inc.",Vaccine discovery technology company,"Common stock (31,500 shares)",0,2/10/2014,0.0,285
29,"GI Advo Opco, LLC",Behavioral treatment services provider,"First lien senior secured loan ($14,170 par due 6/2017)",6.00% (Libor + 4.75%/Q),12/13/2013,14498.0,14170
30,"Global Healthcare Exchange, LLC and GHX Ultimate Parent Corp.",On-demand supply chain automation solutions provider,"First lien senior secured loan ($125,000 par due 3/2020)",10.00% (Libor + 9.00%/Q),3/11/2014,123921.0,125000
31,"Global Healthcare Exchange, LLC and GHX Ultimate Parent Corp.",On-demand supply chain automation solutions provider,"Class A common stock (2,475 shares)",0,3/11/2014,2475.0,2475
32,"Global Healthcare Exchange, LLC and GHX Ultimate Parent Corp.",On-demand supply chain automation solutions provider,Class B common stock (938 shares),0,3/11/2014,25.0,335
33,"INC Research, Inc.",Pharmaceutical and biotechnology consulting services,"Common stock (1,410,000 shares)",0,9/27/2010,1512.0,2700
34,Intermedix Corporation,Revenue cycle management provider to the emergency healthcare industry,"Second lien senior secured loan ($112,000 par due 6/2020)",9.25% (Libor + 8.25%/Q),12/27/2012,112000.0,112000
35,"LM Acquisition Holdings, LLC (8)",Developer and manufacturer of medical equipment,Class A units (426 units),0,9/27/2013,1000.0,1638
36,"MC Acquisition Holdings I, LLC",Healthcare professional provider,"Class A units (1,338,314 shares)",0,1/17/2014,1338.0,1541
37,"Monte Nido Holdings, LLC",Outpatient eating disorder treatment provider,"First lien senior secured loan ($44,750 par due 12/2019)",7.75% (Libor + 6.75%/Q),12/20/2013,44750.0,43855
38,MW Dental Holding Corp.,Dental services provider,"First lien senior secured loan ($37,818 par due 4/2017)",8.50% (Libor + 7.00%/M),4/12/2011,37818.0,37818
39,MW Dental Holding Corp.,Dental services provider,"First lien senior secured loan ($48,362 par due 4/2017)",8.50% (Libor + 7.00%/M),4/12/2011,48362.0,48362
40,MW Dental Holding Corp.,Dental services provider,"First lien senior secured loan ($9,721 par due 4/2017)",8.50% (Libor + 7.00%/M),4/12/2011,9721.0,9721
41,"My Health Direct, Inc.",Healthcare scheduling exchange software solution provider,"First lien senior secured loan ($3,000 par due 1/2018)",10.75%,9/18/2014,2901.0,2970
42,"My Health Direct, Inc.",Healthcare scheduling exchange software solution provider,"Warrant to purchase up to 4,548 shares of Series D preferred stock",0,9/18/2014,39.0,39
43,Napa Management Services Corporation,Anesthesia management services provider,"First lien senior secured loan ($9,543 par due 2/2019)",7.25% (Base Rate + 4.00%/Q),4/15/2011,9543.0,9543
44,Napa Management Services Corporation,Anesthesia management services provider,"First lien senior secured loan ($70,691 par due 2/2019)",6.00% (Libor + 5.00%/Q),4/15/2011,70691.0,70691
45,Napa Management Services Corporation,Anesthesia management services provider,"First lien senior secured loan ($3,957 par due 2/2019)",7.25% (Base Rate + 4.00%/Q),4/15/2011,3950.0,3957
46,Napa Management Services Corporation,Anesthesia management services provider,"First lien senior secured loan ($29,309 par due 2/2019)",6.00% (Libor + 5.00%/Q),4/15/2011,29261.0,29309
47,Napa Management Services Corporation,Anesthesia management services provider,"Common units (5,345 units)",0,4/15/2011,5764.0,9973
48,"Netsmart Technologies, Inc. and NS Holdings, Inc.",Healthcare technology provider,"First lien senior secured loan ($2,778 par due 12/2017)",8.75% (Libor + 7.50%/Q),12/18/2012,2778.0,2778
49,"Netsmart Technologies, Inc. and NS Holdings, Inc.",Healthcare technology provider,"First lien senior secured loan ($35,144 par due 12/2017)",8.75% (Libor + 7.50%/Q),12/18/2012,35144.0,35144
50,"Netsmart Technologies, Inc. and NS Holdings, Inc.",Healthcare technology provider,"Common stock (2,500,000 shares)",0,6/21/2010,2500.0,4780
51,"New Trident Holdcorp, Inc.",Outsourced mobile diagnostic healthcare service provider,"Second lien senior secured loan ($80,000 par due 7/2020)",10.25% (Libor + 9.00%/Q),8/6/2013,78607.0,78400
52,"Nodality, Inc.",Biotechnology company,"First lien senior secured loan ($8,000 par due 2/2018)",8.90%,4/25/2014,7750.0,8000
53,"Nodality, Inc.",Biotechnology company,"First lien senior secured loan ($3,000 par due 8/2018)",8.90%,4/25/2014,2895.0,3000
54,"Nodality, Inc.",Biotechnology company,"Warrant to purchase up to 164,179 shares of Series B preferred stock",0,4/25/2014,0.0,41
55,"OmniSYS Acquisition Corporation, OmniSYS, LLC, and OSYS Holdings, LLC",Provider of technology-enabled solutions to pharmacies,"First lien senior secured loan ($20,606 par due 11/2018)",8.50% (Libor + 7.50%/Q),11/21/2013,20606.0,20606
56,"OmniSYS Acquisition Corporation, OmniSYS, LLC, and OSYS Holdings, LLC",Provider of technology-enabled solutions to pharmacies,Limited liability company membership interest (1.57%),0,11/21/2013,1000.0,1112
57,"PerfectServe, Inc.",Communications software platform provider for hospitals and physician practices,"First lien senior secured loan ($2,500 par due 10/2017)",10.00%,12/26/2013,2477.0,2500
58,"PerfectServe, Inc.",Communications software platform provider for hospitals and physician practices,"First lien senior secured loan ($3,500 par due 4/2017)",10.00%,12/26/2013,3472.0,3500
59,"PerfectServe, Inc.",Communications software platform provider for hospitals and physician practices,"Warrants to purchase up to 34,113 units of Series C Preferred Stock",0,12/26/2013,0.0,75
60,"PGA Holdings, Inc.","Provider of patient surveys, management reports and national databases for the integrated healthcare delivery system",Preferred stock (333 shares),0,3/12/2008,125.0,18
61,"PGA Holdings, Inc.","Provider of patient surveys, management reports and national databases for the integrated healthcare delivery system","Common stock (16,667 shares)",0,3/12/2008,167.0,922
62,"Physiotherapy Associates Holdings, Inc.",Physical therapy provider,"Class A common stock (100,000 shares)",0,12/13/2013,3090.0,2240
63,"POS I Corp. (fka Vantage Oncology, Inc.)",Radiation oncology care provider,"Common stock (62,157 shares)",0,2/3/2011,4670.0,548
64,"Reed Group Holdings, LLC",Medical disability management services provider,Equity interests,0,4/1/2010,0.0,0
65,"Respicardia, Inc.",Developer of implantable therapies to improve cardiovascular health,"First lien senior secured loan ($2,000 par due 7/2015)",11.00%,6/28/2012,1997.0,2000
66,"Respicardia, Inc.",Developer of implantable therapies to improve cardiovascular health,"Warrants to purchase up to 99,094 shares of Series C preferred stock",0,6/28/2012,38.0,29
67,"Sage Products Holdings III, LLC",Patient infection control and preventive care solutions provider,"Second lien senior secured loan ($75,000 par due 6/2020)",9.25% (Libor + 8.00%/Q),12/13/2012,75000.0,75000
68,"Sarnova HC, LLC, Tri-Anim Health Services, Inc., and BEMS Holdings, LLC",Distributor of emergency medical service and respiratory products,"Second lien senior secured loan ($60,000 par due 9/2018)",8.75% (Libor + 8.00%/M),6/30/2014,60000.0,60000
69,"SurgiQuest, Inc.",Medical device company,"Warrants to purchase up to 54,672 shares of Series D-4 convertible preferred stock",0,9/28/2012,0.0,0
70,"U.S. Anesthesia Partners, Inc.",Anesthesiology service provider,"First lien senior secured loan ($49,850 par due 12/2019)",6.00% (Libor + 5.00%/Q),6/26/2014,49850.0,49850
71,"U.S. Anesthesia Partners, Inc.",Anesthesiology service provider,"Second lien senior secured loan ($50,000 par due 9/2020)",9.00% (Libor + 8.00%/Q),9/24/2014,50000.0,50000
72,"Wrigley Purchaser, LLC and Wrigley Management, LLC",Provider of outpatient rehabilitation services,"First lien senior secured loan ($7,100 par due 5/2020)",6.13% (Libor + 5.38%/Q),5/19/2014,7100.0,7100
73,"Young Innovations, Inc.",Dental supplies and equipment manufacturer,"Second lien senior secured loan ($45,000 par due 7/2019)",9.00% (Libor + 8.00%/Q),5/30/2014,45000.0,45000
74,American Residential Services L.L.C.,"Heating, ventilation and air conditioning services provider","First lien senior secured loan ($17,456 par due 6/2021)",5.50% (Libor + 4.50%/Q),6/30/2014,17372.0,17456
75,American Residential Services L.L.C.,"Heating, ventilation and air conditioning services provider","Second lien senior secured loan ($50,000 par due 12/2021)",9.00% (Libor + 8.00%/Q),6/30/2014,49517.0,50000
76,Capital Investments and Ventures Corp.,SCUBA diver training and certification provider,"First lien senior secured loan ($66,035 par due 8/2020)",6.75% (Libor + 5.75%/Q),8/9/2012,65686.0,66035
77,Capital Investments and Ventures Corp.,SCUBA diver training and certification provider,"First lien senior secured loan ($23,060 par due 8/2020)",6.75% (Libor + 5.75%/Q),8/9/2012,23060.0,23060
78,Capital Investments and Ventures Corp.,SCUBA diver training and certification provider,"First lien senior secured loan ($8,203 par due 8/2020)",6.75% (Libor + 5.75%/Q),8/9/2012,8203.0,8203
79,"Community Education Centers, Inc.",Offender re-entry and in-prison treatment services provider,First lien senior secured loan ($714 par due 12/2014),7.50% (Base Rate + 4.25%/M),12/10/2010,714.0,714
80,"Community Education Centers, Inc.",Offender re-entry and in-prison treatment services provider,"First lien senior secured loan ($13,571 par due 12/2014)",6.25% (Libor + 5.25%/Q),12/10/2010,13571.0,13571
81,"Community Education Centers, Inc.",Offender re-entry and in-prison treatment services provider,"Second lien senior secured loan ($47,767 par due 12/2015)",0,12/10/2010,47169.0,42233
82,"Community Education Centers, Inc.",Offender re-entry and in-prison treatment services provider,"Warrants to purchase up to 654,618 shares",0,12/10/2010,0.0,0
83,"Competitor Group, Inc. and Calera XVI, LLC",Endurance sports media and event operator,"First lien senior secured revolving loan ($2,850 par due 11/2018)",10.00% (Base Rate + 6.75%/Q),11/30/2012,2850.0,2565
84,"Competitor Group, Inc. and Calera XVI, LLC",Endurance sports media and event operator,First lien senior secured revolving loan ($900 par due 11/2018),9.00% (Libor + 7.75%/Q),11/30/2012,900.0,810
85,"Competitor Group, Inc. and Calera XVI, LLC",Endurance sports media and event operator,"First lien senior secured loan ($24,380 par due 11/2018)","10.00% (Libor + 7.75% Cash, 1.00% PIK /Q)",11/30/2012,24380.0,21942
86,"Competitor Group, Inc. and Calera XVI, LLC",Endurance sports media and event operator,"First lien senior secured loan ($29,853 par due 11/2018)","10.00% (Libor + 7.75% Cash, 1.00% PIK /Q)",11/30/2012,29853.0,26868
87,"Competitor Group, Inc. and Calera XVI, LLC",Endurance sports media and event operator,"Membership units (2,500,000 units)",0,11/30/2012,2516.0,338
88,"Crown Health Care Laundry Services, Inc. and Crown Laundry Holdings, LLC (6)",Provider of outsourced linen management solutions to the healthcare industry,"First lien senior secured revolving loan ($1,300 par due 3/2019)",8.25% (Libor + 7.00%/Q),3/13/2014,1300.0,1300
89,"Crown Health Care Laundry Services, Inc. and Crown Laundry Holdings, LLC (6)",Provider of outsourced linen management solutions to the healthcare industry,"First lien senior secured loan ($24,377 par due 3/2019)",8.25% (Libor + 7.00%/Q),3/13/2014,24377.0,24377
90,"Crown Health Care Laundry Services, Inc. and Crown Laundry Holdings, LLC (6)",Provider of outsourced linen management solutions to the healthcare industry,"Class A preferred units (2,475,000 units)",0,3/13/2014,2475.0,2317
91,"Crown Health Care Laundry Services, Inc. and Crown Laundry Holdings, LLC (6)",Provider of outsourced linen management solutions to the healthcare industry,"Class B common units (275,000 units)",0,3/13/2014,275.0,257
92,"Dwyer Acquisition Parent, Inc. and TDG Group Holding Company",Operator of multiple franchise concepts primarily related to home maintenance or repairs,"Senior subordinated loan ($52,670 par due 2/2020)",11.00%,8/15/2014,52670.0,52670
93,"Dwyer Acquisition Parent, Inc. and TDG Group Holding Company",Operator of multiple franchise concepts primarily related to home maintenance or repairs,"Common stock (30,000 shares)",0,8/15/2014,3000.0,3000
94,"Fox Hill Holdings, Inc.",Third party claims administrator on behalf of insurance carriers,"First lien senior secured loan ($20,622 par due 6/2018)",8.00% (Base Rate + 4.75%/Q),10/31/2013,20622.0,20622
95,"Fox Hill Holdings, Inc.",Third party claims administrator on behalf of insurance carriers,"First lien senior secured loan ($64,719 par due 6/2018)",6.75% (Libor + 5.75%/Q),10/31/2013,64719.0,64719
96,"ISS #2, LLC","Provider of repairs, refurbishments and services to the broader industrial end user markets","First lien senior secured loan ($19,900 par due 6/2018)",7.75% (Base Rate + 4.50%/M),6/5/2013,19900.0,19900
97,"ISS #2, LLC","Provider of repairs, refurbishments and services to the broader industrial end user markets","First lien senior secured loan ($33,200 par due 6/2018)",6.50% (Libor + 5.50%/Q),6/5/2013,33200.0,33200
98,"ISS #2, LLC","Provider of repairs, refurbishments and services to the broader industrial end user markets","First lien senior secured loan ($4,913 par due 6/2018)",6.50% (Libor + 5.50%/Q),6/5/2013,4913.0,4913
99,"ISS #2, LLC","Provider of repairs, refurbishments and services to the broader industrial end user markets","First lien senior secured loan ($44,437 par due 6/2018)",6.50% (Libor + 5.50%/Q),6/5/2013,44437.0,44437
100,"Massage Envy, LLC",Franchisor in the massage industry,"First lien senior secured loan ($28,245 par due 9/2018)",8.50% (Libor + 7.25%/Q),9/27/2012,28245.0,28245
101,"Massage Envy, LLC",Franchisor in the massage industry,"First lien senior secured loan ($47,716 par due 9/2018)",8.50% (Libor + 7.25%/Q),9/27/2012,47716.0,47716
102,"Massage Envy, LLC",Franchisor in the massage industry,"Common stock (3,000,000 shares)",0,9/27/2012,3000.0,3944
103,"McKenzie Sports Products, LLC","Designer, manufacturer and distributor of hunting-related supplies","First lien senior secured loan ($7,500 par due 9/2020)",4.75% (Libor + 3.75%/Q),9/18/2014,7500.0,7500
104,"McKenzie Sports Products, LLC","Designer, manufacturer and distributor of hunting-related supplies","First lien senior secured loan ($88,500 par due 9/2020)",6.75% (Libor + 5.75%/Q),9/18/2014,88500.0,88500
105,Spin HoldCo Inc.,Laundry service and equipment provider,"Second lien senior secured loan ($140,000 par due 5/2020)",8.00% (Libor + 7.00%/M),5/14/2013,140000.0,140000
106,"Wash Multifamily Laundry Systems, LLC",Laundry service and equipment provider,"Second lien senior secured loan ($78,000 par due 2/2020)",7.75% (Libor + 6.75%/Q),6/26/2012,78000.0,78000
107,"Alphabet Energy, Inc.",Technology developer to convert waste-heat into electricity,"First lien senior secured loan ($2,000 par due 7/2017)",9.50%,2/26/2014,1926.0,2000
108,"Alphabet Energy, Inc.",Technology developer to convert waste-heat into electricity,"First lien senior secured loan ($3,000 par due 7/2017)",9.62%,12/26/2013,2774.0,3000
109,"Alphabet Energy, Inc.",Technology developer to convert waste-heat into electricity,"Series B preferred stock (74,449 shares)",0,2/26/2014,250.0,250
110,"Alphabet Energy, Inc.",Technology developer to convert waste-heat into electricity,"Warrant to purchase up to 59,524 units of Series B preferred stock",0,12/16/2013,146.0,126
111,Bicent (California) Holdings LLC,Gas turbine power generation facilities operator,"Senior subordinated loan ($49,812 par due 2/2021)",8.25% (Libor + 7.25%/Q),2/6/2014,49812.0,49812
112,"Brush Power, LLC",Gas turbine power generation facilities operator,"First lien senior secured loan ($1,030 par due 8/2020)",7.50% (Base Rate + 4.25%/Q),8/1/2013,1030.0,1030
113,"Brush Power, LLC",Gas turbine power generation facilities operator,"First lien senior secured loan ($87,084 par due 8/2020)",6.25% (Libor + 5.25%/Q),8/1/2013,87084.0,87084
114,"Centinela Funding, LLC",Solar power generation facility developer and operator,"Senior subordinated loan ($55,542 par due 11/2020)",10.00% (Libor + 8.75%/Q),11/14/2012,55542.0,55542
115,"CPV Maryland Holding Company II, LLC",Gas turbine power generation facilities operator,"Senior subordinated loan ($42,305 par due 12/2020)",10.00%,8/8/2014,42305.0,42102
116,"CPV Maryland Holding Company II, LLC",Gas turbine power generation facilities operator,Warrant to purchase up to 4 units of common stock,0,8/8/2014,0.0,200
117,"DESRI Wind Development Acquisition Holdings, L.L.C (6)",Wind and solar power generation facility operator,"Senior subordinated loan ($14,750 par due 8/2021)",9.25%,8/26/2014,14750.0,14750
118,"DESRI Wind Development Acquisition Holdings, L.L.C (6)",Wind and solar power generation facility operator,Membership interest (7.50% interest),0,8/26/2014,806.0,806
119,"Freeport LNG Expansion, L.P.",Liquefied natural gas producer,"First lien senior secured loan ($19,468 par due 11/2014)",8.65% (Libor + 8.50%/Q),6/27/2014,19199.0,19468
120,"Joule Unlimited Technologies, Inc. and Stichting Joule Global Foundation",Renewable fuel and chemical production developer,"First lien senior secured loan ($6,591 par due 2/2017)",10.00%,7/25/2013,6546.0,6591
121,"Joule Unlimited Technologies, Inc. and Stichting Joule Global Foundation",Renewable fuel and chemical production developer,"Warrant to purchase up to 32,051 shares of Series C-2 preferred stock",0,7/25/2013,0.0,39
122,"La Paloma Generating Company, LLC","Natural gas fired, combined cycle plant operator","Second lien senior secured loan ($10,000 par due 2/2020)",9.25% (Libor + 8.25%/Q),2/20/2014,9635.0,9750
123,Moxie Liberty LLC,Gas turbine power generation facilities operator,"First lien senior secured loan ($100,000 par due 8/2020)",7.50% (Libor + 6.50%/Q),8/21/2013,98890.0,100000
124,"Panda Sherman Power, LLC",Gas turbine power generation facilities operator,"First lien senior secured loan ($32,429 par due 9/2018)",9.00% (Libor + 7.50%/Q),9/14/2012,32429.0,32429
125,"Panda Temple Power II, LLC",Gas turbine power generation facilities operator,"First lien senior secured loan ($20,000 par due 4/2019)",7.25% (Libor + 6.00%/Q),4/3/2013,19843.0,20000
126,"Panda Temple Power, LLC",Gas turbine power generation facilities operator,"First lien senior secured loan ($60,000 par due 7/2018)",11.50% (Libor + 10.00%/Q),7/17/2012,58628.0,60000
127,Petroflow Energy Corporation,Oil and gas exploration and production company,"First lien senior secured loan ($50,757 par due 7/2020)","12.00% (Libor + 8.00% Cash, 3.00% PIK /Q)",7/31/2014,49775.0,50757
128,"Sunrun Solar Owner Holdco X, LLC",Residential solar energy provider,"First lien senior secured loan ($58,966 par due 6/2019)",9.50% (Libor + 8.25%/Q),6/7/2013,58966.0,58966
129,"Sunrun Solar Owner Holdco XIII, LLC",Residential solar energy provider,"First lien senior secured loan ($32,846 par due 12/2019)",9.50% (Libor + 8.25%/Q),11/27/2013,32648.0,32846
130,2329497 Ontario Inc. (8),Outsourced data center infrastructure and related services provider,"Second lien senior secured loan ($45,000 par due 6/2019)",10.50% (Libor + 9.25%/M),12/13/2013,43380.0,40562
131,"Access CIG, LLC",Records and information management services provider,First lien senior secured loan ($985 par due 10/2017),8.00% (Base Rate + 4.75%/M),10/5/2012,985.0,985
132,"BlackArrow, Inc.",Advertising and data solutions software platform provider,"First lien senior secured loan ($8,000 par due 9/2017)",9.25%,3/13/2014,7761.0,8000
133,"BlackArrow, Inc.",Advertising and data solutions software platform provider,"Warrant to purchase up to 517,386 units of Series C preferred stock",0,3/13/2014,0.0,76
134,"CallMiner, Inc.",Provider of cloud-based conversational analytics solutions,"First lien senior secured loan ($4,000 par due 5/2018)",10.00%,7/23/2014,3971.0,4000
135,"CallMiner, Inc.",Provider of cloud-based conversational analytics solutions,"Warrant to purchase up to 2,350,636 shares of Series 1 preferred stock",0,7/23/2014,0.0,0
136,"Cast & Crew Payroll, LLC and Centerstage Co-Investors, L.L.C. (6)",Payroll and accounting services provider to the entertainment industry,"First lien senior secured loan ($12,107 par due 12/2017)",5.75% (Libor + 4.75%/M),12/24/2012,12107.0,12107
137,"Cast & Crew Payroll, LLC and Centerstage Co-Investors, L.L.C. (6)",Payroll and accounting services provider to the entertainment industry,"First lien senior secured loan ($41,813 par due 12/2017)",5.75% (Libor + 4.75%/M),12/24/2012,41813.0,41813
138,"Cast & Crew Payroll, LLC and Centerstage Co-Investors, L.L.C. (6)",Payroll and accounting services provider to the entertainment industry,"Class A membership units (2,500,000 units)",0,12/24/2012,2500.0,5743
139,"Cast & Crew Payroll, LLC and Centerstage Co-Investors, L.L.C. (6)",Payroll and accounting services provider to the entertainment industry,"Class B membership units (2,500,000 units)",0,12/24/2012,2500.0,5743
140,"CIBT Investment Holdings, LLC",Expedited travel document processing services,"Class A shares (2,500 shares)",0,12/15/2011,2500.0,3893
141,"Command Alkon, Incorporated and CA Note Issuer, LLC",Software solutions provider to the ready-mix concrete industry,"Second lien senior secured loan ($48,000 par due 8/2020)",9.25% (Libor + 8.25%/Q),9/28/2012,48000.0,48000
142,"Command Alkon, Incorporated and CA Note Issuer, LLC",Software solutions provider to the ready-mix concrete industry,"Senior subordinated loan ($17,000 par due 8/2021)",14.00% PIK,8/8/2014,17000.0,17000
143,"Coverall North America, Inc.",Commercial janitorial services provider,Letter of credit facility,0,1/17/2013,0.0,0
144,"DTI Holdco, Inc. and OPE DTI Holdings, Inc.",Provider of legal process outsourcing and managed services,"First lien senior secured loan ($1,000 par due 8/2020)",5.75% (Libor + 4.75%/Q),8/19/2014,1000.0,1000
145,"DTI Holdco, Inc. and OPE DTI Holdings, Inc.",Provider of legal process outsourcing and managed services,"Class A common stock (7,500 shares)",0,8/19/2014,7500.0,7500
146,"DTI Holdco, Inc. and OPE DTI Holdings, Inc.",Provider of legal process outsourcing and managed services,"Class B common stock (7,500 shares)",0,8/19/2014,0.0,0
147,"First Insight, Inc.",SaaS company providing merchandising and pricing solutions to companies worldwide,"First lien senior secured loan ($3,500 par due 4/2017)",9.50%,3/20/2014,3412.0,3500
148,"First Insight, Inc.",SaaS company providing merchandising and pricing solutions to companies worldwide,"Warrants to purchase up to 122,827 units of Series C preferred stock",0,3/20/2014,0.0,6
149,"GHS Interactive Security, LLC and LG Security Holdings, LLC",Originates residential security alarm contracts,"First lien senior secured loan ($7,058 par due 5/2018)",7.50% (Libor + 6.00%/S),12/13/2013,7109.0,7058
150,"GHS Interactive Security, LLC and LG Security Holdings, LLC",Originates residential security alarm contracts,"Class A membership units (1,560,000 units)",0,12/13/2013,1607.0,1404
151,"HCPro, Inc. and HCP Acquisition Holdings, LLC (7)",Healthcare compliance advisory services,"Senior subordinated loan ($9,297 par due 5/2015)",0,3/5/2013,2691.0,0
152,"HCPro, Inc. and HCP Acquisition Holdings, LLC (7)",Healthcare compliance advisory services,"Class A units (14,293,110 units)",0,6/26/2008,12793.0,0
153,IfByPhone Inc.,Voice-based marketing automation software provider,"Warrant to purchase up to 124,300 shares of Series C preferred stock",0,10/15/2012,88.0,82
154,"Investor Group Services, LLC (6)",Business consulting for private equity and corporate clients,Limited liability company membership interest (8.50% interest),0,6/22/2006,0.0,601
155,"IronPlanet, Inc.",Online auction platform provider for used heavy equipment,"First lien senior secured revolving loan ($5,000 par due 9/2015)",8.00%,9/24/2013,5000.0,5000
156,"IronPlanet, Inc.",Online auction platform provider for used heavy equipment,"First lien senior secured loan ($7,153 par due 7/2017)",9.25%,9/24/2013,6886.0,7153
157,"IronPlanet, Inc.",Online auction platform provider for used heavy equipment,"Warrant to purchase to up to 133,333 shares of Series C preferred stock",0,9/24/2013,214.0,249
158,"Itel Laboratories, Inc.",Data services provider for building materials to the property insurance industry,"Preferred units (1,798,391 units)",0,6/29/2012,1000.0,1293
159,"Keynote Systems, Inc. and Hawaii Ultimate Parent Corp., Inc.",Web and mobile cloud performance testing and monitoring services provider,"First lien senior secured loan ($182,345 par due 2/2020)",9.50% (Libor + 8.50%/Q),8/22/2013,182345.0,182345
160,"Keynote Systems, Inc. and Hawaii Ultimate Parent Corp., Inc.",Web and mobile cloud performance testing and monitoring services provider,"Class A common stock (2,970 shares)",0,8/22/2013,2970.0,4496
161,"Keynote Systems, Inc. and Hawaii Ultimate Parent Corp., Inc.",Web and mobile cloud performance testing and monitoring services provider,"Class B common stock (1,956,522 shares)",0,8/22/2013,30.0,45
162,"Market Track Holdings, LLC",Business media consulting services company,"Preferred stock (1,500 shares)",0,12/13/2013,1982.0,2191
163,"Market Track Holdings, LLC",Business media consulting services company,"Common stock (15,000 shares)",0,12/13/2013,1982.0,2191
164,"Maximus Holdings, LLC",Provider of software simulation tools and related services,"Warrants to purchase up to 1,050,013 shares of common stock",0,12/13/2013,0.0,643
165,"Multi-Ad Services, Inc. (6)",Marketing services and software provider,"Preferred units (1,725,280 units)",0,4/1/2010,788.0,2185
166,"Multi-Ad Services, Inc. (6)",Marketing services and software provider,"Common units (1,725,280 units)",0,4/1/2010,0.0,0
167,"MVL Group, Inc. (7)",Marketing research provider,Senior subordinated loan ($226 par due 7/2012),0,4/1/2010,226.0,226
168,"MVL Group, Inc. (7)",Marketing research provider,"Common stock (560,716 shares)",0,4/1/2010,0.0,0
169,"NComputing, Inc.",Desktop virtualization hardware and software technology service provider,"Warrant to purchase up to 462,726 shares of Series C preferred stock",0,3/20/2013,0.0,23
170,"OpenSky Project, Inc.",Social commerce platform operator,"First lien senior secured loan ($3,000 par due 9/2017)",10.00%,6/4/2014,2957.0,3000
171,"OpenSky Project, Inc.",Social commerce platform operator,"Warrant to purchase up to 46,996 shares of Series D preferred stock",0,6/4/2014,48.0,48
172,"PHL Investors, Inc., and PHL Holding Co. (7)",Mortgage services,Class A common stock (576 shares),0,7/31/2012,3768.0,0
173,"Powersport Auctioneer Holdings, LLC",Powersport vehicle auction operator,"Common units (1,972 units)",0,3/2/2012,1000.0,1102
174,"PSSI Holdings, LLC",Provider of mission-critical outsourced cleaning and sanitation services to the food processing industry,First lien senior secured loan ($946 par due 6/2018),6.00% (Libor + 5.00%/S),8/7/2013,946.0,946
175,R2 Acquisition Corp.,Marketing services,"Common stock (250,000 shares)",0,5/29/2007,250.0,179
176,"Rainstor, Inc.",Database solution provider designed to manage Big Data for large enterprises,"First lien senior secured loan ($1,900 par due 4/2016)",11.25%,3/28/2013,1869.0,1662
177,"Rainstor, Inc.",Database solution provider designed to manage Big Data for large enterprises,"Warrant to purchase up to 142,210 shares of Series C preferred stock",0,3/28/2013,88.0,0
178,Rocket Fuel Inc.,Provider of open and integrated software for digital marketing optimization,"Common stock (79,396 units)",0,9/9/2014,278.0,1165
179,Ship Investor & Cy S.C.A. (8),Payment processing company,"Common stock (936,693 shares)",0,12/13/2013,1729.0,3032
180,Summit Business Media Parent Holding Company LLC,Business media consulting services,Limited liability company membership interest (45.98% interest),0,5/20/2011,0.0,697
181,"Tripwire, Inc.",IT security software provider,"First lien senior secured loan ($84,738 par due 5/2018)",7.00% (Libor + 5.75%/Q),5/23/2011,84738.0,84738
182,"Tripwire, Inc.",IT security software provider,"First lien senior secured loan ($49,750 par due 5/2018)",7.00% (Libor + 5.75%/Q),5/23/2011,49750.0,49750
183,"Tripwire, Inc.",IT security software provider,"First lien senior secured loan ($9,950 par due 5/2018)",7.00% (Libor + 5.75%/Q),5/23/2011,9950.0,9950
184,"Tripwire, Inc.",IT security software provider,"Class A common stock (2,970 shares)",0,5/23/2011,2970.0,9740
185,"Tripwire, Inc.",IT security software provider,"Class B common stock (2,655,638 shares)",0,5/23/2011,30.0,98
186,Velocity Holdings Corp.,Hosted enterprise resource planning application management services provider,"Common units (1,713,546 units)",0,12/13/2013,4503.0,3445
187,"Venturehouse-Cibernet Investors, LLC",Financial settlement services for intercarrier wireless roaming,Equity interest,0,4/1/2010,0.0,0
188,"VSS-Tranzact Holdings, LLC (6)",Management consulting services,Common membership interest (5.98% interest),0,10/26/2007,10204.0,15261
189,"American Academy Holdings, LLC","Provider of education, training, certification, networking, and consulting services to medical coders and other healthcare professionals","First lien senior secured loan ($23,425 par due 6/2019)",7.00% (Libor + 6.00%/Q),6/27/2014,23425.0,23425
190,"American Academy Holdings, LLC","Provider of education, training, certification, networking, and consulting services to medical coders and other healthcare professionals","First lien senior secured loan ($14,615 par due 6/2019)",4.00% (Libor + 3.00%/Q),6/27/2014,14615.0,14615
191,"American Academy Holdings, LLC","Provider of education, training, certification, networking, and consulting services to medical coders and other healthcare professionals","First lien senior secured loan ($52,039 par due 6/2019)",4.00% (Libor + 3.00%/Q),6/27/2014,52039.0,52039
192,"American Academy Holdings, LLC","Provider of education, training, certification, networking, and consulting services to medical coders and other healthcare professionals","First lien senior secured loan ($4,280 par due 6/2019)",7.00% (Libor + 6.00%/Q),6/27/2014,4280.0,4280
193,Campus Management Corp. and Campus Management Acquisition Corp. (6),Education software developer,"Preferred stock (485,159 shares)",0,2/8/2008,10520.0,9290
194,"ELC Acquisition Corp., ELC Holdings Corporation, and Excelligence Learning Corporation (6)","Developer, manufacturer and retailer of educational products","Preferred stock (99,492 shares)",12.00% PIK,8/1/2011,11358.0,11358
195,"ELC Acquisition Corp., ELC Holdings Corporation, and Excelligence Learning Corporation (6)","Developer, manufacturer and retailer of educational products","Common stock (50,800 shares)",0,8/1/2011,0.0,177
196,"Infilaw Holding, LLC",Operator of for-profit law schools,First lien senior secured revolving loan,0,8/25/2011,0.0,0
197,"Infilaw Holding, LLC",Operator of for-profit law schools,"First lien senior secured loan ($14,148 par due 8/2016)",9.50% (Libor + 8.50%/Q),8/25/2011,14148.0,14148
198,"Infilaw Holding, LLC",Operator of for-profit law schools,"Series A preferred units (124,890 units)",9.50% (Libor + 8.50%/Q),8/25/2011,124890.0,124890
199,"Infilaw Holding, LLC",Operator of for-profit law schools,Series B preferred stock (3.91 units),0,10/19/2012,9245.0,12366
200,"Instituto de Banca y Comercio, Inc. & Leeds IV Advisors, Inc.",Private school operator,"First lien senior secured loan ($57,620 par due 12/2016)",0,4/24/2013,53340.0,46144
201,"Instituto de Banca y Comercio, Inc. & Leeds IV Advisors, Inc.",Private school operator,"Series B preferred stock (1,750,000 shares)",0,8/5/2010,5000.0,0
202,"Instituto de Banca y Comercio, Inc. & Leeds IV Advisors, Inc.",Private school operator,"Series C preferred stock (2,512,586 shares)",0,6/7/2010,689.0,0
203,"Instituto de Banca y Comercio, Inc. & Leeds IV Advisors, Inc.",Private school operator,Common stock (20 shares),0,6/7/2010,0.0,0
204,"Lakeland Tours, LLC",Educational travel provider,"First lien senior secured revolving loan ($18,000 par due 1/2017)",5.25% (Libor + 4.25%/Q),10/4/2011,18000.0,18000
205,"Lakeland Tours, LLC",Educational travel provider,"First lien senior secured loan ($1,522 par due 1/2017)",5.25% (Libor + 4.25%/Q),10/4/2011,1521.0,1522
206,"Lakeland Tours, LLC",Educational travel provider,"First lien senior secured loan ($82,989 par due 1/2017)",8.50% (Libor + 7.50%/Q),10/4/2011,82940.0,82989
207,"Lakeland Tours, LLC",Educational travel provider,"First lien senior secured loan ($7,292 par due 1/2017)",5.25% (Libor + 4.25%/Q),10/4/2011,7280.0,7292
208,"Lakeland Tours, LLC",Educational travel provider,"First lien senior secured loan ($40,362 par due 1/2017)",8.50% (Libor + 7.50%/Q),10/4/2011,40297.0,40362
209,"Lakeland Tours, LLC",Educational travel provider,"Common stock (5,000 shares)",0,10/4/2011,5000.0,5341
210,PIH Corporation,Franchisor of education-based early childhood centers,First lien senior secured revolving loan ($621 par due 6/2016),7.25% (Libor + 6.25%/M),12/13/2013,621.0,621
211,PIH Corporation,Franchisor of education-based early childhood centers,"First lien senior secured loan ($36,794 par due 6/2016)",7.25% (Libor + 6.25%/M),12/13/2013,37543.0,36794
212,"R3 Education, Inc. and EIC Acquisitions Corp.",Medical school operator,"Preferred stock (8,800 shares)",0,7/30/2008,2200.0,3000
213,"R3 Education, Inc. and EIC Acquisitions Corp.",Medical school operator,Common membership interest (26.27% interest),0,9/21/2007,15800.0,24277
214,"R3 Education, Inc. and EIC Acquisitions Corp.",Medical school operator,"Warrants to purchase up to 27,890 shares",0,12/8/2009,0.0,0
215,"Regent Education, Inc.",Provider of software solutions designed to optimize the financial aid and enrollment processes,"First lien senior secured loan ($3,000 par due 1/2018)",10.00%,7/1/2014,2929.0,2910
216,"Regent Education, Inc.",Provider of software solutions designed to optimize the financial aid and enrollment processes,"Warrant to purchase up to 987,771 shares of Series CC preferred stock",0,7/1/2014,0.0,79
217,"RuffaloCODY, LLC",Provider of student fundraising and enrollment management services,First lien senior secured revolving loan ($346 par due 5/2019),5.57% (Libor + 4.32%/Q),5/29/2013,346.0,346
218,"RuffaloCODY, LLC",Provider of student fundraising and enrollment management services,"First lien senior secured loan ($2,040 par due 5/2019)",5.57% (Libor + 4.32%/Q),5/29/2013,2040.0,2040
219,"RuffaloCODY, LLC",Provider of student fundraising and enrollment management services,"First lien senior secured loan ($29,550 par due 5/2019)",5.57% (Libor + 4.32%/Q),5/29/2013,29550.0,29550
220,"RuffaloCODY, LLC",Provider of student fundraising and enrollment management services,"First lien senior secured loan ($3,710 par due 5/2019)",5.57% (Libor + 4.32%/Q),5/29/2013,3710.0,3710
221,"RuffaloCODY, LLC",Provider of student fundraising and enrollment management services,"First lien senior secured loan ($8,028 par due 5/2019)",5.57% (Libor + 4.32%/Q),5/29/2013,8028.0,8028
222,"Feradyne Outdoors, LLC and Bowhunter Holdings, LLC",Provider of branded archery and bowhunting accessories,"First lien senior secured loan ($50,100 par due 3/2019)",6.55% (Libor + 5.55%/Q),4/24/2014,50100.0,49660
223,"Feradyne Outdoors, LLC and Bowhunter Holdings, LLC",Provider of branded archery and bowhunting accessories,"First lien senior secured loan ($7,001 par due 3/2019)",4.00% (Libor + 3.00%/Q),4/24/2014,7001.0,6940
224,"Feradyne Outdoors, LLC and Bowhunter Holdings, LLC",Provider of branded archery and bowhunting accessories,Common units (300 units),0,4/24/2014,3000.0,2277
225,"Gilchrist & Soames, Inc.",Personal care manufacturer,"First lien senior secured revolving loan ($8,150 par due 12/2014)",6.25% (Libor + 5.00%/M),4/1/2010,8150.0,8150
226,"Gilchrist & Soames, Inc.",Personal care manufacturer,First lien senior secured revolving loan ($550 par due 12/2014),6.25% (Libor + 5.00%/M),4/1/2010,550.0,550
227,"Gilchrist & Soames, Inc.",Personal care manufacturer,"First lien senior secured loan ($22,851 par due 12/2014)","13.44% Cash, 2.00% PIK",4/1/2010,22851.0,22622
228,"Implus Footcare, LLC",Provider of footwear and other accessories,Preferred stock (455 shares),6.00% PIK,10/31/2011,4669.0,4669
229,"Implus Footcare, LLC",Provider of footwear and other accessories,Common stock (455 shares),0,10/31/2011,0.0,1088
230,Indra Holdings Corp.,"Designer, marketer, and distributor of rain and cold weather products","Second lien senior secured loan ($80,000 par due 11/2021)",8.50% (Libor + 7.50%/Q),5/1/2014,78770.0,80000
231,"Matrixx Initiatives, Inc. and Wonder Holdings Acquisition Corp.",Developer and marketer of OTC healthcare products,"Warrants to purchase up to 1,489 shares of preferred stock",0,7/27/2011,0.0,1214
232,"Matrixx Initiatives, Inc. and Wonder Holdings Acquisition Corp.",Developer and marketer of OTC healthcare products,"Warrants to purchase up to 1,654,678 shares of common stock",0,7/27/2011,0.0,3
233,"Oak Parent, Inc.",Manufacturer of athletic apparel,"First lien senior secured loan ($30,862 par due 4/2018)",7.50% (Libor + 7.00%/Q),4/2/2012,30770.0,30862
234,"Oak Parent, Inc.",Manufacturer of athletic apparel,First lien senior secured loan ($81 par due 4/2018),9.25% (Base Rate + 6.00%/Q),4/2/2012,81.0,81
235,"Oak Parent, Inc.",Manufacturer of athletic apparel,"First lien senior secured loan ($8,722 par due 4/2018)",7.50% (Libor + 7.00%/Q),4/2/2012,8696.0,8722
236,"Oak Parent, Inc.",Manufacturer of athletic apparel,First lien senior secured loan ($23 par due 4/2018),9.25% (Base Rate + 6.00%/Q),4/2/2012,23.0,23
237,"PG-ACP Co-Invest, LLC","Supplier of medical uniforms, specialized medical footwear and accessories","Class A membership units (1,000,0000 units)",0,8/29/2012,1000.0,2059
238,"Shock Doctor, Inc. and BRP Hold 14, LLC","Developer, marketer and distributor of sports protection equipment and accessories",First lien senior secured revolving loan ($315 par due 3/2020),10.00% (Base Rate + 6.75%/Q),3/14/2014,315.0,315
239,"Shock Doctor, Inc. and BRP Hold 14, LLC","Developer, marketer and distributor of sports protection equipment and accessories","First lien senior secured loan ($32,627 par due 3/2020)",8.75% (Libor + 7.75%/Q),3/14/2014,32627.0,32627
240,"Shock Doctor, Inc. and BRP Hold 14, LLC","Developer, marketer and distributor of sports protection equipment and accessories","First lien senior secured loan ($53,865 par due 3/2020)",8.75% (Libor + 7.75%/Q),3/14/2014,53865.0,53865
241,"Shock Doctor, Inc. and BRP Hold 14, LLC","Developer, marketer and distributor of sports protection equipment and accessories","Class A preferred units (50,000 units)",0,3/14/2014,5000.0,5123
242,"The Step2 Company, LLC (7)",Toy manufacturer,"Second lien senior secured loan ($26,896 par due 9/2019)",10.00%,4/1/2010,26706.0,26896
243,"The Step2 Company, LLC (7)",Toy manufacturer,"Second lien senior secured loan ($35,833 par due 9/2019)",0,4/1/2010,30802.0,7665
244,"The Step2 Company, LLC (7)",Toy manufacturer,"Second lien senior secured loan ($4,500 par due 9/2019)",10.00%,3/13/2014,4500.0,4500
245,"The Step2 Company, LLC (7)",Toy manufacturer,"Common units (1,116,879 units)",0,4/1/2010,24.0,0
246,"The Step2 Company, LLC (7)",Toy manufacturer,"Warrants to purchase up to 3,157,895 units",0,4/1/2010,0.0,0
247,"The Thymes, LLC (7)",Cosmetic products manufacturer,"Preferred units (6,283 units)",0,6/21/2007,4014.0,3590
248,"The Thymes, LLC (7)",Cosmetic products manufacturer,"Common units (5,400 units)",0,6/21/2007,0.0,9446
249,Woodstream Corporation,Pet products manufacturer,"First lien senior secured loan ($4,817 par due 8/2016)",6.00% (Libor + 5.00%/Q),4/18/2012,4817.0,4817
250,Woodstream Corporation,Pet products manufacturer,First lien senior secured loan ($12 par due 8/2016),7.00% (Base Rate + 3.75%/Q),4/18/2012,12.0,12
251,Woodstream Corporation,Pet products manufacturer,"Senior subordinated loan ($80,000 par due 2/2017)",11.50% (11.50%/Q),4/18/2012,77964.0,80000
252,Woodstream Corporation,Pet products manufacturer,"Common stock (4,254 shares)",0,1/22/2010,1222.0,2336
253,"AllBridge Financial, LLC (7)",Asset management services,Equity interests,0,4/1/2010,1140.0,5839
254,Callidus Capital Corporation (7),Asset management services,Common stock (100 shares),0,4/1/2010,3000.0,1727
255,Ciena Capital LLC (7),Real estate and small business loan servicer,"First lien senior secured revolving loan ($14,000 par due 12/2014)",6.00%,11/29/2010,14000.0,14000
256,Ciena Capital LLC (7),Real estate and small business loan servicer,"First lien senior secured loan ($22,000 par due 12/2016)",12.00%,11/29/2010,22000.0,22000
257,Ciena Capital LLC (7),Real estate and small business loan servicer,Equity interests,0,11/29/2010,53375.0,20343
258,"Commercial Credit Group, Inc.",Commercial equipment finance and leasing company,"Senior subordinated loan ($28,000 par due 5/2018)",12.75%,5/10/2012,28000.0,28000
259,"Cook Inlet Alternative Risk, LLC",Risk management services,"Senior subordinated loan ($1,000 par due 9/2015)",9.00%,9/30/2011,1000.0,1000
260,Gordian Acquisition Corp.,Financial services firm,Common stock (526 shares),0,11/30/2012,0.0,0
261,Imperial Capital Group LLC,Investment services,"Class A common units (23,130 units)",0,5/10/2007,11248.0,15781
262,Imperial Capital Group LLC,Investment services,"2006 Class B common units (7,578 units)",0,5/10/2007,2.0,4
263,Imperial Capital Group LLC,Investment services,2007 Class B common units (945 units),0,5/10/2007,0.0,0
264,"Ivy Hill Asset Management, L.P. (7)(9)",Asset management services,Member interest (100.00% interest),0,6/15/2009,170961.0,258883
265,"Javlin Three LLC, Javlin Four LLC, and Javlin Five LLC (9)",Asset-backed financial services company,"First lien senior secured revolving loan ($40,800 par due 6/2017)",8.41% (Libor + 8.25%/M),6/24/2014,40800.0,40800
266,Cambrios Technologies Corporation,Nanotechnology-based solutions for electronic devices and computers,"First lien senior secured loan ($1,667 par due 8/2015)",12.00%,8/7/2012,1667.0,1667
267,Cambrios Technologies Corporation,Nanotechnology-based solutions for electronic devices and computers,"Warrants to purchase up to 400,000 shares of Series D-4 convertible preferred stock",0,8/7/2012,0.0,13
268,"Component Hardware Group, Inc.",Commercial equipment,"First lien senior secured loan ($8,164 par due 7/2019)",5.25% (Libor + 4.25%/Q),7/1/2013,8164.0,8164
269,"Harvey Tool Company, LLC and Harvey Tool Holding, LLC",Cutting tool provider to the metalworking industry,"First lien senior secured loan ($24,875 par due 3/2020)",5.75% (Libor + 4.75%/Q),3/28/2014,24875.0,24875
270,"Harvey Tool Company, LLC and Harvey Tool Holding, LLC",Cutting tool provider to the metalworking industry,First lien senior secured loan ($62 par due 3/2020),7.00% (Base Rate + 3.75%/Q),3/28/2014,62.0,62
271,"Harvey Tool Company, LLC and Harvey Tool Holding, LLC",Cutting tool provider to the metalworking industry,Class A membership units (750 units),0,3/28/2014,750.0,905
272,"Ioxus, Inc.",Energy storage devices,"First lien senior secured loan ($10,000 par due 11/2017)",9.00%,4/29/2014,9645.0,10000
273,"Ioxus, Inc.",Energy storage devices,"Warrant to purchase up to 538,314 shares of Series C preferred stock",0,4/29/2014,0.0,0
274,Mac Lean-Fogg Company,Provider of intelligent transportation systems products in the traffic and rail industries,"Senior subordinated loan ($101,380 par due 10/2023)","9.50% Cash, 1.50% PIK",10/31/2013,101380.0,101380
275,"MWI Holdings, Inc.","Engineered springs, fasteners, and other precision components","First lien senior secured loan ($38,274 par due 3/2019)",9.38% (Libor + 8.13%/Q),6/15/2011,38274.0,38274
276,"MWI Holdings, Inc.","Engineered springs, fasteners, and other precision components","First lien senior secured loan ($10,000 par due 3/2019)",9.38% (Libor + 8.13%/Q),6/15/2011,10000.0,10000
277,"NetShape Technologies, Inc.",Metal precision engineered components,First lien senior secured revolving loan ($972 par due 12/2014),7.50% (Libor + 6.50%/Q),4/1/2010,972.0,972
278,Niagara Fiber Intermediate Corp.,Insoluble fiber filler products,First lien senior secured revolving loan ($933 par due 5/2018),7.75% (Base Rate + 4.50%/M),5/8/2014,916.0,933
279,Niagara Fiber Intermediate Corp.,Insoluble fiber filler products,"First lien senior secured loan ($15,541 par due 5/2018)",6.75% (Libor + 5.50%/M),5/8/2014,15400.0,15541
280,"Pelican Products, Inc.",Flashlights,"Second lien senior secured loan ($40,000 par due 4/2021)",9.25% (Libor + 8.25%/Q),4/11/2014,39945.0,40000
281,"Protective Industries, Inc. dba Caplugs",Plastic protection products,First lien senior secured loan ($990 par due 10/2019),6.25% (Libor + 5.25%/M),11/30/2012,990.0,990
282,"Protective Industries, Inc. dba Caplugs",Plastic protection products,"Preferred stock (2,379,361 shares)",0,5/23/2011,1298.0,6469
283,Saw Mill PCG Partners LLC,Metal precision engineered components manufacturer,"Common units (1,000 units)",0,1/30/2007,1000.0,0
284,"SI Holdings, Inc.","Elastomeric parts, mid-sized composite structures, and composite tooling","Common stock (1,500 shares)",0,5/30/2014,1500.0,1726
285,TPTM Merger Corp.,Time temperature indicator products,"First lien senior secured loan ($15,790 par due 9/2018)",6.25% (Libor + 5.25%/Q),9/12/2013,15790.0,15790
286,TPTM Merger Corp.,Time temperature indicator products,"First lien senior secured loan ($9,950 par due 9/2018)",6.25% (Libor + 5.25%/Q),9/12/2013,9950.0,9950
287,"ADF Capital, Inc., ADF Restaurant Group, LLC, and ARG Restaurant Holdings, Inc.",Restaurant owner and operator,"First lien senior secured loan ($28,581 par due 12/2018)",9.25% (Libor + 8.25%/Q),11/27/2006,28581.0,27724
288,"ADF Capital, Inc., ADF Restaurant Group, LLC, and ARG Restaurant Holdings, Inc.",Restaurant owner and operator,"First lien senior secured loan ($10,919 par due 12/2018)",9.25% (Libor + 8.25%/Q),11/27/2006,10922.0,10591
289,"ADF Capital, Inc., ADF Restaurant Group, LLC, and ARG Restaurant Holdings, Inc.",Restaurant owner and operator,"Promissory note ($18,225 par due 12/2018)",0,11/27/2006,13770.0,7462
290,"ADF Capital, Inc., ADF Restaurant Group, LLC, and ARG Restaurant Holdings, Inc.",Restaurant owner and operator,"Warrants to purchase up to 23,750 units of Series D common stock",0,12/18/2013,24.0,0
291,"Benihana, Inc.",Restaurant owner and operator,First lien senior secured loan ($306 par due 1/2019),7.50% (Base Rate + 4.25%/Q),8/21/2012,306.0,306
292,"Benihana, Inc.",Restaurant owner and operator,"First lien senior secured loan ($4,583 par due 1/2019)",6.75% (Libor + 5.50%/Q),8/21/2012,4583.0,4583
293,Garden Fresh Restaurant Corp.,Restaurant owner and operator,First lien senior secured revolving loan,0,10/3/2013,0.0,0
294,Garden Fresh Restaurant Corp.,Restaurant owner and operator,"First lien senior secured loan ($42,602 par due 7/2018)",10.00% (Libor + 8.50%/M),10/3/2013,42602.0,42602
295,"Hojeij Branded Foods, Inc.",Airport restaurant operator,First lien senior secured revolving loan ($450 par due 2/2017),9.00% (Libor + 8.00%/Q),2/15/2012,450.0,450
296,"Hojeij Branded Foods, Inc.",Airport restaurant operator,"First lien senior secured loan ($30,612 par due 2/2017)",9.00% (Libor + 8.00%/Q),2/15/2012,30260.0,30612
297,"Hojeij Branded Foods, Inc.",Airport restaurant operator,Warrants to purchase up to 7.5% of membership interest,0,2/15/2012,0.0,434
298,"Hojeij Branded Foods, Inc.",Airport restaurant operator,Warrants to purchase up to 324 shares of Class A common stock,0,2/15/2012,669.0,6249
299,"Orion Foods, LLC (fka Hot Stuff Foods, LLC) (7)",Convenience food service retailer,"First lien senior secured revolving loan ($2,016 par due 9/2015)",10.75% (Base Rate + 7.50%/M),4/1/2010,2016.0,1837
300,"Orion Foods, LLC (fka Hot Stuff Foods, LLC) (7)",Convenience food service retailer,"First lien senior secured loan ($32,478 par due 9/2015)",10.00% (Libor + 8.50%/Q),4/1/2010,32478.0,29591
301,"Orion Foods, LLC (fka Hot Stuff Foods, LLC) (7)",Convenience food service retailer,"Second lien senior secured loan ($19,420 par due 9/2015)",0,4/1/2010,0.0,0
302,"Orion Foods, LLC (fka Hot Stuff Foods, LLC) (7)",Convenience food service retailer,"Preferred units (10,000 units)",0,10/28/2010,0.0,0
303,"Orion Foods, LLC (fka Hot Stuff Foods, LLC) (7)",Convenience food service retailer,"Class A common units (25,001 units)",0,4/1/2010,0.0,0
304,"Orion Foods, LLC (fka Hot Stuff Foods, LLC) (7)",Convenience food service retailer,"Class B common units (1,122,452 units)",0,4/1/2010,0.0,0
305,"OTG Management, LLC",Airport restaurant operator,"First lien senior secured loan ($45,200 par due 12/2017)",8.75% (Libor + 7.25%/M),12/11/2012,45200.0,45200
306,"OTG Management, LLC",Airport restaurant operator,"Common units (3,000,000 units)",0,1/5/2011,3000.0,2186
307,"OTG Management, LLC",Airport restaurant operator,Warrants to purchase up to 7.73% of common units,0,6/19/2008,100.0,4360
308,"Papa Murphy’s Holdings, Inc.",Restaurant owner and operator,"Common stock (147,983 shares)",0,12/13/2013,1065.0,1509
309,"Performance Food Group, Inc. and Wellspring Distribution Corp",Food service distributor,"Second lien senior secured loan ($24,389 par due 11/2019)",6.25% (Libor + 5.25%/Q),5/14/2013,24291.0,24389
310,"Performance Food Group, Inc. and Wellspring Distribution Corp",Food service distributor,"Class A non-voting common stock (1,366,120 shares)",0,5/3/2008,6303.0,9060
311,"Restaurant Holding Company, LLC",Fast food restaurant operator,"First lien senior secured loan ($37,406 par due 2/2019)",8.75% (Libor + 7.75%/M),3/13/2014,37071.0,35162
312,S.B. Restaurant Company,Restaurant owner and operator,"Preferred stock (46,690 shares)",0,4/1/2010,0.0,0
313,S.B. Restaurant Company,Restaurant owner and operator,"Warrants to purchase up to 257,429 shares of common stock",0,4/1/2010,0.0,0
314,"GS Pretium Holdings, Inc.",Manufacturer and supplier of high performance plastic containers,"Common stock (500,000 shares)",0,6/2/2014,500.0,442
315,"ICSH, Inc.","Industrial container manufacturer, reconditioner and servicer",First lien senior secured revolving loan,0,8/31/2011,0.0,0
316,"ICSH, Inc.","Industrial container manufacturer, reconditioner and servicer","First lien senior secured loan ($49,513 par due 8/2016)",7.00% (Libor + 6.00%/Q),8/31/2011,49522.0,49513
317,"ICSH, Inc.","Industrial container manufacturer, reconditioner and servicer","First lien senior secured loan ($53,656 par due 8/2016)",7.00% (Libor + 6.00%/Q),8/31/2011,53656.0,53656
318,"Microstar Logistics LLC, Microstar Global Asset Management LLC, and MStar Holding Corporation",Keg management solutions provider,"Second lien senior secured loan ($142,500 par due 12/2018)",8.50% (Libor + 7.50%/Q),12/14/2012,142500.0,142500
319,"Microstar Logistics LLC, Microstar Global Asset Management LLC, and MStar Holding Corporation",Keg management solutions provider,"Common stock (50,000 shares)",0,12/14/2012,3951.0,6600
320,Castle Management Borrower LLC,Hotel operator,"First lien senior secured revolving loan ($4,995 par due 9/2020)",7.50% (Libor + 6.50%/Q),9/18/2014,4995.0,4995
321,Castle Management Borrower LLC,Hotel operator,"First lien senior secured loan ($155,000 par due 9/2020)",7.50% (Libor + 6.50%/Q),9/18/2014,155000.0,155000
322,"Cadence Aerospace, LLC (fka PRV Aerospace, LLC)",Aerospace precision components manufacturer,"First lien senior secured loan ($4,425 par due 5/2018)",6.50% (Libor + 5.25%/Q),5/15/2012,4397.0,4425
323,"Cadence Aerospace, LLC (fka PRV Aerospace, LLC)",Aerospace precision components manufacturer,"Second lien senior secured loan ($79,657 par due 5/2019)",10.50% (Libor + 9.25%/Q),5/10/2012,79657.0,76471
324,"ILC Industries, LLC",Designer and manufacturer of protective cases and technically advanced lighting systems,"First lien senior secured loan ($29,812 par due 7/2020)",5.75% (Libor + 4.75%/Q),7/15/2014,29812.0,29812
325,"ILC Industries, LLC",Designer and manufacturer of protective cases and technically advanced lighting systems,"Second lien senior secured loan ($40,000 par due 7/2021)",9.50% (Libor + 8.50%/Q),7/15/2014,40000.0,40000
326,"Wyle Laboratories, Inc. and Wyle Holdings, Inc.","Provider of specialized engineering, scientific and technical services",Senior preferred stock (775 shares),8.00% PIK,1/17/2008,118.0,118
327,"Wyle Laboratories, Inc. and Wyle Holdings, Inc.","Provider of specialized engineering, scientific and technical services","Common stock (1,885,195 shares)",0,1/17/2008,2291.0,2264
328,Fulton Holdings Corp.,Airport restaurant operator,"First lien senior secured loan ($43,000 par due 5/2018)",8.50%,5/10/2013,43000.0,43000
329,Fulton Holdings Corp.,Airport restaurant operator,"First lien senior secured loan ($40,000 par due 5/2018)",8.50%,5/28/2010,40000.0,40000
330,Fulton Holdings Corp.,Airport restaurant operator,"Common stock (19,672 shares)",0,5/28/2010,1461.0,2686
331,"Paper Source, Inc. and Pine Holdings, Inc.",Retailer of fine and artisanal paper products,First lien senior secured revolving loan ($333 par due 9/2018),7.25% (Libor + 6.25%/Q),9/23/2013,333.0,333
332,"Paper Source, Inc. and Pine Holdings, Inc.",Retailer of fine and artisanal paper products,First lien senior secured revolving loan ($667 par due 9/2018),7.25% (Libor + 6.25%/Q),9/23/2013,667.0,667
333,"Paper Source, Inc. and Pine Holdings, Inc.",Retailer of fine and artisanal paper products,"First lien senior secured loan ($8,885 par due 9/2018)",7.25% (Libor + 6.25%/Q),9/23/2013,8885.0,8885
334,"Paper Source, Inc. and Pine Holdings, Inc.",Retailer of fine and artisanal paper products,"First lien senior secured loan ($9,925 par due 9/2018)",7.25% (Libor + 6.25%/Q),9/23/2013,9925.0,9925
335,"Paper Source, Inc. and Pine Holdings, Inc.",Retailer of fine and artisanal paper products,"Class A common stock (36,364 shares)",0,9/23/2013,6000.0,7122
336,"Things Remembered, Inc.",Personalized gifts retailer,"First lien senior secured loan ($14,590 par due 5/2018)",8.25% (Libor + 6.75%/Q),5/24/2012,14590.0,14007
337,"Lonestar Prospects, Ltd.",Sand proppant producer and distributor to the oil and natural gas industry,"First lien senior secured loan ($75,000 par due 9/2018)",8.50% (Libor + 7.50%/Q),9/18/2014,75000.0,75000
338,"UL Holding Co., LLC and Universal Lubricants, LLC (6)",Petroleum product manufacturer,"Second lien senior secured loan ($10,904 par due 12/2016)",0,4/30/2012,8911.0,7885
339,"UL Holding Co., LLC and Universal Lubricants, LLC (6)",Petroleum product manufacturer,"Second lien senior secured loan ($2,160 par due 12/2016)",0,4/30/2012,1753.0,1562
340,"UL Holding Co., LLC and Universal Lubricants, LLC (6)",Petroleum product manufacturer,"Second lien senior secured loan ($49,466 par due 12/2016)",0,4/30/2012,40134.0,35771
341,"UL Holding Co., LLC and Universal Lubricants, LLC (6)",Petroleum product manufacturer,"Class A common units (10,782 units)",0,6/17/2011,1512.0,0
342,"UL Holding Co., LLC and Universal Lubricants, LLC (6)",Petroleum product manufacturer,"Class B-5 common units (599,200 units)",0,6/17/2011,5472.0,0
343,"UL Holding Co., LLC and Universal Lubricants, LLC (6)",Petroleum product manufacturer,"Class B-4 common units (50,000 units)",0,4/25/2008,500.0,0
344,"UL Holding Co., LLC and Universal Lubricants, LLC (6)",Petroleum product manufacturer,"Class C common units (618,091 units)",0,4/25/2008,0.0,0
345,"UL Holding Co., LLC and Universal Lubricants, LLC (6)",Petroleum product manufacturer,"Warrant to purchase up to 422,852 shares of Class A units",0,5/2/2014,0.0,0
346,"UL Holding Co., LLC and Universal Lubricants, LLC (6)",Petroleum product manufacturer,"Warrant to purchase up to 16,856 shares of Class B-1 units",0,5/2/2014,0.0,0
347,"UL Holding Co., LLC and Universal Lubricants, LLC (6)",Petroleum product manufacturer,"Warrant to purchase up to 33,712 shares of Class B-2 units",0,5/2/2014,0.0,0
348,"UL Holding Co., LLC and Universal Lubricants, LLC (6)",Petroleum product manufacturer,"Warrant to purchase up to 17,433 shares of Class B-3 units",0,5/2/2014,0.0,0
349,"UL Holding Co., LLC and Universal Lubricants, LLC (6)",Petroleum product manufacturer,"Warrant to purchase up to 47,265 shares of Class B-5 units",0,5/2/2014,0.0,0
350,"UL Holding Co., LLC and Universal Lubricants, LLC (6)",Petroleum product manufacturer,"Warrant to purchase up to 35,082 shares of Class B-6 units",0,5/2/2014,0.0,0
351,"UL Holding Co., LLC and Universal Lubricants, LLC (6)",Petroleum product manufacturer,"Warrant to purchase up to 615,547 shares of Class C units",0,5/2/2014,0.0,0
352,CH Hold Corp,Collision repair company,"First lien senior secured loan ($17,750 par due 11/2019)",5.50% (Libor + 4.75%/Q),7/25/2014,17750.0,17750
353,"Driven Brands, Inc. and Driven Holdings, LLC",Automotive aftermarket car care franchisor,First lien senior secured loan ($993 par due 3/2017),6.00% (Libor + 5.00%/Q),12/16/2011,993.0,993
354,"Driven Brands, Inc. and Driven Holdings, LLC",Automotive aftermarket car care franchisor,"Preferred stock (247,500 units)",0,12/16/2011,2475.0,3027
355,"Driven Brands, Inc. and Driven Holdings, LLC",Automotive aftermarket car care franchisor,"Common stock (25,000 units)",0,12/16/2011,25.0,1027
356,"Eckler Industries, Inc.",Restoration parts and accessories provider for classic automobiles,"First lien senior secured revolving loan ($4,900 par due 7/2017)",8.25% (Base Rate + 5.00%/Q),7/12/2012,4900.0,4900
357,"Eckler Industries, Inc.",Restoration parts and accessories provider for classic automobiles,"First lien senior secured loan ($8,025 par due 7/2017)",7.25% (Libor + 6.00%/Q),7/12/2012,8025.0,8025
358,"Eckler Industries, Inc.",Restoration parts and accessories provider for classic automobiles,"First lien senior secured loan ($30,124 par due 7/2017)",7.25% (Libor + 6.00%/Q),7/12/2012,30124.0,30124
359,"Eckler Industries, Inc.",Restoration parts and accessories provider for classic automobiles,"Series A preferred stock (1,800 shares)",0,7/12/2012,1800.0,1464
360,"Eckler Industries, Inc.",Restoration parts and accessories provider for classic automobiles,"Common stock (20,000 shares)",0,7/12/2012,200.0,0
361,"EcoMotors, Inc.",Engine developer,"First lien senior secured loan ($4,242 par due 10/2016)",10.83%,12/28/2012,4162.0,4242
362,"EcoMotors, Inc.",Engine developer,"First lien senior secured loan ($5,000 par due 6/2017)",10.83%,12/28/2012,4882.0,5000
363,"EcoMotors, Inc.",Engine developer,"First lien senior secured loan ($3,583 par due 7/2016)",10.13%,12/28/2012,3526.0,3583
364,"EcoMotors, Inc.",Engine developer,"Warrant to purchase up to 321,888 shares of Series C preferred stock",0,12/28/2012,0.0,43
365,"SK SPV IV, LLC",Collision repair site operators,"Series A common stock (12,500 units)",0,8/18/2014,625.0,1998
366,"SK SPV IV, LLC",Collision repair site operators,"Series B common stock (12,500 units)",0,8/18/2014,625.0,1998
367,"TA THI Buyer, Inc. and TA THI Parent, Inc.",Collision repair company,"First lien senior secured loan ($30,000 par due 7/2020)",6.50% (Libor + 5.50%/Q),7/28/2014,30000.0,30000
368,"TA THI Buyer, Inc. and TA THI Parent, Inc.",Collision repair company,"Series A Preferred stock (50,000 shares)",0,7/28/2014,5000.0,5000
369,"10th Street, LLC and New 10th Street, LLC (7)",Real estate holding company,"First lien senior secured loan ($25,002 par due 11/2019)","7.00% Cash, 1.00% PIK",3/31/2014,25002.0,25002
370,"10th Street, LLC and New 10th Street, LLC (7)",Real estate holding company,"Senior subordinated loan ($26,897 par due 11/2019)","7.00% Cash, 1.00% PIK",4/1/2010,26897.0,26897
371,"10th Street, LLC and New 10th Street, LLC (7)",Real estate holding company,Member interest (10.00% interest),0,4/1/2010,594.0,54476
372,"10th Street, LLC and New 10th Street, LLC (7)",Real estate holding company,"Option (25,000 units)",0,4/1/2010,25.0,25
373,"American Commercial Coatings, Inc.",Real estate property,"Commercial mortgage loan ($1,947 par due 12/2025)",8.75% (Libor + 7.25%/Q),4/1/2010,568.0,1220
374,"Cleveland East Equity, LLC",Hotel operator,Real estate equity interests,0,4/1/2010,26.0,3310
375,"Commons R-3, LLC",Real estate developer,Real estate equity interests,0,4/1/2010,0.0,0
376,"Crescent Hotels & Resorts, LLC and affiliates (7)",Hotel operator,"Senior subordinated loan ($2,236 par due 9/2011)",0,4/1/2010,0.0,0
377,"Crescent Hotels & Resorts, LLC and affiliates (7)",Hotel operator,Common equity interest,0,4/1/2010,0.0,0
378,"NPH, Inc.",Hotel property,Real estate equity interests,0,4/1/2010,2291.0,2533
379,"Argotec, LLC",Thermoplastic polyurethane films,"First lien senior secured revolving loan ($1,887 par due 5/2018)",7.00% (Base Rate + 3.75%/M),5/31/2013,1887.0,1887
380,"Argotec, LLC",Thermoplastic polyurethane films,"First lien senior secured loan ($18,475 par due 5/2019)",5.75% (Libor + 4.75%/M),5/31/2013,18475.0,18475
381,"K2 Pure Solutions Nocal, L.P.",Chemical producer,"First lien senior secured revolving loan ($4,256 par due 8/2019)",8.13% (Libor + 7.13%/M),8/19/2013,4256.0,4171
382,"K2 Pure Solutions Nocal, L.P.",Chemical producer,"First lien senior secured loan ($21,366 par due 8/2019)",7.00% (Libor + 6.00%/M),8/19/2013,21366.0,20938
383,"K2 Pure Solutions Nocal, L.P.",Chemical producer,"First lien senior secured loan ($39,750 par due 8/2019)",7.00% (Libor + 6.00%/M),8/19/2013,39750.0,38955
384,"K2 Pure Solutions Nocal, L.P.",Chemical producer,"First lien senior secured loan ($19,875 par due 8/2019)",7.00% (Libor + 6.00%/M),8/19/2013,19875.0,19477
385,"Liquid Light, Inc.",Developer and licensor of process technology for the conversion of carbon dioxide into major chemicals,"First lien senior secured loan ($3,000 par due 11/2017)",10.00%,8/13/2014,2925.0,2925
386,"Liquid Light, Inc.",Developer and licensor of process technology for the conversion of carbon dioxide into major chemicals,"Warrant to purchase up to 86,009 shares of Series B preferred stock",0,8/13/2014,77.0,77
387,"American Broadband Communications, LLC, American Broadband Holding Company, and Cameron Holdings of NC, Inc.",Broadband communication services,Warrants to purchase up to 208 shares,0,11/7/2007,0.0,8516
388,"American Broadband Communications, LLC, American Broadband Holding Company, and Cameron Holdings of NC, Inc.",Broadband communication services,Warrants to purchase up to 200 shares,0,9/1/2010,0.0,4506
389,EUNetworks Group Limited (8),Broadband bandwidth infrastructure provider,"First lien senior secured loan ($25,071 par due 5/2019)",7.50% (Libor + 6.50%/M),12/13/2013,27554.0,25321
390,"Quantance, Inc.",Designer of semiconductor products to the mobile wireless market,"First lien senior secured loan ($3,236 par due 9/2016)",10.25%,8/23/2013,3169.0,3236
391,"Quantance, Inc.",Designer of semiconductor products to the mobile wireless market,"Warrant to purchase up to 130,432 shares of Series D Preferred Stock",0,8/23/2013,74.0,102
392,"Startec Equity, LLC (7)",Communication services,Member interest,0,4/1/2010,0.0,0
393,Wilcon Holdings LLC,Communications infrastructure provider,"Class A common stock (2,000,000 shares)",0,12/13/2013,1829.0,1962
394,"Batanga, Inc.",Independent digital media company,"First lien senior secured revolving loan ($4,000 par due 10/2014)",8.50%,10/31/2012,4000.0,4000
395,"Batanga, Inc.",Independent digital media company,"First lien senior secured loan ($3,667 par due 11/2016)",9.60%,10/31/2012,3667.0,3760
396,"Batanga, Inc.",Independent digital media company,"First lien senior secured loan ($3,692 par due 9/2017)",9.60%,10/31/2012,3692.0,3692
397,"Earthcolor Group, LLC",Printing management services,Limited liability company interests (9.30%),0,5/18/2012,0.0,0
398,"The Teaching Company, LLC and The Teaching Company Holdings, Inc.",Education publications provider,"First lien senior secured loan ($20,562 par due 3/2017)",9.00% (Libor + 7.50%/Q),3/6/2011,20562.0,20151
399,"The Teaching Company, LLC and The Teaching Company Holdings, Inc.",Education publications provider,"First lien senior secured loan ($9,550 par due 3/2017)",9.00% (Libor + 7.50%/Q),3/6/2011,9550.0,9359
400,"The Teaching Company, LLC and The Teaching Company Holdings, Inc.",Education publications provider,"Preferred stock (10,663 shares)",0,9/29/2006,1066.0,2593
401,"The Teaching Company, LLC and The Teaching Company Holdings, Inc.",Education publications provider,"Common stock (15,393 shares)",0,9/29/2006,3.0,6
402,"Athletic Club Holdings, Inc.",Premier health club operator,"First lien senior secured loan ($34,000 par due 3/2019)",7.25% (Libor + 6.00%/M),10/11/2007,34000.0,34000
403,"CFW Co-Invest, L.P. and NCP Curves, L.P.",Health club franchisor,"Limited partnership interest (4,152,165 shares)",0,7/31/2012,4152.0,3451
404,"CFW Co-Invest, L.P. and NCP Curves, L.P.",Health club franchisor,"Limited partnership interest (2,218,235 shares)",0,7/31/2012,2218.0,1844
405,PODS Funding Corp. II,Storage and warehousing,"First lien senior secured loan ($3,929 par due 12/2018)",7.00% (Libor + 6.00%/Q),12/19/13,3929.0,3929
406,PODS Funding Corp. II,Storage and warehousing,"First lien senior secured loan ($34,119 par due 12/2018)",7.00% (Libor + 6.00%/Q),12/19/13,34119.0,34119
407,"United Road Towing, Inc.",Towing company,Warrants to purchase up to 607 shares,0,4/1/2010,0.0,0
408,"Genomatica, Inc.",Developer of a biotechnology platform for the production of chemical products,"Warrant to purchase 322,422 shares of Series D preferred stock",0,3/28/2013,0.0,6
409,"RE Community Holdings II, Inc., Pegasus Community Energy, LLC., and MPH Energy Holdings, LP",Operator of municipal recycling facilities,"Preferred stock (1,000 shares)",0,3/1/2011,8839.0,15
410,"RE Community Holdings II, Inc., Pegasus Community Energy, LLC., and MPH Energy Holdings, LP",Operator of municipal recycling facilities,Limited partnership interest (3.13% interest),0,1/8/2014,0.0,0
411,"Waste Pro USA, Inc",Waste management services,"Preferred Class A common equity (611,615 shares)",0,11/9/2006,12263.0,30660
412,"Kinestal Technologies, Inc.","Designer of adaptive, dynamic glass for the commercial and residential markets","First lien senior secured loan ($6,500 par due 8/2017)",10.00%,4/22/2014,6379.0,6500
413,"Kinestal Technologies, Inc.","Designer of adaptive, dynamic glass for the commercial and residential markets","Warrant to purchase up to 325,000 shares of Series A preferred stock",0,4/22/2014,73.0,73
414,Distant Lands Trading Co.,Coffee manufacturer,"Class A common stock (1,294 shares)",0,4/1/2010,980.0,77
415,Distant Lands Trading Co.,Coffee manufacturer,"Class A-1 common stock (2,157 shares)",0,0,0.0,0
