,Company(1),Business Description,Investment,Interest(5)(11),Acquisition  Date,Amortized  Cost,Fair Value
0,"CIC Flex, LP (10)",Investment partnership,Limited partnership units (0.94 units),0,9/7/2007,0.0,263
1,"Covestia Capital Partners, LP (10)",Investment partnership,Limited partnership interest (47.00% interest),0,6/17/2008,487.0,1863
2,"HCI Equity, LLC (8)(9)(10)",Investment company,Member interest (100.00% interest),0,4/1/2010,0.0,128
3,"Imperial Capital Private Opportunities, LP (10)(28)",Investment partnership,Limited partnership interest (80.00% interest),0,5/10/2007,4134.0,19368
4,"Partnership Capital Growth Fund I, L.P. (10)",Investment partnership,Limited partnership interest (25.00% interest),0,6/16/2006,0.0,732
5,"Partnership Capital Growth Investors III, L.P. (10)(28)",Investment partnership,Limited partnership interest (2.50% interest),0,10/5/2011,2722.0,2900
6,"PCG-Ares Sidecar Investment II, L.P. (10)(28)",Investment partnership,Limited partnership interest (100.00% interest),0,10/31/2014,6516.0,8828
7,"PCG-Ares Sidecar Investment, L.P. (10)(28)",Investment partnership,Limited partnership interest (100.00% interest),0,5/22/2014,2152.0,713
8,"Piper Jaffray Merchant Banking Fund I, L.P. (10)(28)",Investment partnership,Limited partnership interest (2.00% interest),0,8/16/2012,1250.0,1332
9,Senior Secured Loan Fund LLC (8)(11)(29),Co-investment vehicle,"Subordinated certificates ($2,000,570 par due 12/2024)",8.33% (Libor + 8.00%/M)(23),10/30/2009,2000570.0,2000570
10,Senior Secured Loan Fund LLC (8)(11)(29),Co-investment vehicle,Member interest (87.50% interest),0,10/30/2009,0.0,0
11,VSC Investors LLC (10),Investment company,Membership interest (1.95% interest),0,1/24/2008,879.0,1661
12,Alegeus Technologies Holdings Corp.,Benefits administration and transaction processing provider,"Preferred stock (2,997 shares)",0,12/13/2013,3087.0,1949
13,Alegeus Technologies Holdings Corp.,Benefits administration and transaction processing provider,Common stock (3 shares),0,12/13/2013,3.0,0
14,"American Academy Holdings, LLC","Provider of education, training, certification, networking, and consulting services to medical coders and other healthcare professionals","First lien senior secured loan ($8,810 par due 6/2019)",7.00% (Libor + 6.00%/Q),6/27/2014,8810.0,8810
15,"American Academy Holdings, LLC","Provider of education, training, certification, networking, and consulting services to medical coders and other healthcare professionals","First lien senior secured loan ($52,039 par due 6/2019)",7.00% (Libor + 6.00%/Q),6/27/2014,52039.0,52039
16,"American Academy Holdings, LLC","Provider of education, training, certification, networking, and consulting services to medical coders and other healthcare professionals","First lien senior secured loan ($3,198 par due 6/2019)",4.00% (Libor + 3.00%/Q),6/27/2014,3198.0,3198
17,AwarePoint Corporation,Healthcare technology platform developer,"First lien senior secured loan ($10,000 par due 6/2018)",9.50%,9/5/2014,9927.0,10000
18,AwarePoint Corporation,Healthcare technology platform developer,"Warrant to purchase up to 3,213,367 shares of Series 1 preferred stock",0,11/14/2014,0.0,609
19,"AxelaCare Holdings, Inc. and AxelaCare Investment Holdings, L.P.",Provider of home infusion services,"Preferred units (8,664,072 units)",0,4/12/2013,866.0,816
20,"AxelaCare Holdings, Inc. and AxelaCare Investment Holdings, L.P.",Provider of home infusion services,"Common units (87,514 units)",0,4/12/2013,17.0,8
21,"CCS Intermediate Holdings, LLC and CCS Group Holdings, LLC (27)",Correctional facility healthcare operator,"First lien senior secured revolving loan ($1,350 par due 7/2019)",6.25% (Base Rate + 3.00%/Q),7/23/2014,1350.0,1282
22,"CCS Intermediate Holdings, LLC and CCS Group Holdings, LLC (27)",Correctional facility healthcare operator,"First lien senior secured loan ($6,668 par due 7/2021)",5.00% (Libor + 4.00%/Q),7/23/2014,6641.0,6335
23,"CCS Intermediate Holdings, LLC and CCS Group Holdings, LLC (27)",Correctional facility healthcare operator,"Second lien senior secured loan ($135,000 par due 7/2022)",9.38% (Libor + 8.38%/Q),7/23/2014,133847.0,126900
24,"CCS Intermediate Holdings, LLC and CCS Group Holdings, LLC (27)",Correctional facility healthcare operator,"Class A units (601,937 units)",0,8/19/2010,0.0,698
25,"Correctional Medical Group Companies, Inc. (27)",Correctional facility healthcare operator,"First lien senior secured loan ($26,200 par due 9/2021)",6.25% (Base Rate + 3.00%/Q),9/29/2015,26200.0,26200
26,"Correctional Medical Group Companies, Inc. (27)",Correctional facility healthcare operator,"First lien senior secured loan ($3,738 par due 9/2021)",9.61% (Libor + 8.61%/Q),9/29/2015,3738.0,3738
27,"Correctional Medical Group Companies, Inc. (27)",Correctional facility healthcare operator,First lien senior secured loan ($355 par due 9/2021),10.87% (Base Rate + 7.62%/Q),9/29/2015,355.0,355
28,"Correctional Medical Group Companies, Inc. (27)",Correctional facility healthcare operator,"First lien senior secured loan ($40,833 par due 9/2021)",9.61% (Libor + 8.61%/Q),9/29/2015,40833.0,40833
29,"Correctional Medical Group Companies, Inc. (27)",Correctional facility healthcare operator,"First lien senior secured loan ($3,874 par due 9/2021)",10.87% (Base Rate + 7.62%/Q),9/29/2015,3874.0,3874
30,"DCA Investment Holding, LLC (27)",Multi-branded dental practice management company,"First lien senior secured loan ($25,137 par due 7/2021)",6.25% (Libor + 5.25%/Q),7/2/2015,24894.0,24885
31,"DNAnexus, Inc.",Bioinformatics company,"First lien senior secured loan ($10,500 par due 10/2018)",9.25% (Libor + 8.25%/M),3/21/2014,10178.0,10500
32,"DNAnexus, Inc.",Bioinformatics company,"Warrant to purchase up to 909,092 units of Series C preferred stock",0,3/21/2014,0.0,240
33,"Global Healthcare Exchange, LLC and GHX Ultimate Parent Corp.",On-demand supply chain automation solutions provider,"Class A common stock (2,991 shares)",0,3/11/2014,2991.0,2991
34,"Global Healthcare Exchange, LLC and GHX Ultimate Parent Corp.",On-demand supply chain automation solutions provider,Class B common stock (980 shares),0,3/11/2014,30.0,3199
35,"Greenphire, Inc. and RMCF III CIV XXIX, L.P (27)",Software provider for clinical trial management,"First lien senior secured loan ($4,000 par due 12/2018)",9.00% (Libor + 8.00%/M),12/19/2014,4000.0,4000
36,"Greenphire, Inc. and RMCF III CIV XXIX, L.P (27)",Software provider for clinical trial management,Limited partnership interest (99.90% interest),0,12/19/2014,999.0,999
37,"INC Research Mezzanine Co-Invest, LLC",Pharmaceutical and biotechnology consulting services,"Common units (1,410,000 units)",0,9/27/2010,0.0,3945
38,Intermedix Corporation,Revenue cycle management provider to the emergency healthcare industry,"Second lien senior secured loan ($112,000 par due 6/2020)",9.25% (Libor + 8.25%/Q),12/27/2012,112000.0,110880
39,"LM Acquisition Holdings, LLC (9)",Developer and manufacturer of medical equipment,Class A units (426 units),0,9/27/2013,660.0,1617
40,"MC Acquisition Holdings I, LLC",Healthcare professional provider,"Class A units (1,338,314 shares)",0,1/17/2014,1338.0,1948
41,MW Dental Holding Corp. (27),Dental services provider,"First lien senior secured revolving loan ($2,000 par due 4/2017)",8.50% (Libor + 7.00%/M),4/12/2011,2000.0,2000
42,MW Dental Holding Corp. (27),Dental services provider,"First lien senior secured loan ($17,762 par due 4/2017)",8.50% (Libor + 7.00%/M),4/12/2011,17762.0,17762
43,MW Dental Holding Corp. (27),Dental services provider,"First lien senior secured loan ($24,295 par due 4/2017)",8.50% (Libor + 7.00%/M),4/12/2011,24295.0,24295
44,MW Dental Holding Corp. (27),Dental services provider,"First lien senior secured loan ($47,867 par due 4/2017)",8.50% (Libor + 7.00%/M),4/12/2011,47867.0,47867
45,MW Dental Holding Corp. (27),Dental services provider,"First lien senior secured loan ($19,795 par due 4/2017)",8.50% (Libor + 7.00%/M),4/12/2011,19795.0,19795
46,"My Health Direct, Inc. (27)",Healthcare scheduling exchange software solution provider,"First lien senior secured loan ($2,800 par due 1/2018)",10.75%,9/18/2014,2736.0,2800
47,"My Health Direct, Inc. (27)",Healthcare scheduling exchange software solution provider,"Warrant to purchase up to 4,548 shares of Series D preferred stock",0,9/18/2014,39.0,40
48,Napa Management Services Corporation,Anesthesia management services provider,"First lien senior secured loan ($36,734 par due 2/2019)",9.05% (Libor + 8.05%/Q),4/15/2011,36734.0,36734
49,Napa Management Services Corporation,Anesthesia management services provider,"First lien senior secured loan ($33,266 par due 2/2019)",9.05% (Libor + 8.05%/Q),4/15/2011,33224.0,33266
50,Napa Management Services Corporation,Anesthesia management services provider,"Common units (5,345 units)",0,4/15/2011,5764.0,14159
51,"Netsmart Technologies, Inc. and NS Holdings, Inc.",Healthcare technology provider,"Second lien senior secured loan ($90,000 par due 8/2019)",10.50% (Libor + 9.50%/Q),2/27/2015,90000.0,88200
52,"Netsmart Technologies, Inc. and NS Holdings, Inc.",Healthcare technology provider,"Common stock (2,500,000 shares)",0,6/21/2010,760.0,2587
53,"New Trident Holdcorp, Inc.",Outsourced mobile diagnostic healthcare service provider,"Second lien senior secured loan ($80,000 par due 7/2020)",10.25% (Libor + 9.00%/Q),8/6/2013,78846.0,76000
54,"Nodality, Inc.",Biotechnology company,"First lien senior secured loan ($7,269 par due 2/2018)",8.90%,4/25/2014,7111.0,7269
55,"Nodality, Inc.",Biotechnology company,"First lien senior secured loan ($2,940 par due 8/2018)",8.90%,4/25/2014,2864.0,2940
56,"Nodality, Inc.",Biotechnology company,"Warrant to purchase up to 164,179 shares of Series B preferred stock",0,4/25/2014,0.0,41
57,"OmniSYS Acquisition Corporation, OmniSYS, LLC, and OSYS Holdings, LLC (27)",Provider of technology-enabled solutions to pharmacies,"First lien senior secured loan ($12,372 par due 11/2018)",8.50% (Libor + 7.50%/Q),11/21/2013,12372.0,12372
58,"OmniSYS Acquisition Corporation, OmniSYS, LLC, and OSYS Holdings, LLC (27)",Provider of technology-enabled solutions to pharmacies,"First lien senior secured loan ($6,953 par due 11/2018)",8.50% (Libor + 7.50%/Q),11/21/2013,6953.0,6953
59,"OmniSYS Acquisition Corporation, OmniSYS, LLC, and OSYS Holdings, LLC (27)",Provider of technology-enabled solutions to pharmacies,Limited liability company membership interest (1.57%),0,11/21/2013,1000.0,1188
60,"Patterson Medical Supply, Inc.",Distributor of rehabilitation supplies and equipment,"Second lien senior secured loan ($19,000 par due 8/2023)",8.75% (Libor + 7.75%/Q),9/2/2015,18810.0,18810
61,"PerfectServe, Inc. (27)",Communications software platform provider for hospitals and physician practices,"First lien senior secured loan ($9,000 par due 3/2020)",9.00% (Libor + 8.00%/Q),9/15/2015,8640.0,9000
62,"PerfectServe, Inc. (27)",Communications software platform provider for hospitals and physician practices,"Warrant to purchase up to 28,428 units of Series C preferred stock",0,9/15/2015,180.0,180
63,"PerfectServe, Inc. (27)",Communications software platform provider for hospitals and physician practices,"Warrant to purchase up to 34,113 units of Series C preferred stock",0,12/26/2013,0.0,215
64,"Physiotherapy Associates Holdings, Inc.",Physical therapy provider,"Class A common stock (100,000 shares)",0,12/31/2013,3090.0,4944
65,"POS I Corp. (fka Vantage Oncology, Inc.)",Radiation oncology care provider,"Common stock (62,157 shares)",0,2/3/2011,4670.0,1011
66,"Press Ganey Holdings, Inc.","Provider of patient surveys, management reports and national databases for the integrated healthcare delivery system","Common stock (47,987 shares)",0,5/27/2015,292.0,1425
67,"Reed Group Holdings, LLC",Medical disability management services provider,Equity interests,0,4/1/2010,0.0,0
68,"Respicardia, Inc.",Developer of implantable therapies to improve cardiovascular health,"Warrant to purchase up to 99,094 shares of Series C preferred stock",0,6/28/2012,38.0,28
69,"Sage Products Holdings III, LLC",Patient infection control and preventive care solutions provider,"Second lien senior secured loan ($108,679 par due 6/2020)",9.25% (Libor + 8.00%/Q),12/13/2012,108504.0,108679
70,"Sarnova HC, LLC, Tri-Anim Health Services, Inc., and BEMS Holdings, LLC",Distributor of emergency medical service and respiratory products,"Second lien senior secured loan ($60,000 par due 9/2018)",8.75% (Libor + 8.00%/M),6/30/2014,60000.0,60000
71,"SurgiQuest, Inc.",Medical device company,"Warrant to purchase up to 54,672 shares of Series D-4 convertible preferred stock",0,9/28/2012,0.0,0
72,"Transaction Data Systems, Inc.",Pharmacy management software provider,"Second lien senior secured loan ($27,500 par due 6/2022)",9.25% (Libor + 8.25%/M),6/15/2015,27500.0,27500
73,"U.S. Anesthesia Partners, Inc.",Anesthesiology service provider,"Second lien senior secured loan ($50,000 par due 9/2020)",9.00% (Libor + 8.00%/Q),9/24/2014,50000.0,50000
74,"Urgent Cares of America Holdings I, LLC",Operator of urgent care clinics,"Preferred units (6,000,000 units)",0,6/11/2015,6000.0,6000
75,"Urgent Cares of America Holdings I, LLC",Operator of urgent care clinics,"Series A common units (2,000,000 units)",0,6/11/2015,2000.0,1888
76,"Urgent Cares of America Holdings I, LLC",Operator of urgent care clinics,"Series C common units (800,507 units)",0,6/11/2015,0.0,608
77,"Young Innovations, Inc.",Dental supplies and equipment manufacturer,"Second lien senior secured loan ($45,000 par due 7/2019)",9.00% (Libor + 8.00%/Q),5/30/2014,45000.0,45000
78,American Residential Services L.L.C.,"Heating, ventilation and air conditioning services provider","Second lien senior secured loan ($50,000 par due 12/2021)",9.00% (Libor + 8.00%/Q),6/30/2014,49583.0,50000
79,"Community Education Centers, Inc. and CEC Parent Holdings LLC (8)",Offender re-entry and in-prison treatment services provider,"First lien senior secured loan ($13,957 par due 12/2017)",6.25% (Libor + 5.25%/Q),12/10/2010,13957.0,13957
80,"Community Education Centers, Inc. and CEC Parent Holdings LLC (8)",Offender re-entry and in-prison treatment services provider,First lien senior secured loan ($329 par due 12/2017),7.50% (Base Rate + 4.25%/Q),12/10/2010,329.0,329
81,"Community Education Centers, Inc. and CEC Parent Holdings LLC (8)",Offender re-entry and in-prison treatment services provider,"Second lien senior secured loan ($21,985 par due 6/2018)",15.33% (Libor + 15.00%/Q),12/10/2010,21895.0,21895
82,"Community Education Centers, Inc. and CEC Parent Holdings LLC (8)",Offender re-entry and in-prison treatment services provider,"Class A senior preferred units (7,846 units)",0,3/27/2015,9384.0,9125
83,"Community Education Centers, Inc. and CEC Parent Holdings LLC (8)",Offender re-entry and in-prison treatment services provider,"Class A junior preferred units (26,154 units)",0,3/27/2015,19833.0,10591
84,"Community Education Centers, Inc. and CEC Parent Holdings LLC (8)",Offender re-entry and in-prison treatment services provider,Class A common units (134 units),0,3/27/2015,0.0,0
85,"Competitor Group, Inc. and Calera XVI, LLC (27)",Endurance sports media and event operator,"First lien senior secured revolving loan ($3,750 par due 11/2018)",9.00% (Libor + 7.75%/Q),11/30/2012,3750.0,3375
86,"Competitor Group, Inc. and Calera XVI, LLC (27)",Endurance sports media and event operator,"First lien senior secured loan ($23,473 par due 11/2018)","10.50% (Libor + 7.75% Cash, 1.50% PIK /Q)",11/30/2012,23473.0,21126
87,"Competitor Group, Inc. and Calera XVI, LLC (27)",Endurance sports media and event operator,"First lien senior secured loan ($28,743 par due 11/2018)","10.50% (Libor + 7.75% Cash, 1.50% PIK /Q)",11/30/2012,28743.0,25869
88,"Competitor Group, Inc. and Calera XVI, LLC (27)",Endurance sports media and event operator,"Membership units (2,522,512 units)",0,11/30/2012,2523.0,82
89,"Crown Health Care Laundry Services, Inc. and Crown Laundry Holdings, LLC (7)(27)",Provider of outsourced healthcare linen management solutions,First lien senior secured revolving loan ($500 par due 3/2019),7.25% (Libor + 6.00%/Q),3/13/2014,500.0,500
90,"Crown Health Care Laundry Services, Inc. and Crown Laundry Holdings, LLC (7)(27)",Provider of outsourced healthcare linen management solutions,"First lien senior secured loan ($23,432 par due 3/2019)",7.25% (Libor + 6.00%/Q),3/13/2014,23432.0,23432
91,"Crown Health Care Laundry Services, Inc. and Crown Laundry Holdings, LLC (7)(27)",Provider of outsourced healthcare linen management solutions,"Class A preferred units (2,475,000 units)",0,3/13/2014,2475.0,3587
92,"Crown Health Care Laundry Services, Inc. and Crown Laundry Holdings, LLC (7)(27)",Provider of outsourced healthcare linen management solutions,"Class B common units (275,000 units)",0,3/13/2014,275.0,399
93,"Dwyer Acquisition Parent, Inc. and TDG Group Holding Company",Operator of multiple franchise concepts primarily related to home maintenance or repairs,"Senior subordinated loan ($52,670 par due 2/2020)",11.00%,8/15/2014,52670.0,52670
94,"Dwyer Acquisition Parent, Inc. and TDG Group Holding Company",Operator of multiple franchise concepts primarily related to home maintenance or repairs,"Senior subordinated loan ($31,500 par due 2/2020)",11.00%,6/12/2015,31500.0,31500
95,"Dwyer Acquisition Parent, Inc. and TDG Group Holding Company",Operator of multiple franchise concepts primarily related to home maintenance or repairs,"Common stock (32,843 shares)",0,8/15/2014,3378.0,3727
96,"Massage Envy, LLC (27)",Franchisor in the massage industry,"First lien senior secured loan ($8,017 par due 9/2018)",8.50% (Libor + 7.25%/Q),9/27/2012,8017.0,8017
97,"Massage Envy, LLC (27)",Franchisor in the massage industry,"First lien senior secured loan ($46,434 par due 9/2018)",8.50% (Libor + 7.25%/Q),9/27/2012,46434.0,46434
98,"Massage Envy, LLC (27)",Franchisor in the massage industry,"First lien senior secured loan ($19,469 par due 9/2018)",8.50% (Libor + 7.25%/Q),9/27/2012,19469.0,19469
99,"Massage Envy, LLC (27)",Franchisor in the massage industry,"Common stock (3,000,000 shares)",0,9/27/2012,3000.0,4790
100,"McKenzie Sports Products, LLC (27)","Designer, manufacturer and distributor of hunting-related supplies","First lien senior secured loan ($39,500 par due 9/2020)",6.75% (Libor + 5.75%/M),9/18/2014,39500.0,39105
101,"McKenzie Sports Products, LLC (27)","Designer, manufacturer and distributor of hunting-related supplies","First lien senior secured loan ($45,000 par due 9/2020)",6.75% (Libor + 5.75%/M),9/18/2014,45000.0,44550
102,"OpenSky Project, Inc.",Social commerce platform operator,"First lien senior secured loan ($2,400 par due 9/2017)",10.00%,6/4/2014,2378.0,2400
103,"OpenSky Project, Inc.",Social commerce platform operator,"Warrant to purchase up to 159,496 shares of Series D preferred stock",0,6/29/2015,48.0,0
104,"Osmose Holdings, Inc.",Provider of structural integrity management services to transmission and distribution infrastructure,"Second lien senior secured loan ($25,000 par due 8/2023)",10.00% (Base Rate + 6.75%/Q),9/3/2015,24505.0,24750
105,"PODS, LLC",Storage and warehousing,"Second lien senior secured loan ($17,500 par due 2/2023)",9.25% (Libor + 8.25%/Q),2/2/2015,17338.0,17500
106,Spin HoldCo Inc.,Laundry service and equipment provider,"Second lien senior secured loan ($140,000 par due 5/2020)",8.00% (Libor + 7.00%/M),5/14/2013,140000.0,135800
107,"Surface Dive, Inc.",SCUBA diver training and certification provider,"Second lien senior secured loan ($72,000 par due 1/2022)",10.25% (Libor + 9.25%/Q),1/29/2015,71596.0,72000
108,"Surface Dive, Inc.",SCUBA diver training and certification provider,"Second lien senior secured loan ($53,686 par due 1/2022)",9.00% (Libor + 8.00%/Q),7/28/2015,53686.0,53686
109,"TWH Water Treatment Industries, Inc., TWH Filtration Industries, Inc. and TWH Infrastructure Industries, Inc. (27)","Wastewater infrastructure repair, treatment and filtration holding company","First lien senior secured loan ($2,240 par due 10/2019)",10.25% (Libor + 9.25%/Q),10/10/2014,2240.0,2240
110,"TWH Water Treatment Industries, Inc., TWH Filtration Industries, Inc. and TWH Infrastructure Industries, Inc. (27)","Wastewater infrastructure repair, treatment and filtration holding company","First lien senior secured loan ($36,400 par due 10/2019)",10.25% (Libor + 9.25%/Q),10/10/2014,36400.0,36400
111,Wash Multifamily Acquisition Inc. and Coinmatic Canada Inc.,Laundry service and equipment provider,"Second lien senior secured loan ($3,726 par due 5/2023)",8.00% (Libor + 7.00%/M),5/14/2015,3655.0,3614
112,Wash Multifamily Acquisition Inc. and Coinmatic Canada Inc.,Laundry service and equipment provider,"Second lien senior secured loan ($21,274 par due 5/2023)",8.00% (Libor + 7.00%/M),5/14/2015,20866.0,20636
113,"Feradyne Outdoors, LLC and Bowhunter Holdings, LLC",Provider of branded archery and bowhunting accessories,"First lien senior secured loan ($4,500 par due 3/2019)",4.00% (Libor + 3.00%/Q),4/24/2014,4500.0,4410
114,"Feradyne Outdoors, LLC and Bowhunter Holdings, LLC",Provider of branded archery and bowhunting accessories,"First lien senior secured loan ($9,500 par due 3/2019)",6.55% (Libor + 5.55%/Q),4/24/2014,9500.0,9215
115,"Feradyne Outdoors, LLC and Bowhunter Holdings, LLC",Provider of branded archery and bowhunting accessories,"First lien senior secured loan ($6,742 par due 3/2019)",4.00% (Libor + 3.00%/Q),4/24/2014,6742.0,6607
116,"Feradyne Outdoors, LLC and Bowhunter Holdings, LLC",Provider of branded archery and bowhunting accessories,"First lien senior secured loan ($50,100 par due 3/2019)",6.55% (Libor + 5.55%/Q),4/24/2014,50100.0,48597
117,"Feradyne Outdoors, LLC and Bowhunter Holdings, LLC",Provider of branded archery and bowhunting accessories,Common units (373 units),0,4/24/2014,3733.0,3654
118,"Implus Footcare, LLC",Provider of footwear and other accessories,"First lien senior secured loan ($4,987 par due 4/2021)",7.00% (Libor + 6.00%/Q),4/30/2015,4912.0,4912
119,Indra Holdings Corp.,"Designer, marketer, and distributor of rain and cold weather products","Second lien senior secured loan ($80,000 par due 11/2021)",8.50% (Libor + 7.50%/Q),5/1/2014,78943.0,76000
120,"Matrixx Initiatives, Inc. and Wonder Holdings Acquisition Corp.",Developer and marketer of OTC healthcare products,"Warrant to purchase up to 1,654,678 shares of common stock",0,7/27/2011,0.0,396
121,"Matrixx Initiatives, Inc. and Wonder Holdings Acquisition Corp.",Developer and marketer of OTC healthcare products,"Warrant to purchase up to 1,120 shares of preferred stock",0,7/27/2011,0.0,1315
122,"Oak Parent, Inc.",Manufacturer of athletic apparel,"First lien senior secured loan ($2,624 par due 4/2018)",7.50% (Libor + 7.00%/Q),4/2/2012,2621.0,2624
123,"Oak Parent, Inc.",Manufacturer of athletic apparel,"First lien senior secured loan ($8,355 par due 4/2018)",7.50% (Libor + 7.00%/Q),4/2/2012,8338.0,8355
124,"PG-ACP Co-Invest, LLC","Supplier of medical uniforms, specialized medical footwear and accessories","Class A membership units (1,000,0000 units)",0,8/29/2012,1000.0,1379
125,"Plantation Products, LLC, Seed Holdings, Inc. and Flora Parent, Inc.",Provider of branded lawn and garden products,"Second lien senior secured loan ($66,000 par due 6/2021)",9.54% (Libor + 8.54%/Q),12/23/2014,65667.0,66000
126,"Plantation Products, LLC, Seed Holdings, Inc. and Flora Parent, Inc.",Provider of branded lawn and garden products,"Common stock (30,000 shares)",0,12/23/2014,3000.0,4251
127,"Shock Doctor, Inc. and Shock Doctor Holdings, LLC (7)","Developer, marketer and distributor of sports protection equipment and accessories","Second lien senior secured loan ($75,000 par due 10/2021)",11.50% (Libor + 10.50%/Q),4/22/2015,75000.0,75000
128,"Shock Doctor, Inc. and Shock Doctor Holdings, LLC (7)","Developer, marketer and distributor of sports protection equipment and accessories","Class A preferred units (50,000 units)",0,3/14/2014,5000.0,5249
129,"Shock Doctor, Inc. and Shock Doctor Holdings, LLC (7)","Developer, marketer and distributor of sports protection equipment and accessories","Class C preferred units (50,000 units)",0,4/22/2015,5000.0,5249
130,The Hygenic Corporation,"Designer, manufacturer and marketer of branded wellness products","Second lien senior secured loan ($70,000 par due 4/2021)",9.75% (Libor + 8.75%/Q),2/27/2015,70000.0,69300
131,"The Step2 Company, LLC (8)",Toy manufacturer,"Second lien senior secured loan ($27,583 par due 9/2019)",10.00%,4/1/2010,27478.0,27583
132,"The Step2 Company, LLC (8)",Toy manufacturer,"Second lien senior secured loan ($4,500 par due 9/2019)",10.00%,3/13/2014,4500.0,4500
133,"The Step2 Company, LLC (8)",Toy manufacturer,"Second lien senior secured loan ($41,601 par due 9/2019)",0,4/1/2010,30802.0,12480
134,"The Step2 Company, LLC (8)",Toy manufacturer,"Common units (1,116,879 units)",0,4/1/2011,24.0,0
135,"The Step2 Company, LLC (8)",Toy manufacturer,"Class B common units (126,278,000 units)",0,10/30/2014,0.0,0
136,"The Step2 Company, LLC (8)",Toy manufacturer,"Warrant to purchase up to 3,157,895 units",0,4/1/2010,0.0,0
137,"Varsity Brands Holding Co., Inc., Hercules Achievement, Inc., Hercules Achievement Holdings, Inc. and Hercules VB Holdings, Inc.","Leading manufacturer and distributor of textiles, apparel & luxury goods","Second lien senior secured loan ($91,698 par due 12/2022)",9.75% (Libor + 8.75%/Q),12/11/2014,90873.0,91698
138,"Varsity Brands Holding Co., Inc., Hercules Achievement, Inc., Hercules Achievement Holdings, Inc. and Hercules VB Holdings, Inc.","Leading manufacturer and distributor of textiles, apparel & luxury goods","Second lien senior secured loan ($55,576 par due 12/2022)",9.75% (Libor + 8.75%/Q),12/11/2014,55073.0,55576
139,"Varsity Brands Holding Co., Inc., Hercules Achievement, Inc., Hercules Achievement Holdings, Inc. and Hercules VB Holdings, Inc.","Leading manufacturer and distributor of textiles, apparel & luxury goods","Common stock (3,353,371 shares)",0,12/11/2014,4147.0,5238
140,"Varsity Brands Holding Co., Inc., Hercules Achievement, Inc., Hercules Achievement Holdings, Inc. and Hercules VB Holdings, Inc.","Leading manufacturer and distributor of textiles, apparel & luxury goods","Common stock (3,353,371 shares)",0,12/11/2014,3353.0,4236
141,"Alphabet Energy, Inc.",Technology developer to convert waste-heat into electricity,"First lien senior secured loan ($1,680 par due 7/2017)",9.50%,12/16/2013,1640.0,1680
142,"Alphabet Energy, Inc.",Technology developer to convert waste-heat into electricity,"First lien senior secured loan ($2,420 par due 7/2017)",9.62%,12/16/2013,2303.0,2420
143,"Alphabet Energy, Inc.",Technology developer to convert waste-heat into electricity,"Series B preferred stock (74,449 shares)",0,2/26/2014,250.0,402
144,"Alphabet Energy, Inc.",Technology developer to convert waste-heat into electricity,"Warrant to purchase up to 59,524 shares of Series B preferred stock",0,12/16/2013,146.0,121
145,Bicent (California) Holdings LLC,Gas turbine power generation facilities operator,"Senior subordinated loan ($49,523 par due 2/2021)",8.25% (Libor + 7.25%/Q),2/6/2014,49523.0,49523
146,"Brush Power, LLC",Gas turbine power generation facilities operator,First lien senior secured loan ($801 par due 8/2020),7.50% (Base Rate + 4.25%/Q),8/1/2013,801.0,801
147,"Brush Power, LLC",Gas turbine power generation facilities operator,"First lien senior secured loan ($47,640 par due 8/2020)",6.25% (Libor + 5.25%/Q),8/1/2013,47640.0,47640
148,"Brush Power, LLC",Gas turbine power generation facilities operator,First lien senior secured loan ($172 par due 8/2020),7.50% (Base Rate + 4.25%/Q),8/1/2013,172.0,172
149,"Brush Power, LLC",Gas turbine power generation facilities operator,"First lien senior secured loan ($9,828 par due 8/2020)",6.25% (Libor + 5.25%/Q),8/1/2013,9828.0,9828
150,"CPV Maryland Holding Company II, LLC",Gas turbine power generation facilities operator,"Senior subordinated loan ($43,907 par due 12/2020)","5.00% Cash, 5.00% PIK",8/8/2014,44460.0,44460
151,"CPV Maryland Holding Company II, LLC",Gas turbine power generation facilities operator,Warrant to purchase up to 4 units of common stock,0,8/8/2014,0.0,200
152,"DESRI VI Management Holdings, LLC",Wind power generation facility operator,"Senior subordinated loan ($26,500 par due 12/2021)",9.75%,12/24/2014,26500.0,26500
153,"DESRI VI Management Holdings, LLC",Wind power generation facility operator,Non-controlling units (10.0 units),0,12/24/2014,1483.0,1483
154,"Grant Wind Holdings II, LLC",Wind power generation facility,"Senior subordinated loan ($23,400 par due 7/2016)",10.00%,9/8/2015,23400.0,23400
155,"Green Energy Partners, Stonewall LLC and Panda Stonewall Intermediate Holdings II LLC (27)",Gas turbine power generation facilities operator,"Senior subordinated loan ($85,374 par due 12/2021)","8.00% Cash, 5.25% PIK",11/13/2014,85374.0,84520
156,"Joule Unlimited Technologies, Inc. and Stichting Joule Global Foundation (27)",Renewable fuel and chemical production developer,"First lien senior secured loan ($10,000 par due 10/2018)",10.00% (Libor + 9.00%/M),3/31/2015,9871.0,10000
157,"Joule Unlimited Technologies, Inc. and Stichting Joule Global Foundation (27)",Renewable fuel and chemical production developer,"Warrant to purchase up to 32,051 shares of Series C-2 preferred stock",0,7/25/2013,0.0,31
158,"Kay Wind Holdings II, LLC",Wind power generation facility,"Senior subordinated loan ($28,760 par due 12/2015)",10.25%,3/31/2015,28700.0,28760
159,"La Paloma Generating Company, LLC","Natural gas fired, combined cycle plant operator","Second lien senior secured loan ($10,000 par due 2/2020)",9.25% (Libor + 8.25%/Q),2/20/2014,9702.0,7700
160,Moxie Liberty LLC,Gas turbine power generation facilities operator,"First lien senior secured loan ($35,000 par due 8/2020)",7.50% (Libor + 6.50%/Q),8/21/2013,34698.0,34650
161,Moxie Patriot LLC,Gas turbine power generation facilities operator,"First lien senior secured loan ($35,000 par due 12/2020)",6.75% (Libor + 5.75%/Q),12/19/2013,34706.0,34300
162,"Panda Sherman Power, LLC",Gas turbine power generation facilities operator,"First lien senior secured loan ($32,186 par due 9/2018)",9.00% (Libor + 7.50%/Q),9/14/2012,32186.0,30577
163,"Panda Temple Power II, LLC",Gas turbine power generation facilities operator,"First lien senior secured loan ($20,000 par due 4/2019)",7.25% (Libor + 6.00%/Q),4/3/2013,19878.0,18600
164,"Panda Temple Power, LLC",Gas turbine power generation facilities operator,"First lien senior secured loan ($24,875 par due 3/2022)",7.25% (Libor + 6.25%/Q),3/6/2015,23666.0,23134
165,PERC Holdings 1 LLC,"Operator of recycled energy, combined heat and power, and energy efficiency facilities","Class B common units (21,653,543 units)",0,10/20/2014,21654.0,22501
166,2329497 Ontario Inc. (9),Outsourced data center infrastructure and related services provider,"Second lien senior secured loan ($42,480 par due 6/2019)",10.50% (Libor + 9.25%/M),12/13/2013,43153.0,28991
167,Brandtone Holdings Limited (9)(27),Mobile communications and marketing services provider,"First lien senior secured loan ($5,674 par due 11/2018)",9.50% (Libor + 8.50%/M),5/11/2015,5520.0,5674
168,Brandtone Holdings Limited (9)(27),Mobile communications and marketing services provider,"First lien senior secured loan ($3,295 par due 1/2019)",9.50% (Libor + 8.50%/M),5/11/2015,3197.0,3295
169,Brandtone Holdings Limited (9)(27),Mobile communications and marketing services provider,"Warrant to purchase up to 115,002 units of Series Three participating convertible preferred ordinary shares",0,5/11/2015,0.0,1
170,"CallMiner, Inc.",Provider of cloud-based conversational analytics solutions,"First lien senior secured loan ($3,879 par due 5/2018)",10.00%,7/23/2014,3859.0,3879
171,"CallMiner, Inc.",Provider of cloud-based conversational analytics solutions,"First lien senior secured loan ($2,000 par due 9/2018)",10.00%,7/23/2014,1989.0,2000
172,"CallMiner, Inc.",Provider of cloud-based conversational analytics solutions,"Warrant to purchase up to 2,350,636 shares of Series 1 preferred stock",0,7/23/2014,0.0,0
173,"CIBT Investment Holdings, LLC (27)",Expedited travel document processing services,"Class A shares (2,500 shares)",0,12/15/2011,2500.0,4005
174,"CMW Parent, LLC (fka BlackArrow, Inc.)",Advertising and data solutions software platform provider,Series A units (32 units),0,9/11/2015,0.0,0
175,"Command Alkon, Incorporated and CA Note Issuer, LLC",Software solutions provider to the ready-mix concrete industry,"Second lien senior secured loan ($10,000 par due 8/2020)",9.25% (Libor + 8.25%/Q),9/28/2012,10000.0,10000
176,"Command Alkon, Incorporated and CA Note Issuer, LLC",Software solutions provider to the ready-mix concrete industry,"Second lien senior secured loan ($26,500 par due 8/2020)",9.25% (Libor + 8.25%/Q),9/28/2012,26500.0,26500
177,"Command Alkon, Incorporated and CA Note Issuer, LLC",Software solutions provider to the ready-mix concrete industry,"Second lien senior secured loan ($11,500 par due 8/2020)",9.25% (Libor + 8.25%/Q),9/28/2012,11500.0,11500
178,"Command Alkon, Incorporated and CA Note Issuer, LLC",Software solutions provider to the ready-mix concrete industry,"Senior subordinated loan ($19,600 par due 8/2021)",14.00% PIK,8/8/2014,19600.0,19600
179,"Compuware Parent, LLC",Web and mobile cloud performance testing and monitoring services provider,"Class A-1 common stock (4,132 units)",0,12/15/2014,2250.0,2203
180,"Compuware Parent, LLC",Web and mobile cloud performance testing and monitoring services provider,"Class B-1 common stock (4,132 units)",0,12/15/2014,450.0,441
181,"Compuware Parent, LLC",Web and mobile cloud performance testing and monitoring services provider,"Class C-1 common stock (4,132 units)",0,12/15/2014,300.0,294
182,"Compuware Parent, LLC",Web and mobile cloud performance testing and monitoring services provider,"Class A-2 common stock (4,132 units)",0,12/15/2014,0.0,0
183,"Compuware Parent, LLC",Web and mobile cloud performance testing and monitoring services provider,"Class B-2 common stock (4,132 units)",0,12/15/2014,0.0,0
184,"Compuware Parent, LLC",Web and mobile cloud performance testing and monitoring services provider,"Class C-2 common stock (4,132 units)",0,12/15/2014,0.0,0
185,"Coverall North America, Inc.",Commercial janitorial services provider,Letter of credit facility,0,1/17/2013,0.0,0
186,"Directworks, Inc. and Co-Exprise Holdings, Inc. (27)",Provider of cloud-based software solutions for direct materials sourcing and supplier management for manufacturers,"First lien senior secured loan ($2,500 par due 4/2018)",10.25% (Libor + 9.25%/M),12/19/2014,2500.0,2500
187,"Directworks, Inc. and Co-Exprise Holdings, Inc. (27)",Provider of cloud-based software solutions for direct materials sourcing and supplier management for manufacturers,"Warrant to purchase up to 1,875,000 shares of Series 1 preferred stock",0,12/19/2014,0.0,0
188,"DTI Holdco, Inc. and OPE DTI Holdings, Inc.",Provider of legal process outsourcing and managed services,First lien senior secured loan ($992 par due 8/2020),5.75% (Libor + 4.75%/Q),8/19/2014,992.0,973
189,"DTI Holdco, Inc. and OPE DTI Holdings, Inc.",Provider of legal process outsourcing and managed services,"Class A common stock (7,500 shares)",0,8/19/2014,7500.0,7959
190,"DTI Holdco, Inc. and OPE DTI Holdings, Inc.",Provider of legal process outsourcing and managed services,"Class B common stock (7,500 shares)",0,8/19/2014,0.0,0
191,"EN Engineering, L.L.C (27)","National utility services firm providing engineering and consulting services to natural gas, electric power and other energy & industrial end markets","First lien senior secured loan ($30,424 par due 6/2021)",7.00% (Libor + 6.00%/Q),6/30/2015,30224.0,30424
192,"Faction Holdings, Inc. and The Faction Group LLC (fka PeakColo Holdings, Inc.) (27)",Wholesaler of cloud-based software applications and services,"First lien senior secured revolving loan ($1,500 par due 10/2016)",7.50% (Base + 4.25%/M),11/3/2014,1500.0,1500
193,"Faction Holdings, Inc. and The Faction Group LLC (fka PeakColo Holdings, Inc.) (27)",Wholesaler of cloud-based software applications and services,"First lien senior secured loan ($4,000 par due 11/2018)",9.75% (Libor + 8.75%/M),11/3/2014,3926.0,4000
194,"Faction Holdings, Inc. and The Faction Group LLC (fka PeakColo Holdings, Inc.) (27)",Wholesaler of cloud-based software applications and services,"Warrant to purchase up to 2,037 shares of Series A preferred stock",0,11/3/2014,93.0,93
195,"First Insight, Inc.",Software company providing merchandising and pricing solutions to companies worldwide,"Warrant to purchase up to 122,827 units of Series C preferred stock",0,3/20/2014,0.0,13
196,"HCPro, Inc. and HCP Acquisition Holdings, LLC (8)",Healthcare compliance advisory services,"Senior subordinated loan ($9,498 par due 5/2015)",0,3/5/2013,2691.0,0
197,"HCPro, Inc. and HCP Acquisition Holdings, LLC (8)",Healthcare compliance advisory services,"Class A units (14,293,110 units)",0,6/26/2008,12793.0,0
198,"iControl Networks, Inc. and uControl Acquisition, LLC",Software and services company for the connected home market,"Second lien senior secured loan ($20,000 par due 3/2019)",9.50% (Libor + 8.50%/Q),2/19/2015,19659.0,20075
199,"iControl Networks, Inc. and uControl Acquisition, LLC",Software and services company for the connected home market,"Warrant to purchase up to 385,616 shares of Series D preferred stock",0,2/19/2015,0.0,173
200,IfByPhone Inc.,Voice-based marketing automation software provider,"Warrant to purchase up to 124,300 shares of Series C preferred stock",0,10/15/2012,88.0,71
201,Interactions Corporation,Developer of a speech recognition software based customer interaction system,"First lien senior secured loan ($2,500 par due 7/2019)",9.85% (Libor + 8.85%/Q),6/16/2015,2174.0,2500
202,Interactions Corporation,Developer of a speech recognition software based customer interaction system,"First lien senior secured loan ($22,500 par due 7/2019)",9.85% (Libor + 8.85%/Q),6/16/2015,22131.0,22500
203,Interactions Corporation,Developer of a speech recognition software based customer interaction system,"Warrant to purchase up to 68,187 shares of Series G-3 convertible preferred stock",0,6/16/2015,303.0,303
204,"Investor Group Services, LLC (7)",Business consulting for private equity and corporate clients,Limited liability company membership interest (5.17% interest),0,6/22/2006,0.0,387
205,"iPipeline, Inc. and iPipeline Holdings, Inc. (27)",Provider of software as a service based software solutions to the insurance and financial services industry,"First lien senior secured loan ($27,000 par due 8/2022)",8.25% (Libor + 7.25%/Q),8/4/2015,27000.0,27000
206,"iPipeline, Inc. and iPipeline Holdings, Inc. (27)",Provider of software as a service based software solutions to the insurance and financial services industry,"First lien senior secured loan ($45,000 par due 8/2022)",8.25% (Libor + 7.25%/Q),8/4/2015,45000.0,45000
207,"iPipeline, Inc. and iPipeline Holdings, Inc. (27)",Provider of software as a service based software solutions to the insurance and financial services industry,"Preferred stock (1,485 shares)",0,8/4/2015,1485.0,1485
208,"iPipeline, Inc. and iPipeline Holdings, Inc. (27)",Provider of software as a service based software solutions to the insurance and financial services industry,"Common stock (647,542 shares)",0,8/4/2015,15.0,15
209,"IronPlanet, Inc. (27)",Online auction platform provider for used heavy equipment,First lien senior secured revolving loan,0,9/24/2013,0.0,0
210,"IronPlanet, Inc. (27)",Online auction platform provider for used heavy equipment,"Warrant to purchase to up to 133,333 shares of Series C preferred stock",0,9/24/2013,214.0,203
211,"Itel Laboratories, Inc. (27)",Data services provider for building materials to property insurance industry,"Preferred units (1,798,391 units)",0,6/29/2012,1000.0,1147
212,"Market Track Holdings, LLC",Business media consulting services company,"Preferred stock (1,685 shares)",0,12/13/2013,2221.0,2291
213,"Market Track Holdings, LLC",Business media consulting services company,"Common stock (16,251 shares)",0,12/13/2013,2221.0,2503
214,"Maximus Holdings, LLC",Provider of software simulation tools and related services,"Warrant to purchase up to 1,050,013 shares of common stock",0,12/13/2013,0.0,0
215,"Multi-Ad Services, Inc. (7)",Marketing services and software provider,"Preferred units (1,725,280 units)",0,4/1/2010,788.0,2938
216,"Multi-Ad Services, Inc. (7)",Marketing services and software provider,"Common units (1,725,280 units)",0,4/1/2010,0.0,0
217,"MVL Group, Inc. (8)",Marketing research provider,Senior subordinated loan ($436 par due 7/2012),0,4/1/2010,226.0,226
218,"MVL Group, Inc. (8)",Marketing research provider,"Common stock (560,716 shares)",0,4/1/2010,0.0,0
219,"NAS, LLC, Nationwide Marketing Group, LLC and Nationwide Administrative Services, Inc.","Buying and marketing services organization for appliance, furniture and consumer electronics dealers","Second lien senior secured loan ($24,100 par due 12/2021)",9.75% (Libor + 8.75%/Q),6/1/2015,24100.0,24100
220,"PHL Investors, Inc., and PHL Holding Co. (8)",Mortgage services,Class A common stock (576 shares),0,7/31/2012,3768.0,0
221,Poplicus Incorporated,Business intelligence and market analytics platform provider,"First lien senior secured loan ($5,000 par due 7/2019)",8.50% (Libor + 7.50%/M),6/25/2015,4743.0,4850
222,Poplicus Incorporated,Business intelligence and market analytics platform provider,"Warrant to purchase up to 2,402,991 shares of Series C preferred stock",0,6/25/2015,125.0,125
223,"PowerPlan, Inc.",Fixed asset financial management software provider,"Second lien senior secured loan ($80,000 par due 2/2023)",10.75% (Libor + 9.75%/Q),2/23/2015,79275.0,80000
224,"PowerPlan, Inc.",Fixed asset financial management software provider,"Class A common stock (1,980 shares)",0,2/23/2015,1980.0,2724
225,"PowerPlan, Inc.",Fixed asset financial management software provider,"Class B common stock (989,011 shares)",0,2/23/2015,20.0,28
226,"Powersport Auctioneer Holdings, LLC",Powersport vehicle auction operator,"Common units (1,972 units)",0,3/2/2012,1000.0,1075
227,R2 Acquisition Corp.,Marketing services,"Common stock (250,000 shares)",0,5/29/2007,250.0,196
228,Rocket Fuel Inc.,Provider of open and integrated software for digital marketing optimization,"Common stock (11,405 units)",0,9/9/2014,40.0,26
229,Ship Investor & Cy S.C.A. (9),Payment processing company,"Common stock (936,693 shares)",0,12/13/2013,1729.0,3625
230,Sonian Inc.,Cloud-based email archiving platform,"First lien senior secured loan ($7,500 par due 9/2019)",9.00% (Libor + 8.00%/Q),9/9/2015,7295.0,7275
231,Sonian Inc.,Cloud-based email archiving platform,"Warrant to purchase up to 169,045 shares of Series C preferred stock",0,9/9/2015,93.0,93
232,"Talari Networks, Inc.",Networking equipment Company,"First lien senior secured loan ($6,000 par due 12/2018)",9.75% (Libor + 8.75%/M),8/3/2015,5893.0,5940
233,"Talari Networks, Inc.",Networking equipment Company,"Warrant to purchase up to 421,052 shares of Series D-1 preferred stock",0,8/3/2015,50.0,50
234,"TraceLink, Inc. (27)",Supply chain management software provider for the pharmaceutical industry,"First lien senior secured loan ($4,500 par due 1/2019)",8.50% (Libor + 7.00%/M),1/2/2015,4406.0,4500
235,"TraceLink, Inc. (27)",Supply chain management software provider for the pharmaceutical industry,"Warrant to purchase up to 283,353 shares of Series A-2 preferred stock",0,1/2/2015,146.0,1040
236,Velocity Holdings Corp.,Hosted enterprise resource planning application management services provider,"Common units (1,713,546 units)",0,12/13/2013,4503.0,2795
237,"AllBridge Financial, LLC (8)",Asset management services,Equity interests,0,4/1/2010,1140.0,7369
238,Callidus Capital Corporation (8),Asset management services,Common stock (100 shares),0,4/1/2010,3000.0,1678
239,Ciena Capital LLC (8)(27),Real estate and small business loan servicer,"First lien senior secured revolving loan ($14,000 par due 12/2016)",6.00%,11/29/2010,14000.0,14000
240,Ciena Capital LLC (8)(27),Real estate and small business loan servicer,First lien senior secured loan ($750 par due 12/2016),12.00%,11/29/2010,750.0,750
241,Ciena Capital LLC (8)(27),Real estate and small business loan servicer,"First lien senior secured loan ($7,500 par due 12/2016)",12.00%,11/29/2010,7500.0,7500
242,Ciena Capital LLC (8)(27),Real estate and small business loan servicer,"First lien senior secured loan ($3,750 par due 12/2016)",12.00%,11/29/2010,3750.0,3750
243,Ciena Capital LLC (8)(27),Real estate and small business loan servicer,Equity interests,0,11/29/2010,46374.0,28711
244,"Commercial Credit Group, Inc.",Commercial equipment finance and leasing company,"Senior subordinated loan ($28,000 par due 5/2018)",12.75%,5/10/2012,28000.0,28000
245,Gordian Acquisition Corp.,Financial services firm,Common stock (526 shares),0,11/30/2012,0.0,0
246,Imperial Capital Group LLC,Investment services,"Class A common units (17,307 units)",0,5/10/2007,9832.0,14333
247,Imperial Capital Group LLC,Investment services,"2006 Class B common units (5,670 units)",0,5/10/2007,2.0,3
248,Imperial Capital Group LLC,Investment services,2007 Class B common units (707 units),0,5/10/2007,0.0,0
249,"Ivy Hill Asset Management, L.P. (8)(10)",Asset management services,Member interest (100.00% interest),0,6/15/2009,170961.0,241261
250,"Javlin Three LLC, Javlin Four LLC, and Javlin Five LLC (10)(27)",Asset-backed financial services company,"First lien senior secured revolving loan ($50,960 par due 6/2017)",8.45% (Libor + 8.25%/M),6/24/2014,50960.0,50960
251,"LSQ Funding Group, L.C. and LM LSQ Investors LLC (10)(27)",Asset based lender,"Senior subordinated loan ($30,000 par due 6/2021)",10.50%,6/25/2015,30000.0,30000
252,"LSQ Funding Group, L.C. and LM LSQ Investors LLC (10)(27)",Asset based lender,"Membership units (3,000,000 units)",0,6/25/2015,3000.0,3000
253,Cambrios Technologies Corporation,Nanotechnology-based solutions for electronic devices and computers,"Warrant to purchase up to 400,000 shares of Series D-4 convertible preferred stock",0,8/7/2012,0.0,13
254,"Chariot Acquisition, LLC (27)",Distributor and designer of aftermarket golf cart parts and accessories,"First lien senior secured loan ($69,000 par due 9/2021)",7.25% (Libor + 6.25%/Q),9/30/2015,69000.0,69000
255,"Component Hardware Group, Inc. (27)",Commercial equipment,"First lien senior secured revolving loan ($2,241 par due 7/2019)",5.50% (Libor + 4.50%/M),7/1/2013,2241.0,2218
256,"Component Hardware Group, Inc. (27)",Commercial equipment,"First lien senior secured loan ($8,083 par due 7/2019)",5.50% (Libor + 4.50%/M),7/1/2013,8083.0,8002
257,"Harvey Tool Company, LLC and Harvey Tool Holding, LLC (27)",Cutting tool provider to the metalworking industry,First lien senior secured revolving loan ($45 par due 3/2019),6.00% (Libor + 5.00%/Q),3/28/2014,45.0,45
258,"Harvey Tool Company, LLC and Harvey Tool Holding, LLC (27)",Cutting tool provider to the metalworking industry,"Senior subordinated loan ($27,925 par due 9/2020)",11.00%,8/13/2015,27925.0,27925
259,"Harvey Tool Company, LLC and Harvey Tool Holding, LLC (27)",Cutting tool provider to the metalworking industry,Class A membership units (750 units),0,3/28/2014,896.0,1432
260,"Ioxus, Inc.",Energy storage devices,"First lien senior secured loan ($10,000 par due 11/2017)",11.00%,4/29/2014,9760.0,9000
261,"Ioxus, Inc.",Energy storage devices,"Warrant to purchase up to 717,751 shares of Series AA preferred stock",0,4/29/2014,0.0,0
262,Mac Lean-Fogg Company,Intelligent transportation systems products in the traffic and rail industries,"Senior subordinated loan ($102,909 par due 10/2023)","9.50% Cash, 1.50% PIK",10/31/2013,102909.0,102909
263,"MWI Holdings, Inc.","Engineered springs, fasteners, and other precision components","First lien senior secured loan ($28,274 par due 3/2019)",9.38% (Libor + 8.13%/Q),6/15/2011,28274.0,28274
264,"MWI Holdings, Inc.","Engineered springs, fasteners, and other precision components","First lien senior secured loan ($20,000 par due 3/2019)",9.38% (Libor + 8.13%/Q),6/15/2011,20000.0,20000
265,Niagara Fiber Intermediate Corp. (27),Insoluble fiber filler products,"First lien senior secured revolving loan ($1,881 par due 5/2018)",6.75% (Libor + 5.50%/M),5/8/2014,1869.0,1599
266,Niagara Fiber Intermediate Corp. (27),Insoluble fiber filler products,"First lien senior secured loan ($15,097 par due 5/2018)",6.75% (Libor + 5.50%/M),5/8/2014,14998.0,12833
267,Nordco Inc. (27),Designer and manufacturer of railroad maintenance-of-way machinery,"First lien senior secured loan ($70,437 par due 8/2020)",7.25% (Libor + 6.25%/Q),8/26/2015,70437.0,70437
268,"Pelican Products, Inc.",Flashlights,"Second lien senior secured loan ($40,000 par due 4/2021)",9.25% (Libor + 8.25%/Q),4/11/2014,39953.0,40000
269,Saw Mill PCG Partners LLC,Metal precision engineered components,"Common units (1,000 units)",0,1/30/2007,1000.0,0
270,"SI Holdings, Inc.","Elastomeric parts, mid-sized composite structures, and composite tooling","Common stock (1,500 shares)",0,5/30/2014,1500.0,1500
271,TPTM Merger Corp. (27),Time temperature indicator products,First lien senior secured revolving loan ($750 par due 9/2018),7.25% (Libor + 6.25%/Q),9/12/2013,750.0,750
272,TPTM Merger Corp. (27),Time temperature indicator products,"First lien senior secured loan ($22,000 par due 9/2018)",9.42% (Libor + 8.42%/Q),9/12/2013,22000.0,22000
273,TPTM Merger Corp. (27),Time temperature indicator products,"First lien senior secured loan ($10,000 par due 9/2018)",9.42% (Libor + 8.42%/Q),9/12/2013,10000.0,10000
274,Campus Management Corp. and Campus Management Acquisition Corp. (7),Education software developer,"Preferred stock (485,159 shares)",0,2/8/2008,10520.0,9688
275,"Infilaw Holding, LLC (27)",Operator of for-profit law schools,First lien senior secured revolving loan,0,8/25/2011,0.0,0
276,"Infilaw Holding, LLC (27)",Operator of for-profit law schools,"First lien senior secured loan ($6,381 par due 8/2016)",9.50% (Libor + 8.50%/Q),8/25/2011,6381.0,6381
277,"Infilaw Holding, LLC (27)",Operator of for-profit law schools,"Series A preferred units (124,890 units)",9.50% (Libor + 8.50%/Q),8/25/2011,124890.0,117397
278,"Infilaw Holding, LLC (27)",Operator of for-profit law schools,Series B preferred units (3.91 units),0,10/19/2012,9245.0,14357
279,"Instituto de Banca y Comercio, Inc. & Leeds IV Advisors, Inc.",Private school operator,"First lien senior secured loan ($62,438 par due 12/2016)",0,4/24/2013,51834.0,43394
280,"Instituto de Banca y Comercio, Inc. & Leeds IV Advisors, Inc.",Private school operator,"First lien senior secured loan ($1,996 par due 12/2016)",0,6/13/2014,1824.0,1387
281,"Instituto de Banca y Comercio, Inc. & Leeds IV Advisors, Inc.",Private school operator,"Series B preferred stock (1,750,000 shares)",0,8/5/2010,5000.0,0
282,"Instituto de Banca y Comercio, Inc. & Leeds IV Advisors, Inc.",Private school operator,"Series C preferred stock (2,512,586 shares)",0,6/7/2010,689.0,0
283,"Instituto de Banca y Comercio, Inc. & Leeds IV Advisors, Inc.",Private school operator,Common stock (20 shares),0,6/7/2010,0.0,0
284,"Lakeland Tours, LLC (27)",Educational travel provider,"First lien senior secured loan ($45,607 par due 6/2020)",9.80% (Libor + 8.80%/Q),6/9/2015,45599.0,45607
285,"Lakeland Tours, LLC (27)",Educational travel provider,"First lien senior secured loan ($40,362 par due 6/2020)",9.80% (Libor + 8.80%/Q),6/9/2015,40326.0,40363
286,"Lakeland Tours, LLC (27)",Educational travel provider,"Common stock (5,000 shares)",0,10/4/2011,5000.0,7197
287,PIH Corporation (27),Franchisor of education-based early childhood centers,First lien senior secured revolving loan ($207 par due 6/2017),6.50% (Libor + 5.50%/M),12/13/2013,207.0,207
288,"R3 Education, Inc. and EIC Acquisitions Corp.",Medical school operator,"Preferred stock (1,977 shares)",0,7/30/2008,494.0,494
289,"R3 Education, Inc. and EIC Acquisitions Corp.",Medical school operator,Common membership interest (15.76% interest),0,9/21/2007,15800.0,25121
290,"R3 Education, Inc. and EIC Acquisitions Corp.",Medical school operator,"Warrant to purchase up to 27,890 shares",0,12/8/2009,0.0,0
291,"Regent Education, Inc. (27)",Provider of software solutions designed to optimize the financial aid and enrollment processes,"First lien senior secured revolving loan ($1,160 par due 7/2016)",10.00% (Libor + 8.00%/Q),7/1/2014,1160.0,1160
292,"Regent Education, Inc. (27)",Provider of software solutions designed to optimize the financial aid and enrollment processes,"First lien senior secured loan ($3,000 par due 1/2018)",10.00% (Libor + 8.00%/Q),7/1/2014,2951.0,3000
293,"Regent Education, Inc. (27)",Provider of software solutions designed to optimize the financial aid and enrollment processes,"Warrant to purchase up to 987,771 shares of Series CC preferred stock",0,7/1/2014,0.0,65
294,"RuffaloCODY, LLC (27)",Provider of student fundraising and enrollment management services,"First lien senior secured revolving loan ($4,245 par due 5/2019)",6.50% (Base + 3.25%/Q),5/29/2013,4245.0,4160
295,"Severin Holdings, LLC (27)",Provider of student information system software solutions to the K-12 education market,"Second lien senior secured loan ($15,000 par due 7/2022)",9.25% (Libor + 8.25%/M),7/31/2015,14707.0,15000
296,"WCI-Quantum Holdings, Inc.","Distributor of instructional products, services and resources","Series A preferred stock (1,272 shares)",0,10/24/2014,1000.0,1145
297,"Charter NEX US Holdings, Inc.",Producer of high-performance specialty films used in flexible packaging,"Second lien senior secured loan ($16,000 par due 2/2023)",9.25% (Libor + 8.25%/Q),2/5/2015,15780.0,16000
298,"GS Pretium Holdings, Inc.",Manufacturer and supplier of high performance plastic containers,"Common stock (500,000 shares)",0,6/2/2014,500.0,409
299,"ICSH, Inc. (27)","Industrial container manufacturer, reconditioner and servicer",First lien senior secured revolving loan,0,8/31/2011,0.0,0
300,"ICSH, Inc. (27)","Industrial container manufacturer, reconditioner and servicer","First lien senior secured loan ($25,472 par due 8/2016)",6.75% (Libor + 5.75%/Q),8/31/2011,25472.0,25472
301,"ICSH, Inc. (27)","Industrial container manufacturer, reconditioner and servicer","First lien senior secured loan ($53,092 par due 8/2016)",6.75% (Libor + 5.75%/Q),8/31/2011,53092.0,53092
302,"ICSH, Inc. (27)","Industrial container manufacturer, reconditioner and servicer","First lien senior secured loan ($4,388 par due 8/2016)",6.75% (Libor + 5.75%/Q),8/31/2011,4388.0,4388
303,LBP Intermediate Holdings LLC (27),Manufacturer of paper and corrugated foodservice packaging,First lien senior secured revolving loan ($57 par due 7/2020),6.50% (Libor + 5.50%/M),7/10/2015,57.0,57
304,LBP Intermediate Holdings LLC (27),Manufacturer of paper and corrugated foodservice packaging,"First lien senior secured loan ($55,261 par due 7/2020)",6.50% (Libor + 5.50%/Q),7/10/2015,54574.0,54709
305,"Microstar Logistics LLC, Microstar Global Asset Management LLC, and MStar Holding Corporation",Keg management solutions provider,"Second lien senior secured loan ($142,500 par due 12/2018)",8.50% (Libor + 7.50%/Q),12/14/2012,142500.0,142500
306,"Microstar Logistics LLC, Microstar Global Asset Management LLC, and MStar Holding Corporation",Keg management solutions provider,"Common stock (50,000 shares)",0,12/14/2012,3951.0,6517
307,"Lonestar Prospects, Ltd.",Sand proppant producer and distributor to the oil and natural gas industry,"First lien senior secured loan ($50,086 par due 9/2018)","8.50% (Libor + 6.50% Cash, 1.00% PIK/Q)",9/18/2014,50086.0,50086
308,"Lonestar Prospects, Ltd.",Sand proppant producer and distributor to the oil and natural gas industry,"First lien senior secured loan ($25,667 par due 9/2018)","8.50% (Libor + 6.50% Cash, 1.00% PIK/Q)",9/18/2014,25667.0,25667
309,Petroflow Energy Corporation,Oil and gas exploration and production company,"First lien senior secured loan ($52,321 par due 7/2017)",0,7/31/2014,49709.0,37881
310,Primexx Energy Corporation,Oil and gas exploration and production company,"Second lien senior secured loan ($125,000 par due 1/2020)",10.00% (Libor + 9.00%/M),7/7/2015,124494.0,125000
311,"UL Holding Co., LLC and Universal Lubricants, LLC (7)",Manufacturer and distributor of re-refined oil products,"Second lien senior secured loan ($11,856 par due 12/2016)",0,4/30/2012,8717.0,8688
312,"UL Holding Co., LLC and Universal Lubricants, LLC (7)",Manufacturer and distributor of re-refined oil products,"Second lien senior secured loan ($50,286 par due 12/2016)",0,4/30/2012,37043.0,36848
313,"UL Holding Co., LLC and Universal Lubricants, LLC (7)",Manufacturer and distributor of re-refined oil products,"Second lien senior secured loan ($5,851 par due 12/2016)",0,4/30/2012,4272.0,4288
314,"UL Holding Co., LLC and Universal Lubricants, LLC (7)",Manufacturer and distributor of re-refined oil products,"Class A common units (533,351 units)",0,6/17/2011,4993.0,0
315,"UL Holding Co., LLC and Universal Lubricants, LLC (7)",Manufacturer and distributor of re-refined oil products,"Class B-5 common units (272,834 units)",0,6/17/2011,2492.0,0
316,"UL Holding Co., LLC and Universal Lubricants, LLC (7)",Manufacturer and distributor of re-refined oil products,"Class C common units (758,546 units)",0,4/25/2008,0.0,0
317,"UL Holding Co., LLC and Universal Lubricants, LLC (7)",Manufacturer and distributor of re-refined oil products,"Warrant to purchase up to 606,252 shares of Class A units",0,5/2/2014,0.0,0
318,"UL Holding Co., LLC and Universal Lubricants, LLC (7)",Manufacturer and distributor of re-refined oil products,"Warrant to purchase up to 24,166 shares of Class B-1 units",0,5/2/2014,0.0,0
319,"UL Holding Co., LLC and Universal Lubricants, LLC (7)",Manufacturer and distributor of re-refined oil products,"Warrant to purchase up to 48,333 shares of Class B-2 units",0,5/2/2014,0.0,0
320,"UL Holding Co., LLC and Universal Lubricants, LLC (7)",Manufacturer and distributor of re-refined oil products,"Warrant to purchase up to 24,995 shares of Class B-3 units",0,5/2/2014,0.0,0
321,"UL Holding Co., LLC and Universal Lubricants, LLC (7)",Manufacturer and distributor of re-refined oil products,"Warrant to purchase up to 67,764 shares of Class B-5 units",0,5/2/2014,0.0,0
322,"UL Holding Co., LLC and Universal Lubricants, LLC (7)",Manufacturer and distributor of re-refined oil products,"Warrant to purchase up to 50,298 shares of Class B-6 units",0,5/2/2014,0.0,0
323,"UL Holding Co., LLC and Universal Lubricants, LLC (7)",Manufacturer and distributor of re-refined oil products,"Warrant to purchase up to 882,523 shares of Class C units",0,5/2/2014,0.0,0
324,"ADF Capital, Inc., ADF Restaurant Group, LLC, and ARG Restaurant Holdings, Inc.",Restaurant owner and operator,"First lien senior secured loan ($28,581 par due 12/2018)",9.25% (Libor + 8.25%/Q),11/27/2006,28581.0,25151
325,"ADF Capital, Inc., ADF Restaurant Group, LLC, and ARG Restaurant Holdings, Inc.",Restaurant owner and operator,"First lien senior secured loan ($10,919 par due 12/2018)",9.25% (Libor + 8.25%/Q),11/27/2006,10922.0,9609
326,"ADF Capital, Inc., ADF Restaurant Group, LLC, and ARG Restaurant Holdings, Inc.",Restaurant owner and operator,"Promissory note ($21,179 par due 12/2023)",0,11/27/2006,13770.0,1763
327,"ADF Capital, Inc., ADF Restaurant Group, LLC, and ARG Restaurant Holdings, Inc.",Restaurant owner and operator,"Warrant to purchase up to 23,750 units of Series D common stock",0,12/18/2013,24.0,0
328,"Benihana, Inc. (27)",Restaurant owner and operator,"First lien senior secured revolving loan ($1,292 par due 7/2018)",8.00% (Base Rate + 4.75%/Q),8/21/2012,1292.0,1241
329,"Benihana, Inc. (27)",Restaurant owner and operator,"First lien senior secured loan ($4,863 par due 1/2019)",7.25% (Libor + 6.00%/Q),8/21/2012,4839.0,4645
330,"Benihana, Inc. (27)",Restaurant owner and operator,First lien senior secured loan ($12 par due 1/2019),8.00% (Base Rate + 4.75%/Q),8/21/2012,12.0,12
331,"DineInFresh, Inc.",Meal-delivery provider,"First lien senior secured loan ($7,500 par due 7/2018)",9.75% (Libor + 8.75%/M),12/19/2014,7435.0,7500
332,"DineInFresh, Inc.",Meal-delivery provider,"Warrant to purchase up to 143,079 shares of Series A preferred stock",0,12/19/2014,0.0,4
333,Garden Fresh Restaurant Corp. (27),Restaurant owner and operator,"First lien senior secured revolving loan ($1,100 par due 7/2018)",10.50% (Libor + 9.00%/M),10/3/2013,1100.0,1100
334,Garden Fresh Restaurant Corp. (27),Restaurant owner and operator,"First lien senior secured loan ($41,070 par due 7/2018)",10.50% (Libor + 9.00%/M),10/3/2013,41070.0,41070
335,"Global Franchise Group, LLC and GFG Intermediate Holding, Inc.",Worldwide franchisor of quick service restaurants,"First lien senior secured loan ($62,500 par due 12/2019)",10.55% (Libor + 9.55%/Q),12/18/2014,62500.0,62500
336,"Orion Foods, LLC (8)",Convenience food service retailer,"First lien senior secured loan ($7,536 par due 9/2015)",0,4/1/2010,7536.0,3699
337,"Orion Foods, LLC (8)",Convenience food service retailer,"Second lien senior secured loan ($19,420 par due 9/2015)",0,4/1/2010,0.0,0
338,"Orion Foods, LLC (8)",Convenience food service retailer,"Preferred units (10,000 units)",0,10/28/2010,0.0,0
339,"Orion Foods, LLC (8)",Convenience food service retailer,"Class A common units (25,001 units)",0,4/1/2010,0.0,0
340,"Orion Foods, LLC (8)",Convenience food service retailer,"Class B common units (1,122,452 units)",0,4/1/2010,0.0,0
341,"OTG Management, LLC (27)",Airport restaurant operator,"First lien senior secured loan ($10,250 par due 12/2017)",8.75% (Libor + 7.25%/Q),12/11/2012,10250.0,10250
342,"OTG Management, LLC (27)",Airport restaurant operator,"First lien senior secured loan ($22,101 par due 12/2017)",8.75% (Libor + 7.25%/Q),12/11/2012,22101.0,22101
343,"OTG Management, LLC (27)",Airport restaurant operator,"First lien senior secured loan ($24,688 par due 12/2017)",8.75% (Libor + 7.25%/Q),12/11/2012,24688.0,24688
344,"OTG Management, LLC (27)",Airport restaurant operator,"Common units (3,000,000 units)",0,1/5/2011,3000.0,5239
345,"OTG Management, LLC (27)",Airport restaurant operator,Warrant to purchase up to 7.73% of common units,0,6/19/2008,100.0,10451
346,"Restaurant Holding Company, LLC",Fast food restaurant operator,"First lien senior secured loan ($36,402 par due 2/2019)",8.75% (Libor + 7.75%/M),3/13/2014,36151.0,34218
347,Wellspring Distribution Corp,Food service distributor,"Class A non-voting common stock (1,366,120 shares)",0,5/3/2008,6303.0,11896
348,"AEP Holdings, Inc. and Arrowhead Holdco Company","Distributor of non-discretionary, mission-critical aftermarket replacement parts","First lien senior secured loan ($64,955 par due 8/2021)",7.25% (Libor + 6.25%/Q),8/31/2015,64955.0,64955
349,"AEP Holdings, Inc. and Arrowhead Holdco Company","Distributor of non-discretionary, mission-critical aftermarket replacement parts","First lien senior secured loan ($1,295 par due 8/2021)",8.50% (Base Rate + 5.25%/Q),8/31/2015,1295.0,1295
350,"AEP Holdings, Inc. and Arrowhead Holdco Company","Distributor of non-discretionary, mission-critical aftermarket replacement parts","Common stock (2,500 shares)",0,8/31/2015,2500.0,2500
351,"ChargePoint, Inc.",Developer and operator of electric vehicle charging stations,"First lien senior secured loan ($10,000 par due 7/2019)",9.75% (Libor + 8.75%/M),12/24/2014,9808.0,10000
352,"ChargePoint, Inc.",Developer and operator of electric vehicle charging stations,"First lien senior secured loan ($10,000 par due 1/2019)",9.75% (Libor + 8.75%/M),12/24/2014,9543.0,10000
353,"ChargePoint, Inc.",Developer and operator of electric vehicle charging stations,"Warrant to purchase up to 404,563 shares of Series E preferred stock",0,12/24/2014,327.0,327
354,"Dent Wizard International Corporation and DWH Equity Investors, L.P.",Automotive reconditioning services,"Second lien senior secured loan ($50,000 par due 10/2020)",10.25% (Libor + 9.25%/Q),4/7/2015,50000.0,50000
355,"Dent Wizard International Corporation and DWH Equity Investors, L.P.",Automotive reconditioning services,"Class A common stock (10,000 shares)",0,4/7/2015,333.0,408
356,"Dent Wizard International Corporation and DWH Equity Investors, L.P.",Automotive reconditioning services,"Class B common stock (20,000 shares)",0,4/7/2015,667.0,815
357,"Eckler Industries, Inc. (27)",Restoration parts and accessories provider for classic automobiles,"First lien senior secured revolving loan ($4,800 par due 7/2017)",10.25% (Base Rate + 7.00%/Q),7/12/2012,4800.0,4560
358,"Eckler Industries, Inc. (27)",Restoration parts and accessories provider for classic automobiles,"First lien senior secured loan ($7,829 par due 7/2017)",10.25% (Base Rate + 7.00%/M),7/12/2012,7829.0,7437
359,"Eckler Industries, Inc. (27)",Restoration parts and accessories provider for classic automobiles,"First lien senior secured loan ($29,476 par due 7/2017)",10.25% (Base Rate + 7.00%/M),7/12/2012,29476.0,28002
360,"Eckler Industries, Inc. (27)",Restoration parts and accessories provider for classic automobiles,"Series A preferred stock (1,800 shares)",0,7/12/2012,1800.0,0
361,"Eckler Industries, Inc. (27)",Restoration parts and accessories provider for classic automobiles,"Common stock (20,000 shares)",0,7/12/2012,200.0,0
362,"EcoMotors, Inc.",Engine developer,"First lien senior secured loan ($11,480 par due 3/2018)",11.00%,9/1/2015,10784.0,11480
363,"EcoMotors, Inc.",Engine developer,"Warrant to purchase up to 321,888 shares of Series C preferred stock",0,12/28/2012,0.0,284
364,"EcoMotors, Inc.",Engine developer,"Warrant to purchase up to 70,000 shares of Series C preferred stock",0,2/24/2015,0.0,62
365,Mavis Tire Supply LLC,Auto parts retailer,"First lien senior secured loan ($16,381 par due 10/2020)",6.25% (Libor + 5.25%/Q),8/5/2015,16136.0,16218
366,"Simpson Performance Products, Inc.",Provider of motorsports safety equipment,"First lien senior secured loan ($19,500 par due 2/2020)",9.80% (Libor + 8.80%/Q),2/20/2015,19500.0,19500
367,"SK SPV IV, LLC",Collision repair site operators,"Series A common stock (12,500 units)",0,8/18/2014,571.0,2585
368,"SK SPV IV, LLC",Collision repair site operators,"Series B common stock (12,500 units)",0,8/18/2014,571.0,2585
369,"TA THI Buyer, Inc. and TA THI Parent, Inc.",Collision repair company,"Series A Preferred stock (50,000 shares)",0,7/28/2014,5000.0,8038
370,American Seafoods Group LLC and American Seafoods Partners LLC (27),Harvester and processor of seafood,"First lien senior secured revolving loan ($1,267 par due 8/2021)",7.25% (Base Rate + 4.00%/Q),8/19/2015,1267.0,1267
371,American Seafoods Group LLC and American Seafoods Partners LLC (27),Harvester and processor of seafood,First lien senior secured revolving loan ($792 par due 8/2021),6.00% (Libor + 5.00%/M),8/19/2015,792.0,792
372,American Seafoods Group LLC and American Seafoods Partners LLC (27),Harvester and processor of seafood,"First lien senior secured loan ($39,900 par due 8/2021)",7.25% (Base Rate + 4.00%/Q),8/19/2015,39340.0,39501
373,American Seafoods Group LLC and American Seafoods Partners LLC (27),Harvester and processor of seafood,"Second lien senior secured loan ($55,000 par due 2/2022)",11.25% (Base Rate + 8.00%/Q),8/19/2015,55000.0,55000
374,American Seafoods Group LLC and American Seafoods Partners LLC (27),Harvester and processor of seafood,"Class A units (77,922 units)",0,8/19/2015,78.0,78
375,American Seafoods Group LLC and American Seafoods Partners LLC (27),Harvester and processor of seafood,"Warrant to purchase up to 7,422,078 Class A units",0,8/19/2015,7422.0,7422
376,GF Parent LLC,"Producer of low-acid, aseptic food and beverage products","Class A Preferred Units (2,940 units)",0,5/13/2015,2940.0,2788
377,GF Parent LLC,"Producer of low-acid, aseptic food and beverage products","Class A Common Units (60,000 units)",0,5/13/2015,60.0,0
378,"Kettle Cuisine, LLC",Manufacturer of fresh refrigerated and frozen food products,"Second lien senior secured loan ($28,500 par due 2/2022)",11.75% (Base Rate + 8.50%/Q),8/21/2015,28500.0,28500
379,Fulton Holdings Corp.,Airport restaurant operator,"First lien senior secured loan ($9,000 par due 5/2018)",8.50%,5/10/2013,9000.0,9000
380,Fulton Holdings Corp.,Airport restaurant operator,"First lien senior secured loan ($54,000 par due 5/2018)",8.50%,5/28/2010,54000.0,54000
381,Fulton Holdings Corp.,Airport restaurant operator,"First lien senior secured loan ($20,000 par due 5/2018)",8.50%,5/10/2013,20000.0,20000
382,Fulton Holdings Corp.,Airport restaurant operator,"Common stock (19,672 shares)",0,5/28/2010,1461.0,5899
383,"Paper Source, Inc. and Pine Holdings, Inc. (27)",Retailer of fine and artisanal paper products,First lien senior secured revolving loan ($667 par due 9/2018),7.25% (Libor + 6.25%/Q),9/23/2013,667.0,667
384,"Paper Source, Inc. and Pine Holdings, Inc. (27)",Retailer of fine and artisanal paper products,First lien senior secured revolving loan ($667 par due 9/2018),8.25% (Base Rate + 5.00%/Q),9/23/2013,667.0,667
385,"Paper Source, Inc. and Pine Holdings, Inc. (27)",Retailer of fine and artisanal paper products,"First lien senior secured loan ($9,825 par due 9/2018)",7.25% (Libor + 6.25%/Q),9/23/2013,9825.0,9825
386,"Paper Source, Inc. and Pine Holdings, Inc. (27)",Retailer of fine and artisanal paper products,"Class A common stock (36,364 shares)",0,9/23/2013,6000.0,7781
387,"Things Remembered, Inc. and TRM Holdings Corporation (27)",Personalized gifts retailer,"First lien senior secured revolving loan ($1,167 par due 5/2017)",6.83% (Libor + 6.50%/Q),5/24/2012,1167.0,992
388,"Things Remembered, Inc. and TRM Holdings Corporation (27)",Personalized gifts retailer,"First lien senior secured loan ($13,025 par due 5/2018)",8.25% (Libor + 6.75%/Q),5/24/2012,13025.0,11072
389,"10th Street, LLC and New 10th Street, LLC (8)",Real estate holding company,"First lien senior secured loan ($25,256 par due 11/2019)","7.00% Cash, 1.00% PIK",3/31/2014,25256.0,25256
390,"10th Street, LLC and New 10th Street, LLC (8)",Real estate holding company,"Senior subordinated loan ($27,167 par due 11/2019)","7.00% Cash, 1.00% PIK",4/1/2010,27167.0,27167
391,"10th Street, LLC and New 10th Street, LLC (8)",Real estate holding company,Member interest (10.00% interest),0,4/1/2010,594.0,49537
392,"10th Street, LLC and New 10th Street, LLC (8)",Real estate holding company,"Option (25,000 units)",0,4/1/2010,25.0,25
393,"Cleveland East Equity, LLC",Hotel operator,Real estate equity interests,0,4/1/2010,0.0,1093
394,"Commons R-3, LLC",Real estate developer,Real estate equity interests,0,4/1/2010,0.0,0
395,"Crescent Hotels & Resorts, LLC and affiliates (8)",Hotel operator,"Senior subordinated loan ($2,236 par due 9/2011)",15.00%,4/1/2010,0.0,0
396,"Crescent Hotels & Resorts, LLC and affiliates (8)",Hotel operator,Common equity interest,0,4/1/2010,0.0,0
397,"NPH, Inc.",Hotel property,Real estate equity interests,0,4/1/2010,1691.0,1263
398,"Genomatica, Inc.",Developer of a biotechnology platform for the production of chemical products,"Warrant to purchase 322,422 shares of Series D preferred stock",0,3/28/2013,0.0,6
399,"K2 Pure Solutions Nocal, L.P. (27)",Chemical producer,"First lien senior secured revolving loan ($5,000 par due 8/2019)",9.13% (Libor + 8.13%/M),8/19/2013,5000.0,4900
400,"K2 Pure Solutions Nocal, L.P. (27)",Chemical producer,"First lien senior secured loan ($20,828 par due 8/2019)",8.00% (Libor + 7.00%/M),8/19/2013,20828.0,20412
401,"K2 Pure Solutions Nocal, L.P. (27)",Chemical producer,"First lien senior secured loan ($38,750 par due 8/2019)",8.00% (Libor + 7.00%/M),8/19/2013,38750.0,37975
402,"K2 Pure Solutions Nocal, L.P. (27)",Chemical producer,"First lien senior secured loan ($19,375 par due 8/2019)",8.00% (Libor + 7.00%/M),8/19/2013,19375.0,18987
403,"Kinestral Technologies, Inc.","Designer of adaptive, dynamic glass for the commercial and residential markets","First lien senior secured loan ($10,000 par due 10/2018)",8.75% (Libor + 7.75%/M),4/22/2014,9843.0,10000
404,"Kinestral Technologies, Inc.","Designer of adaptive, dynamic glass for the commercial and residential markets","Warrant to purchase up to 325,000 shares of Series A preferred stock",0,4/22/2014,73.0,107
405,"Kinestral Technologies, Inc.","Designer of adaptive, dynamic glass for the commercial and residential markets","Warrant to purchase up to 131,883 shares of Series B preferred stock",0,4/9/2015,0.0,43
406,"Liquid Light, Inc.",Developer and licensor of process technology for the conversion of carbon dioxide into major chemicals,"First lien senior secured loan ($2,889 par due 11/2017)",10.00%,8/13/2014,2840.0,2889
407,"Liquid Light, Inc.",Developer and licensor of process technology for the conversion of carbon dioxide into major chemicals,"Warrant to purchase up to 86,009 shares of Series B preferred stock",0,8/13/2014,77.0,74
408,"Aimbridge Hospitality Holdings, LLC (27)",Hotel operator,"First lien senior secured loan ($18,305 par due 10/2018)",8.25% (Libor + 7.00%/M),7/15/2015,18045.0,18305
409,Castle Management Borrower LLC,Hotel operator,"First lien senior secured loan ($5,970 par due 9/2020)",5.50% (Libor + 4.50%/Q),10/17/2014,5970.0,5970
410,Castle Management Borrower LLC,Hotel operator,"Second lien senior secured loan ($55,000 par due 3/2021)",11.00% (Libor + 10.00%/Q),10/17/2014,55000.0,55000
411,Castle Management Borrower LLC,Hotel operator,"Second lien senior secured loan ($10,000 par due 3/2021)",11.00% (Libor + 10.00%/Q),10/17/2014,10000.0,10000
412,"Cadence Aerospace, LLC",Aerospace precision components manufacturer,"First lien senior secured loan ($4,186 par due 5/2018)",6.50% (Libor + 5.25%/Q),5/15/2012,4167.0,4186
413,"Cadence Aerospace, LLC",Aerospace precision components manufacturer,"Second lien senior secured loan ($79,657 par due 5/2019)",10.50% (Libor + 9.25%/Q),5/10/2012,79657.0,78861
414,"Wyle Laboratories, Inc. and Wyle Holdings, Inc.","Provider of specialized engineering, scientific and technical services",Senior preferred stock (775 shares),8.00% PIK,1/17/2008,128.0,126
415,"Wyle Laboratories, Inc. and Wyle Holdings, Inc.","Provider of specialized engineering, scientific and technical services","Common stock (1,885,195 shares)",0,1/17/2008,2291.0,2468
416,"RE Community Holdings II, Inc., Pegasus Community Energy, LLC., and MPH Energy Holdings, LP",Operator of municipal recycling facilities,"Preferred stock (1,000 shares)",0,3/1/2011,8839.0,0
417,"RE Community Holdings II, Inc., Pegasus Community Energy, LLC., and MPH Energy Holdings, LP",Operator of municipal recycling facilities,Limited partnership interest (3.13% interest),0,1/8/2014,0.0,0
418,"Waste Pro USA, Inc",Waste management services,"Second lien senior secured loan ($76,919 par due 10/2020)",8.50% (Libor + 7.50%/Q),10/15/2014,76919.0,76919
419,"Athletic Club Holdings, Inc. (27)",Premier health club operator,"First lien senior secured loan ($41,000 par due 10/2020)",9.50% (Libor + 8.50%/M),10/11/2007,41000.0,41000
420,"CFW Co-Invest, L.P., NCP Curves, L.P. and Curves International Holdings, Inc.",Health club franchisor,"Limited partnership interest (4,152,165 shares)",0,7/31/2012,4152.0,3619
421,"CFW Co-Invest, L.P., NCP Curves, L.P. and Curves International Holdings, Inc.",Health club franchisor,"Limited partnership interest (2,218,235 shares)",0,7/31/2012,2218.0,1933
422,"CFW Co-Invest, L.P., NCP Curves, L.P. and Curves International Holdings, Inc.",Health club franchisor,"Common stock (1,680 shares)",0,11/12/2014,0.0,0
423,"Flow Solutions Holdings, Inc.","Distributor of high value fluid handling, filtration and flow control products","Second lien senior secured loan ($6,000 par due 10/2018)",10.00% (Libor + 9.00%/M),12/16/2014,35500.0,34790
424,Adaptive Mobile Security Limited (9),Developer of security software for mobile communications networks,"First lien senior secured loan ($3,765 par due 7/2018)",10.00% (Libor + 9.00%/M),1/16/2015,3498.0,3562
425,Adaptive Mobile Security Limited (9),Developer of security software for mobile communications networks,First lien senior secured loan ($810 par due 7/2018),10.00% (Libor + 9.00%/M),1/16/2015,854.0,804
426,"American Broadband Communications, LLC, American Broadband Holding Company, and Cameron Holdings of NC, Inc.",Broadband communication services,Warrant to purchase up to 208 shares,0,11/7/2007,0.0,7427
427,"American Broadband Communications, LLC, American Broadband Holding Company, and Cameron Holdings of NC, Inc.",Broadband communication services,Warrant to purchase up to 200 shares,0,9/1/2010,0.0,7142
428,"Startec Equity, LLC (8)",Communication services,Member interest,0,4/1/2010,0.0,0
429,Wilcon Holdings LLC,Communications infrastructure provider,"Class A common stock (2,000,000 shares)",0,12/13/2013,1829.0,2308
430,"Batanga, Inc. (27)",Independent digital media company,"First lien senior secured revolving loan ($3,000 par due 12/2015)",10.00%,10/31/2012,3000.0,3000
431,"Batanga, Inc. (27)",Independent digital media company,"First lien senior secured loan ($6,590 par due 6/2017)",10.60%,10/31/2012,6590.0,6590
432,"Earthcolor Group, LLC",Printing management services,Limited liability company interests (9.30%),0,5/18/2012,0.0,0
433,"The Teaching Company, LLC and The Teaching Company Holdings, Inc.",Education publications provider,"Preferred stock (10,663 shares)",0,9/29/2006,1066.0,3549
434,"The Teaching Company, LLC and The Teaching Company Holdings, Inc.",Education publications provider,"Common stock (15,393 shares)",0,9/29/2006,3.0,8
435,"Everspin Technologies, Inc. (27)",Designer and manufacturer of computer memory solutions,"First lien senior secured loan ($8,000 par due 6/2019)",8.75% (Libor + 7.75%/M),6/5/2015,7499.0,7760
436,"Everspin Technologies, Inc. (27)",Designer and manufacturer of computer memory solutions,"Warrant to purchase up to 480,000 shares of Series B preferred stock",0,6/5/2015,355.0,355
